Benchmark run: 2026-01-30
Command: target/release/uniprot_etl --config test_config.yaml --input data/bench/bench_small.xml.gz --output data/parquet/bench_small.parquet --fasta-sidecar data/bench/bench_sidecar.fasta.gz
Input:
-rw-r--r--@ 1 filiprumenovski  staff   270K Jan 30 19:02 data/bench/bench_sidecar.fasta.gz
-rw-r--r--@ 1 filiprumenovski  staff   9.1M Jan 30 19:02 data/bench/bench_small.xml.gz
System:
Darwin Filips-MacBook-Air.local 25.2.0 Darwin Kernel Version 25.2.0: Tue Nov 18 21:08:48 PST 2025; root:xnu-12377.61.12~1/RELEASE_ARM64_T8132 arm64
Apple M4
17179869184
----
[INFO] Loaded config from "test_config.yaml" (version: 1.0)
[INFO] CLI override: input_path
[INFO] CLI override: output_path
[INFO] CLI override: fasta_sidecar_path
[INFO] Run ID: run_20260131_000234
[INFO] Run directory: /Users/filiprumenovski/Code/UniProt_ETL/runs/run_20260131_000234
[INFO] Config snapshot saved to /Users/filiprumenovski/Code/UniProt_ETL/runs/run_20260131_000234/config_snapshot.yaml
[INFO] Configuration ready
[INFO]   Input: /Users/filiprumenovski/Code/UniProt_ETL/data/bench/bench_small.xml.gz
[INFO]   Output: /Users/filiprumenovski/Code/UniProt_ETL/data/parquet/bench_small.parquet
[INFO]   FASTA sidecar: /Users/filiprumenovski/Code/UniProt_ETL/data/bench/bench_sidecar.fasta.gz
[INFO]   Batch size: 10000
[INFO]   Channel capacity: 8
[INFO]   Zstd level: 3
[INFO] Metrics server started on http://127.0.0.1:9090
[INFO] Metrics server listening on http://127.0.0.1:9090
[PTM_FAIL] code=VSP_DELETION_EVENT parent_id=P31946 id=P31946-2 original_index=1 mapped_index=?
[PTM_FAIL] code=VSP_DELETION_EVENT parent_id=P31946 id=P31946-2 original_index=2 mapped_index=?
[PTM_FAIL] code=VSP_DELETION_EVENT parent_id=P31946 id=P31946-2 original_index=2 mapped_index=?
[PTM_FAIL] code=RESIDUE_MISMATCH parent_id=P31946 id=P31946-2 original_index=5 mapped_index=3 original_aa=K isoform_aa=M shift=-2 vsp_count=1
[PTM_FAIL] code=RESIDUE_MISMATCH parent_id=P31946 id=P31946-2 original_index=51 mapped_index=49 original_aa=K isoform_aa=A shift=-2 vsp_count=1
[PTM_FAIL] code=RESIDUE_MISMATCH parent_id=P31946 id=P31946-2 original_index=60 mapped_index=58 original_aa=S isoform_aa=R shift=-2 vsp_count=1
[PTM_FAIL] code=RESIDUE_MISMATCH parent_id=P31946 id=P31946-2 original_index=70 mapped_index=68 original_aa=K isoform_aa=E shift=-2 vsp_count=1
[PTM_FAIL] code=RESIDUE_MISMATCH parent_id=P31946 id=P31946-2 original_index=84 mapped_index=82 original_aa=Y isoform_aa=K shift=-2 vsp_count=1
[PTM_FAIL] code=RESIDUE_MISMATCH parent_id=P31946 id=P31946-2 original_index=106 mapped_index=104 original_aa=Y isoform_aa=D shift=-2 vsp_count=1
[PTM_FAIL] code=RESIDUE_MISMATCH parent_id=P31946 id=P31946-2 original_index=117 mapped_index=115 original_aa=K isoform_aa=E shift=-2 vsp_count=1
[PTM_FAIL] code=RESIDUE_MISMATCH parent_id=P31946 id=P31946-2 original_index=186 mapped_index=184 original_aa=S isoform_aa=L shift=-2 vsp_count=1
[PTM_FAIL] code=RESIDUE_MISMATCH parent_id=P31946 id=P31946-2 original_index=232 mapped_index=230 original_aa=S isoform_aa=W shift=-2 vsp_count=1
[PTM_FAIL] code=RESIDUE_MISMATCH parent_id=P31946 id=P31946-2 original_index=51 mapped_index=49 original_aa=K isoform_aa=A shift=-2 vsp_count=1
[PTM_FAIL] code=VSP_DELETION_EVENT parent_id=P31946 id=P31946-2 original_index=1 mapped_index=?
[PTM_FAIL] code=VSP_UNRESOLVABLE parent_id=P63104 id=P63104-2 original_index=3 mapped_index=?
[PTM_FAIL] code=VSP_UNRESOLVABLE parent_id=P63104 id=P63104-2 original_index=58 mapped_index=?
[PTM_FAIL] code=VSP_UNRESOLVABLE parent_id=P63104 id=P63104-2 original_index=68 mapped_index=?
[PTM_FAIL] code=RESIDUE_MISMATCH parent_id=P63104 id=P63104-2 original_index=184 mapped_index=109 original_aa=S isoform_aa=A shift=-75 vsp_count=1
[PTM_FAIL] code=RESIDUE_MISMATCH parent_id=P63104 id=P63104-2 original_index=207 mapped_index=132 original_aa=S isoform_aa=V shift=-75 vsp_count=1
[PTM_FAIL] code=RESIDUE_MISMATCH parent_id=P63104 id=P63104-2 original_index=210 mapped_index=135 original_aa=S isoform_aa=G shift=-75 vsp_count=1
[PTM_FAIL] code=RESIDUE_MISMATCH parent_id=P63104 id=P63104-2 original_index=232 mapped_index=157 original_aa=T isoform_aa=K shift=-75 vsp_count=1
[PTM_FAIL] code=VSP_DELETION_EVENT parent_id=P62258 id=P62258-2 original_index=1 mapped_index=?
[PTM_FAIL] code=RESIDUE_MISMATCH parent_id=P62258 id=P62258-2 original_index=65 mapped_index=43 original_aa=S isoform_aa=N shift=-22 vsp_count=1
[PTM_FAIL] code=RESIDUE_MISMATCH parent_id=P62258 id=P62258-2 original_index=69 mapped_index=47 original_aa=K isoform_aa=V shift=-22 vsp_count=1
[PTM_FAIL] code=RESIDUE_MISMATCH parent_id=P62258 id=P62258-2 original_index=118 mapped_index=96 original_aa=K isoform_aa=I shift=-22 vsp_count=1
[PTM_FAIL] code=RESIDUE_MISMATCH parent_id=P62258 id=P62258-2 original_index=123 mapped_index=101 original_aa=K isoform_aa=L shift=-22 vsp_count=1
[PTM_FAIL] code=RESIDUE_MISMATCH parent_id=P62258 id=P62258-2 original_index=131 mapped_index=109 original_aa=Y isoform_aa=I shift=-22 vsp_count=1
[PTM_FAIL] code=RESIDUE_MISMATCH parent_id=P62258 id=P62258-2 original_index=137 mapped_index=115 original_aa=T isoform_aa=G shift=-22 vsp_count=1
[PTM_FAIL] code=RESIDUE_MISMATCH parent_id=P62258 id=P62258-2 original_index=210 mapped_index=188 original_aa=S isoform_aa=P shift=-22 vsp_count=1
[PTM_FAIL] code=RESIDUE_MISMATCH parent_id=P62258 id=P62258-2 original_index=232 mapped_index=210 original_aa=T isoform_aa=S shift=-22 vsp_count=1
[PTM_FAIL] code=VSP_UNRESOLVABLE parent_id=Q15172 id=Q15172-2 original_index=2 mapped_index=?
[PTM_FAIL] code=VSP_UNRESOLVABLE parent_id=Q15172 id=Q15172-2 original_index=41 mapped_index=?
[PTM_FAIL] code=VSP_UNRESOLVABLE parent_id=Q15172 id=Q15172-2 original_index=42 mapped_index=?
[PTM_FAIL] code=VSP_UNRESOLVABLE parent_id=Q15172 id=Q15172-2 original_index=49 mapped_index=?
[PTM_FAIL] code=RESIDUE_MISMATCH parent_id=Q15173 id=Q15173-2 original_index=32 mapped_index=29 original_aa=S isoform_aa=D shift=-3 vsp_count=1
[PTM_FAIL] code=RESIDUE_MISMATCH parent_id=Q15173 id=Q15173-2 original_index=44 mapped_index=41 original_aa=S isoform_aa=P shift=-3 vsp_count=1
[PTM_FAIL] code=RESIDUE_MISMATCH parent_id=Q15173 id=Q15173-2 original_index=46 mapped_index=43 original_aa=S isoform_aa=R shift=-3 vsp_count=1
[PTM_FAIL] code=RESIDUE_MISMATCH parent_id=Q15173 id=Q15173-2 original_index=48 mapped_index=45 original_aa=S isoform_aa=H shift=-3 vsp_count=1
[PTM_FAIL] code=VSP_DELETION_EVENT parent_id=Q14738 id=Q14738-2 original_index=88 mapped_index=?
[PTM_FAIL] code=VSP_DELETION_EVENT parent_id=Q14738 id=Q14738-2 original_index=89 mapped_index=?
[PTM_FAIL] code=VSP_DELETION_EVENT parent_id=Q14738 id=Q14738-2 original_index=90 mapped_index=?
[PTM_FAIL] code=RESIDUE_MISMATCH parent_id=Q14738 id=Q14738-2 original_index=573 mapped_index=541 original_aa=S isoform_aa=A shift=-32 vsp_count=1
[PTM_FAIL] code=RESIDUE_MISMATCH parent_id=Q14738 id=Q14738-2 original_index=598 mapped_index=566 original_aa=S isoform_aa=K shift=-32 vsp_count=1
[PTM_FAIL] code=VSP_DELETION_EVENT parent_id=Q14738 id=Q14738-3 original_index=63 mapped_index=?
[PTM_FAIL] code=VSP_DELETION_EVENT parent_id=Q14738 id=Q14738-3 original_index=88 mapped_index=?
[PTM_FAIL] code=VSP_DELETION_EVENT parent_id=Q14738 id=Q14738-3 original_index=89 mapped_index=?
[PTM_FAIL] code=VSP_DELETION_EVENT parent_id=Q14738 id=Q14738-3 original_index=90 mapped_index=?
[PTM_FAIL] code=RESIDUE_MISMATCH parent_id=Q14738 id=Q14738-3 original_index=573 mapped_index=467 original_aa=S isoform_aa=Y shift=-106 vsp_count=1
[PTM_FAIL] code=RESIDUE_MISMATCH parent_id=Q14738 id=Q14738-3 original_index=598 mapped_index=492 original_aa=S isoform_aa=K shift=-106 vsp_count=1
[PTM_FAIL] code=VSP_UNRESOLVABLE parent_id=P63151 id=P63151-2 original_index=2 mapped_index=?
[PTM_FAIL] code=RESIDUE_MISMATCH parent_id=Q00005 id=Q00005-2 original_index=295 mapped_index=298 original_aa=Y isoform_aa=T shift=3 vsp_count=1
[PTM_FAIL] code=RESIDUE_MISMATCH parent_id=Q00005 id=Q00005-2 original_index=298 mapped_index=301 original_aa=T isoform_aa=Y shift=3 vsp_count=1
[PTM_FAIL] code=RESIDUE_MISMATCH parent_id=Q00005 id=Q00005-3 original_index=275 mapped_index=281 original_aa=S isoform_aa=I shift=6 vsp_count=1
[PTM_FAIL] code=RESIDUE_MISMATCH parent_id=Q00005 id=Q00005-3 original_index=298 mapped_index=304 original_aa=T isoform_aa=V shift=6 vsp_count=1
[PTM_FAIL] code=RESIDUE_MISMATCH parent_id=Q00005 id=Q00005-4 original_index=275 mapped_index=333 original_aa=S isoform_aa=Y shift=58 vsp_count=1
[PTM_FAIL] code=RESIDUE_MISMATCH parent_id=Q00005 id=Q00005-4 original_index=295 mapped_index=353 original_aa=Y isoform_aa=I shift=58 vsp_count=1
[PTM_FAIL] code=RESIDUE_MISMATCH parent_id=Q00005 id=Q00005-4 original_index=298 mapped_index=356 original_aa=T isoform_aa=G shift=58 vsp_count=1
[PTM_FAIL] code=RESIDUE_MISMATCH parent_id=Q00005 id=Q00005-5 original_index=275 mapped_index=341 original_aa=S isoform_aa=K shift=66 vsp_count=1
[PTM_FAIL] code=RESIDUE_MISMATCH parent_id=Q00005 id=Q00005-5 original_index=295 mapped_index=361 original_aa=Y isoform_aa=F shift=66 vsp_count=1
[PTM_FAIL] code=RESIDUE_MISMATCH parent_id=Q00005 id=Q00005-5 original_index=298 mapped_index=364 original_aa=T isoform_aa=M shift=66 vsp_count=1
[PTM_FAIL] code=RESIDUE_MISMATCH parent_id=Q00005 id=Q00005-6 original_index=275 mapped_index=264 original_aa=S isoform_aa=F shift=-11 vsp_count=1
[PTM_FAIL] code=RESIDUE_MISMATCH parent_id=Q00005 id=Q00005-6 original_index=295 mapped_index=284 original_aa=Y isoform_aa=I shift=-11 vsp_count=1
[PTM_FAIL] code=RESIDUE_MISMATCH parent_id=Q00005 id=Q00005-6 original_index=298 mapped_index=287 original_aa=T isoform_aa=V shift=-11 vsp_count=1
[PTM_FAIL] code=RESIDUE_MISMATCH parent_id=Q00005 id=Q00005-7 original_index=275 mapped_index=381 original_aa=S isoform_aa=N shift=106 vsp_count=1
[PTM_FAIL] code=RESIDUE_MISMATCH parent_id=Q00005 id=Q00005-7 original_index=295 mapped_index=401 original_aa=Y isoform_aa=K shift=106 vsp_count=1
[PTM_FAIL] code=RESIDUE_MISMATCH parent_id=Q00005 id=Q00005-7 original_index=298 mapped_index=404 original_aa=T isoform_aa=I shift=106 vsp_count=1
[PTM_FAIL] code=VSP_DELETION_EVENT parent_id=Q16537 id=Q16537-3 original_index=2 mapped_index=?
[PTM_FAIL] code=VSP_DELETION_EVENT parent_id=Q16537 id=Q16537-3 original_index=7 mapped_index=?
[PTM_FAIL] code=VSP_DELETION_EVENT parent_id=Q16537 id=Q16537-3 original_index=30 mapped_index=?
[PTM_FAIL] code=VSP_DELETION_EVENT parent_id=Q16537 id=Q16537-3 original_index=32 mapped_index=?
[PTM_FAIL] code=VSP_DELETION_EVENT parent_id=Q16537 id=Q16537-3 original_index=34 mapped_index=?
[PTM_FAIL] code=RESIDUE_MISMATCH parent_id=P78314 id=P78314-3 original_index=174 mapped_index=202 original_aa=Y isoform_aa=P shift=28 vsp_count=1
[PTM_FAIL] code=RESIDUE_MISMATCH parent_id=P78314 id=P78314-3 original_index=183 mapped_index=211 original_aa=Y isoform_aa=T shift=28 vsp_count=1
[PTM_FAIL] code=RESIDUE_MISMATCH parent_id=P78314 id=P78314-3 original_index=278 mapped_index=306 original_aa=S isoform_aa=E shift=28 vsp_count=1
[PTM_FAIL] code=RESIDUE_MISMATCH parent_id=P78314 id=P78314-3 original_index=427 mapped_index=455 original_aa=S isoform_aa=N shift=28 vsp_count=1
[PTM_FAIL] code=RESIDUE_MISMATCH parent_id=P78314 id=P78314-3 original_index=448 mapped_index=476 original_aa=Y isoform_aa=P shift=28 vsp_count=1
[PTM_FAIL] code=RESIDUE_MISMATCH parent_id=P78314 id=P78314-4 original_index=174 mapped_index=231 original_aa=Y isoform_aa=P shift=57 vsp_count=1
[PTM_FAIL] code=RESIDUE_MISMATCH parent_id=P78314 id=P78314-4 original_index=183 mapped_index=240 original_aa=Y isoform_aa=P shift=57 vsp_count=1
[PTM_FAIL] code=RESIDUE_MISMATCH parent_id=P78314 id=P78314-4 original_index=278 mapped_index=335 original_aa=S isoform_aa=K shift=57 vsp_count=1
[PTM_FAIL] code=RESIDUE_MISMATCH parent_id=P78314 id=P78314-4 original_index=416 mapped_index=473 original_aa=S isoform_aa=A shift=57 vsp_count=1
[PTM_FAIL] code=RESIDUE_MISMATCH parent_id=P78314 id=P78314-4 original_index=427 mapped_index=484 original_aa=S isoform_aa=L shift=57 vsp_count=1
[PTM_FAIL] code=RESIDUE_MISMATCH parent_id=P78314 id=P78314-4 original_index=448 mapped_index=505 original_aa=Y isoform_aa=S shift=57 vsp_count=1
[PTM_FAIL] code=VSP_UNRESOLVABLE parent_id=Q7L8J4 id=Q7L8J4-2 original_index=13 mapped_index=?
[PTM_FAIL] code=VSP_UNRESOLVABLE parent_id=Q7L8J4 id=Q7L8J4-2 original_index=30 mapped_index=?
[PTM_FAIL] code=VSP_UNRESOLVABLE parent_id=Q7L8J4 id=Q7L8J4-2 original_index=49 mapped_index=?
[PTM_FAIL] code=RESIDUE_MISMATCH parent_id=Q7L8J4 id=Q7L8J4-2 original_index=343 mapped_index=311 original_aa=S isoform_aa=A shift=-32 vsp_count=1
[PTM_FAIL] code=RESIDUE_MISMATCH parent_id=Q7L8J4 id=Q7L8J4-2 original_index=350 mapped_index=318 original_aa=S isoform_aa=E shift=-32 vsp_count=1
[PTM_FAIL] code=RESIDUE_MISMATCH parent_id=Q7L8J4 id=Q7L8J4-2 original_index=358 mapped_index=326 original_aa=S isoform_aa=P shift=-32 vsp_count=1
[PTM_FAIL] code=RESIDUE_MISMATCH parent_id=Q7L8J4 id=Q7L8J4-2 original_index=362 mapped_index=330 original_aa=S isoform_aa=T shift=-32 vsp_count=1
[PTM_FAIL] code=RESIDUE_MISMATCH parent_id=Q7L8J4 id=Q7L8J4-2 original_index=378 mapped_index=346 original_aa=S isoform_aa=Q shift=-32 vsp_count=1
[PTM_FAIL] code=RESIDUE_MISMATCH parent_id=O60239 id=O60239-2 original_index=351 mapped_index=194 original_aa=S isoform_aa=M shift=-157 vsp_count=1
[PTM_FAIL] code=RESIDUE_MISMATCH parent_id=O60239 id=O60239-2 original_index=375 mapped_index=218 original_aa=S isoform_aa=Y shift=-157 vsp_count=1
[PTM_FAIL] code=RESIDUE_MISMATCH parent_id=O60239 id=O60239-2 original_index=376 mapped_index=219 original_aa=S isoform_aa=Y shift=-157 vsp_count=1
[PTM_FAIL] code=RESIDUE_MISMATCH parent_id=O60239 id=O60239-2 original_index=418 mapped_index=261 original_aa=S isoform_aa=R shift=-157 vsp_count=1
[PTM_FAIL] code=RESIDUE_MISMATCH parent_id=P29372 id=P29372-4 original_index=252 mapped_index=247 original_aa=S isoform_aa=G shift=-5 vsp_count=1
[PTM_FAIL] code=RESIDUE_MISMATCH parent_id=P29372 id=P29372-5 original_index=78 mapped_index=61 original_aa=S isoform_aa=C shift=-17 vsp_count=1
[PTM_FAIL] code=RESIDUE_MISMATCH parent_id=P29372 id=P29372-5 original_index=252 mapped_index=235 original_aa=S isoform_aa=D shift=-17 vsp_count=1
[PTM_FAIL] code=RESIDUE_MISMATCH parent_id=Q9NRA8 id=Q9NRA8-3 original_index=693 mapped_index=694 original_aa=S isoform_aa=P shift=1 vsp_count=1
[PTM_FAIL] code=RESIDUE_MISMATCH parent_id=Q9NRA8 id=Q9NRA8-3 original_index=752 mapped_index=753 original_aa=S isoform_aa=P shift=1 vsp_count=1
[PTM_FAIL] code=RESIDUE_MISMATCH parent_id=Q9NRA8 id=Q9NRA8-3 original_index=920 mapped_index=921 original_aa=S isoform_aa=V shift=1 vsp_count=1
[PTM_FAIL] code=RESIDUE_MISMATCH parent_id=Q9NRA8 id=Q9NRA8-3 original_index=951 mapped_index=952 original_aa=S isoform_aa=P shift=1 vsp_count=1
[PTM_FAIL] code=VSP_DELETION_EVENT parent_id=P08195 id=P08195-2 original_index=1 mapped_index=?
[PTM_FAIL] code=RESIDUE_MISMATCH parent_id=P08195 id=P08195-2 original_index=103 mapped_index=2 original_aa=S isoform_aa=E shift=-101 vsp_count=1
[PTM_FAIL] code=RESIDUE_MISMATCH parent_id=P08195 id=P08195-2 original_index=106 mapped_index=5 original_aa=T isoform_aa=P shift=-101 vsp_count=1
[PTM_FAIL] code=RESIDUE_MISMATCH parent_id=P08195 id=P08195-2 original_index=134 mapped_index=33 original_aa=S isoform_aa=A shift=-101 vsp_count=1
[PTM_FAIL] code=RESIDUE_MISMATCH parent_id=P08195 id=P08195-2 original_index=165 mapped_index=64 original_aa=S isoform_aa=N shift=-101 vsp_count=1
[PTM_FAIL] code=RESIDUE_MISMATCH parent_id=P08195 id=P08195-2 original_index=406 mapped_index=305 original_aa=S isoform_aa=I shift=-101 vsp_count=1
[PTM_FAIL] code=RESIDUE_MISMATCH parent_id=P08195 id=P08195-2 original_index=408 mapped_index=307 original_aa=S isoform_aa=D shift=-101 vsp_count=1
[PTM_FAIL] code=RESIDUE_MISMATCH parent_id=P08195 id=P08195-2 original_index=410 mapped_index=309 original_aa=S isoform_aa=T shift=-101 vsp_count=1
[PTM_FAIL] code=RESIDUE_MISMATCH parent_id=P08195 id=P08195-2 original_index=527 mapped_index=426 original_aa=S isoform_aa=T shift=-101 vsp_count=1
[PTM_FAIL] code=RESIDUE_MISMATCH parent_id=P08195 id=P08195-2 original_index=531 mapped_index=430 original_aa=S isoform_aa=W shift=-101 vsp_count=1
[PTM_FAIL] code=RESIDUE_MISMATCH parent_id=P08195 id=P08195-2 original_index=365 mapped_index=264 original_aa=N isoform_aa=I shift=-101 vsp_count=1
[PTM_FAIL] code=RESIDUE_MISMATCH parent_id=P08195 id=P08195-2 original_index=381 mapped_index=280 original_aa=N isoform_aa=I shift=-101 vsp_count=1
[PTM_FAIL] code=RESIDUE_MISMATCH parent_id=P08195 id=P08195-2 original_index=424 mapped_index=323 original_aa=N isoform_aa=V shift=-101 vsp_count=1
[PTM_FAIL] code=RESIDUE_MISMATCH parent_id=P08195 id=P08195-2 original_index=506 mapped_index=405 original_aa=N isoform_aa=L shift=-101 vsp_count=1
[PTM_FAIL] code=RESIDUE_MISMATCH parent_id=P08195 id=P08195-2 original_index=147 mapped_index=46 original_aa=K isoform_aa=Q shift=-101 vsp_count=1
[PTM_FAIL] code=RESIDUE_MISMATCH parent_id=P08195 id=P08195-2 original_index=166 mapped_index=65 original_aa=K isoform_aa=A shift=-101 vsp_count=1
[PTM_FAIL] code=VSP_DELETION_EVENT parent_id=P08195 id=P08195-2 original_index=2 mapped_index=?
[PTM_FAIL] code=VSP_DELETION_EVENT parent_id=P08195 id=P08195-2 original_index=2 mapped_index=?
[PTM_FAIL] code=RESIDUE_MISMATCH parent_id=P08195 id=P08195-3 original_index=106 mapped_index=44 original_aa=T isoform_aa=V shift=-62 vsp_count=1
[PTM_FAIL] code=RESIDUE_MISMATCH parent_id=P08195 id=P08195-3 original_index=406 mapped_index=344 original_aa=S isoform_aa=G shift=-62 vsp_count=1
[PTM_FAIL] code=RESIDUE_MISMATCH parent_id=P08195 id=P08195-3 original_index=408 mapped_index=346 original_aa=S isoform_aa=Q shift=-62 vsp_count=1
[PTM_FAIL] code=RESIDUE_MISMATCH parent_id=P08195 id=P08195-3 original_index=410 mapped_index=348 original_aa=S isoform_aa=R shift=-62 vsp_count=1
[PTM_FAIL] code=RESIDUE_MISMATCH parent_id=P08195 id=P08195-3 original_index=527 mapped_index=465 original_aa=S isoform_aa=V shift=-62 vsp_count=1
[PTM_FAIL] code=RESIDUE_MISMATCH parent_id=P08195 id=P08195-3 original_index=531 mapped_index=469 original_aa=S isoform_aa=G shift=-62 vsp_count=1
[PTM_FAIL] code=RESIDUE_MISMATCH parent_id=P08195 id=P08195-3 original_index=365 mapped_index=303 original_aa=N isoform_aa=R shift=-62 vsp_count=1
[PTM_FAIL] code=RESIDUE_MISMATCH parent_id=P08195 id=P08195-3 original_index=381 mapped_index=319 original_aa=N isoform_aa=F shift=-62 vsp_count=1
[PTM_FAIL] code=RESIDUE_MISMATCH parent_id=P08195 id=P08195-3 original_index=424 mapped_index=362 original_aa=N isoform_aa=E shift=-62 vsp_count=1
[PTM_FAIL] code=RESIDUE_MISMATCH parent_id=P08195 id=P08195-3 original_index=506 mapped_index=444 original_aa=N isoform_aa=F shift=-62 vsp_count=1
[PTM_FAIL] code=RESIDUE_MISMATCH parent_id=P08195 id=P08195-3 original_index=147 mapped_index=85 original_aa=K isoform_aa=S shift=-62 vsp_count=1
[PTM_FAIL] code=RESIDUE_MISMATCH parent_id=P08195 id=P08195-3 original_index=166 mapped_index=104 original_aa=K isoform_aa=Q shift=-62 vsp_count=1
[PTM_FAIL] code=RESIDUE_MISMATCH parent_id=P08195 id=P08195-4 original_index=106 mapped_index=137 original_aa=T isoform_aa=G shift=31 vsp_count=1
[PTM_FAIL] code=RESIDUE_MISMATCH parent_id=P08195 id=P08195-4 original_index=165 mapped_index=196 original_aa=S isoform_aa=M shift=31 vsp_count=1
[PTM_FAIL] code=RESIDUE_MISMATCH parent_id=P08195 id=P08195-4 original_index=406 mapped_index=437 original_aa=S isoform_aa=Q shift=31 vsp_count=1
[PTM_FAIL] code=RESIDUE_MISMATCH parent_id=P08195 id=P08195-4 original_index=408 mapped_index=439 original_aa=S isoform_aa=R shift=31 vsp_count=1
[PTM_FAIL] code=RESIDUE_MISMATCH parent_id=P08195 id=P08195-4 original_index=410 mapped_index=441 original_aa=S isoform_aa=L shift=31 vsp_count=1
[PTM_FAIL] code=RESIDUE_MISMATCH parent_id=P08195 id=P08195-4 original_index=527 mapped_index=558 original_aa=S isoform_aa=D shift=31 vsp_count=1
[PTM_FAIL] code=RESIDUE_MISMATCH parent_id=P08195 id=P08195-4 original_index=531 mapped_index=562 original_aa=S isoform_aa=R shift=31 vsp_count=1
[PTM_FAIL] code=RESIDUE_MISMATCH parent_id=P08195 id=P08195-4 original_index=365 mapped_index=396 original_aa=N isoform_aa=K shift=31 vsp_count=1
[PTM_FAIL] code=RESIDUE_MISMATCH parent_id=P08195 id=P08195-4 original_index=381 mapped_index=412 original_aa=N isoform_aa=G shift=31 vsp_count=1
[PTM_FAIL] code=RESIDUE_MISMATCH parent_id=P08195 id=P08195-4 original_index=424 mapped_index=455 original_aa=N isoform_aa=L shift=31 vsp_count=1
[PTM_FAIL] code=RESIDUE_MISMATCH parent_id=P08195 id=P08195-4 original_index=506 mapped_index=537 original_aa=N isoform_aa=L shift=31 vsp_count=1
[PTM_FAIL] code=RESIDUE_MISMATCH parent_id=P08195 id=P08195-4 original_index=147 mapped_index=178 original_aa=K isoform_aa=W shift=31 vsp_count=1
[PTM_FAIL] code=RESIDUE_MISMATCH parent_id=P08195 id=P08195-4 original_index=166 mapped_index=197 original_aa=K isoform_aa=L shift=31 vsp_count=1
[PTM_FAIL] code=RESIDUE_MISMATCH parent_id=P08195 id=P08195-5 original_index=103 mapped_index=104 original_aa=S isoform_aa=Q shift=1 vsp_count=1
[PTM_FAIL] code=RESIDUE_MISMATCH parent_id=P08195 id=P08195-5 original_index=106 mapped_index=107 original_aa=T isoform_aa=E shift=1 vsp_count=1
[PTM_FAIL] code=RESIDUE_MISMATCH parent_id=P08195 id=P08195-5 original_index=134 mapped_index=135 original_aa=S isoform_aa=L shift=1 vsp_count=1
[PTM_FAIL] code=RESIDUE_MISMATCH parent_id=P08195 id=P08195-5 original_index=165 mapped_index=166 original_aa=S isoform_aa=K shift=1 vsp_count=1
[PTM_FAIL] code=RESIDUE_MISMATCH parent_id=P08195 id=P08195-5 original_index=406 mapped_index=407 original_aa=S isoform_aa=D shift=1 vsp_count=1
[PTM_FAIL] code=RESIDUE_MISMATCH parent_id=P08195 id=P08195-5 original_index=408 mapped_index=409 original_aa=S isoform_aa=G shift=1 vsp_count=1
[PTM_FAIL] code=RESIDUE_MISMATCH parent_id=P08195 id=P08195-5 original_index=410 mapped_index=411 original_aa=S isoform_aa=T shift=1 vsp_count=1
[PTM_FAIL] code=RESIDUE_MISMATCH parent_id=P08195 id=P08195-5 original_index=527 mapped_index=528 original_aa=S isoform_aa=D shift=1 vsp_count=1
[PTM_FAIL] code=RESIDUE_MISMATCH parent_id=P08195 id=P08195-5 original_index=531 mapped_index=532 original_aa=S isoform_aa=K shift=1 vsp_count=1
[PTM_FAIL] code=RESIDUE_MISMATCH parent_id=P08195 id=P08195-5 original_index=365 mapped_index=366 original_aa=N isoform_aa=I shift=1 vsp_count=1
[PTM_FAIL] code=RESIDUE_MISMATCH parent_id=P08195 id=P08195-5 original_index=381 mapped_index=382 original_aa=N isoform_aa=S shift=1 vsp_count=1
[PTM_FAIL] code=RESIDUE_MISMATCH parent_id=P08195 id=P08195-5 original_index=424 mapped_index=425 original_aa=N isoform_aa=A shift=1 vsp_count=1
[PTM_FAIL] code=RESIDUE_MISMATCH parent_id=P08195 id=P08195-5 original_index=506 mapped_index=507 original_aa=N isoform_aa=M shift=1 vsp_count=1
[PTM_FAIL] code=RESIDUE_MISMATCH parent_id=P08195 id=P08195-5 original_index=147 mapped_index=148 original_aa=K isoform_aa=V shift=1 vsp_count=1
[PTM_FAIL] code=RESIDUE_MISMATCH parent_id=P08195 id=P08195-5 original_index=166 mapped_index=167 original_aa=K isoform_aa=E shift=1 vsp_count=1
[PTM_FAIL] code=RESIDUE_MISMATCH parent_id=P28223 id=P28223-2 original_index=280 mapped_index=196 original_aa=S isoform_aa=I shift=-84 vsp_count=1
[PTM_FAIL] code=VSP_UNRESOLVABLE parent_id=P28223 id=P28223-2 original_index=8 mapped_index=?
[PTM_FAIL] code=VSP_UNRESOLVABLE parent_id=P28223 id=P28223-2 original_index=38 mapped_index=?
[PTM_FAIL] code=VSP_UNRESOLVABLE parent_id=P28223 id=P28223-2 original_index=44 mapped_index=?
[PTM_FAIL] code=VSP_UNRESOLVABLE parent_id=P28223 id=P28223-2 original_index=51 mapped_index=?
[PTM_FAIL] code=VSP_UNRESOLVABLE parent_id=P28223 id=P28223-2 original_index=54 mapped_index=?
[PTM_FAIL] code=RESIDUE_MISMATCH parent_id=O95264 id=O95264-2 original_index=52 mapped_index=41 original_aa=N isoform_aa=Q shift=-11 vsp_count=1
[PTM_FAIL] code=RESIDUE_MISMATCH parent_id=O95264 id=O95264-2 original_index=96 mapped_index=85 original_aa=N isoform_aa=Q shift=-11 vsp_count=1
[PTM_FAIL] code=RESIDUE_MISMATCH parent_id=O95264 id=O95264-2 original_index=138 mapped_index=127 original_aa=N isoform_aa=E shift=-11 vsp_count=1
[PTM_FAIL] code=RESIDUE_MISMATCH parent_id=O95264 id=O95264-2 original_index=168 mapped_index=157 original_aa=N isoform_aa=L shift=-11 vsp_count=1
[PTM_FAIL] code=RESIDUE_MISMATCH parent_id=O95264 id=O95264-2 original_index=203 mapped_index=192 original_aa=N isoform_aa=E shift=-11 vsp_count=1
[PTM_FAIL] code=RESIDUE_MISMATCH parent_id=O95264 id=O95264-2 original_index=287 mapped_index=276 original_aa=N isoform_aa=S shift=-11 vsp_count=1
[PTM_FAIL] code=RESIDUE_MISMATCH parent_id=Q7L1Q6 id=Q7L1Q6-2 original_index=411 mapped_index=345 original_aa=S isoform_aa=I shift=-66 vsp_count=1
[PTM_FAIL] code=RESIDUE_MISMATCH parent_id=Q7L1Q6 id=Q7L1Q6-2 original_index=413 mapped_index=347 original_aa=S isoform_aa=E shift=-66 vsp_count=1
[PTM_FAIL] code=RESIDUE_MISMATCH parent_id=Q7L1Q6 id=Q7L1Q6-2 original_index=368 mapped_index=302 original_aa=K isoform_aa=S shift=-66 vsp_count=1
[PTM_FAIL] code=RESIDUE_MISMATCH parent_id=Q7L1Q6 id=Q7L1Q6-3 original_index=12 mapped_index=44 original_aa=S isoform_aa=G shift=32 vsp_count=1
[PTM_FAIL] code=ISOFORM_OOB parent_id=Q7L1Q6 id=Q7L1Q6-3 original_index=411 mapped_index=443 isoform_len=419 shift=32 vsp_count=1 expected_len=451
[PTM_FAIL] code=ISOFORM_OOB parent_id=Q7L1Q6 id=Q7L1Q6-3 original_index=413 mapped_index=445 isoform_len=419 shift=32 vsp_count=1 expected_len=451
[PTM_FAIL] code=RESIDUE_MISMATCH parent_id=Q7L1Q6 id=Q7L1Q6-3 original_index=368 mapped_index=400 original_aa=K isoform_aa=F shift=32 vsp_count=1
[PTM_FAIL] code=RESIDUE_MISMATCH parent_id=Q7L1Q6 id=Q7L1Q6-4 original_index=12 mapped_index=16 original_aa=S isoform_aa=F shift=4 vsp_count=1
[PTM_FAIL] code=RESIDUE_MISMATCH parent_id=Q7L1Q6 id=Q7L1Q6-4 original_index=411 mapped_index=415 original_aa=S isoform_aa=A shift=4 vsp_count=1
[PTM_FAIL] code=RESIDUE_MISMATCH parent_id=Q7L1Q6 id=Q7L1Q6-4 original_index=413 mapped_index=417 original_aa=S isoform_aa=E shift=4 vsp_count=1
[PTM_FAIL] code=RESIDUE_MISMATCH parent_id=Q7L1Q6 id=Q7L1Q6-4 original_index=368 mapped_index=372 original_aa=K isoform_aa=L shift=4 vsp_count=1
[PTM_FAIL] code=RESIDUE_MISMATCH parent_id=Q9H0P0 id=Q9H0P0-1 original_index=278 mapped_index=239 original_aa=S isoform_aa=L shift=-39 vsp_count=1
[PTM_FAIL] code=RESIDUE_MISMATCH parent_id=Q9H0P0 id=Q9H0P0-3 original_index=278 mapped_index=227 original_aa=S isoform_aa=V shift=-51 vsp_count=1
[PTM_FAIL] code=RESIDUE_MISMATCH parent_id=Q969T7 id=Q969T7-2 original_index=256 mapped_index=248 original_aa=K isoform_aa=L shift=-8 vsp_count=1
[PTM_FAIL] code=RESIDUE_MISMATCH parent_id=A5X5Y0 id=A5X5Y0-2 original_index=175 mapped_index=160 original_aa=N isoform_aa=S shift=-15 vsp_count=1
[PTM_FAIL] code=RESIDUE_MISMATCH parent_id=A5X5Y0 id=A5X5Y0-3 original_index=175 mapped_index=190 original_aa=N isoform_aa=M shift=15 vsp_count=1
[PTM_FAIL] code=VSP_UNRESOLVABLE parent_id=P28335 id=P28335-2 original_index=204 mapped_index=?
[PTM_FAIL] code=RESIDUE_MISMATCH parent_id=P49902 id=P49902-2 original_index=418 mapped_index=389 original_aa=S isoform_aa=F shift=-29 vsp_count=1
[PTM_FAIL] code=RESIDUE_MISMATCH parent_id=P49902 id=P49902-2 original_index=502 mapped_index=473 original_aa=S isoform_aa=F shift=-29 vsp_count=1
[PTM_FAIL] code=RESIDUE_MISMATCH parent_id=P49902 id=P49902-2 original_index=511 mapped_index=482 original_aa=S isoform_aa=V shift=-29 vsp_count=1
[PTM_FAIL] code=RESIDUE_MISMATCH parent_id=P49902 id=P49902-2 original_index=527 mapped_index=498 original_aa=S isoform_aa=N shift=-29 vsp_count=1
[PTM_FAIL] code=RESIDUE_MISMATCH parent_id=P46098 id=P46098-3 original_index=28 mapped_index=13 original_aa=N isoform_aa=L shift=-15 vsp_count=1
[PTM_FAIL] code=RESIDUE_MISMATCH parent_id=P46098 id=P46098-3 original_index=104 mapped_index=89 original_aa=N isoform_aa=Y shift=-15 vsp_count=1
[PTM_FAIL] code=RESIDUE_MISMATCH parent_id=P46098 id=P46098-3 original_index=170 mapped_index=155 original_aa=N isoform_aa=T shift=-15 vsp_count=1
[PTM_FAIL] code=RESIDUE_MISMATCH parent_id=P46098 id=P46098-3 original_index=186 mapped_index=171 original_aa=N isoform_aa=C shift=-15 vsp_count=1
[PTM_FAIL] code=RESIDUE_MISMATCH parent_id=P46098 id=P46098-4 original_index=28 mapped_index=34 original_aa=N isoform_aa=L shift=6 vsp_count=1
[PTM_FAIL] code=RESIDUE_MISMATCH parent_id=P46098 id=P46098-4 original_index=104 mapped_index=110 original_aa=N isoform_aa=I shift=6 vsp_count=1
[PTM_FAIL] code=RESIDUE_MISMATCH parent_id=P46098 id=P46098-4 original_index=170 mapped_index=176 original_aa=N isoform_aa=T shift=6 vsp_count=1
[PTM_FAIL] code=RESIDUE_MISMATCH parent_id=P46098 id=P46098-4 original_index=186 mapped_index=192 original_aa=N isoform_aa=L shift=6 vsp_count=1
[PTM_FAIL] code=RESIDUE_MISMATCH parent_id=P52209 id=P52209-2 original_index=38 mapped_index=25 original_aa=K isoform_aa=H shift=-13 vsp_count=1
[PTM_FAIL] code=RESIDUE_MISMATCH parent_id=P52209 id=P52209-2 original_index=57 mapped_index=44 original_aa=S isoform_aa=A shift=-13 vsp_count=1
[PTM_FAIL] code=RESIDUE_MISMATCH parent_id=P52209 id=P52209-2 original_index=59 mapped_index=46 original_aa=K isoform_aa=E shift=-13 vsp_count=1
[PTM_FAIL] code=RESIDUE_MISMATCH parent_id=P52209 id=P52209-2 original_index=129 mapped_index=116 original_aa=S isoform_aa=L shift=-13 vsp_count=1
[PTM_FAIL] code=RESIDUE_MISMATCH parent_id=P52209 id=P52209-2 original_index=309 mapped_index=296 original_aa=K isoform_aa=E shift=-13 vsp_count=1
[PTM_FAIL] code=VSP_DELETION_EVENT parent_id=P04217 id=P04217-2 original_index=44 mapped_index=?
[PTM_FAIL] code=RESIDUE_MISMATCH parent_id=P04217 id=P04217-2 original_index=179 mapped_index=57 original_aa=N isoform_aa=D shift=-122 vsp_count=1
[PTM_FAIL] code=RESIDUE_MISMATCH parent_id=P04217 id=P04217-2 original_index=363 mapped_index=241 original_aa=N isoform_aa=F shift=-122 vsp_count=1
[PTM_FAIL] code=RESIDUE_MISMATCH parent_id=P04217 id=P04217-2 original_index=371 mapped_index=249 original_aa=N isoform_aa=E shift=-122 vsp_count=1
[PTM_FAIL] code=RESIDUE_MISMATCH parent_id=P05408 id=P05408-2 original_index=141 mapped_index=140 original_aa=S isoform_aa=F shift=-1 vsp_count=1
[PTM_FAIL] code=RESIDUE_MISMATCH parent_id=P05408 id=P05408-2 original_index=205 mapped_index=204 original_aa=S isoform_aa=F shift=-1 vsp_count=1
[PTM_FAIL] code=VSP_DELETION_EVENT parent_id=Q676U5 id=Q676U5-2 original_index=269 mapped_index=?
[PTM_FAIL] code=RESIDUE_MISMATCH parent_id=Q676U5 id=Q676U5-2 original_index=287 mapped_index=268 original_aa=S isoform_aa=L shift=-19 vsp_count=1
[PTM_FAIL] code=VSP_UNRESOLVABLE parent_id=P01009 id=P01009-2 original_index=383 mapped_index=?
[PTM_FAIL] code=VSP_DELETION_EVENT parent_id=P01009 id=P01009-3 original_index=383 mapped_index=?
[PTM_FAIL] code=RESIDUE_MISMATCH parent_id=Q9NQ94 id=Q9NQ94-2 original_index=499 mapped_index=491 original_aa=T isoform_aa=Q shift=-8 vsp_count=1
[PTM_FAIL] code=RESIDUE_MISMATCH parent_id=Q9NQ94 id=Q9NQ94-5 original_index=499 mapped_index=415 original_aa=T isoform_aa=G shift=-84 vsp_count=1
[PTM_FAIL] code=RESIDUE_MISMATCH parent_id=Q9NQ94 id=Q9NQ94-6 original_index=499 mapped_index=444 original_aa=T isoform_aa=I shift=-55 vsp_count=1
[PTM_FAIL] code=VSP_DELETION_EVENT parent_id=A8K2U0 id=A8K2U0-2 original_index=120 mapped_index=?
[PTM_FAIL] code=VSP_DELETION_EVENT parent_id=A8K2U0 id=A8K2U0-2 original_index=281 mapped_index=?
[PTM_FAIL] code=VSP_DELETION_EVENT parent_id=A8K2U0 id=A8K2U0-2 original_index=409 mapped_index=?
[PTM_FAIL] code=RESIDUE_MISMATCH parent_id=A8K2U0 id=A8K2U0-2 original_index=857 mapped_index=366 original_aa=N isoform_aa=H shift=-491 vsp_count=1
[PTM_FAIL] code=RESIDUE_MISMATCH parent_id=A8K2U0 id=A8K2U0-2 original_index=1020 mapped_index=529 original_aa=N isoform_aa=A shift=-491 vsp_count=1
[PTM_FAIL] code=RESIDUE_MISMATCH parent_id=Q8N5Z0 id=Q8N5Z0-2 original_index=69 mapped_index=73 original_aa=K isoform_aa=Q shift=4 vsp_count=1
[PTM_FAIL] code=RESIDUE_MISMATCH parent_id=Q8N5Z0 id=Q8N5Z0-2 original_index=179 mapped_index=183 original_aa=K isoform_aa=A shift=4 vsp_count=1
[PTM_FAIL] code=RESIDUE_MISMATCH parent_id=Q8N5Z0 id=Q8N5Z0-2 original_index=263 mapped_index=267 original_aa=K isoform_aa=S shift=4 vsp_count=1
[PTM_FAIL] code=RESIDUE_MISMATCH parent_id=Q8N5Z0 id=Q8N5Z0-2 original_index=263 mapped_index=267 original_aa=K isoform_aa=S shift=4 vsp_count=1
[PTM_FAIL] code=RESIDUE_MISMATCH parent_id=Q8N5Z0 id=Q8N5Z0-2 original_index=263 mapped_index=267 original_aa=K isoform_aa=S shift=4 vsp_count=1
[PTM_FAIL] code=RESIDUE_MISMATCH parent_id=Q8N5Z0 id=Q8N5Z0-2 original_index=339 mapped_index=343 original_aa=K isoform_aa=G shift=4 vsp_count=1
[PTM_FAIL] code=RESIDUE_MISMATCH parent_id=Q8N5Z0 id=Q8N5Z0-2 original_index=339 mapped_index=343 original_aa=K isoform_aa=G shift=4 vsp_count=1
[PTM_FAIL] code=RESIDUE_MISMATCH parent_id=Q8N5Z0 id=Q8N5Z0-2 original_index=367 mapped_index=371 original_aa=K isoform_aa=E shift=4 vsp_count=1
[PTM_FAIL] code=RESIDUE_MISMATCH parent_id=Q8N5Z0 id=Q8N5Z0-2 original_index=367 mapped_index=371 original_aa=K isoform_aa=E shift=4 vsp_count=1
[PTM_FAIL] code=ISOFORM_OOB parent_id=Q8N5Z0 id=Q8N5Z0-2 original_index=422 mapped_index=426 isoform_len=425 shift=4 vsp_count=1 expected_len=429
[PTM_FAIL] code=RESIDUE_MISMATCH parent_id=Q9NRG9 id=Q9NRG9-2 original_index=495 mapped_index=462 original_aa=S isoform_aa=P shift=-33 vsp_count=1
[PTM_FAIL] code=RESIDUE_MISMATCH parent_id=Q9NRG9 id=Q9NRG9-2 original_index=511 mapped_index=478 original_aa=S isoform_aa=R shift=-33 vsp_count=1
[PTM_FAIL] code=RESIDUE_MISMATCH parent_id=Q9NRG9 id=Q9NRG9-2 original_index=522 mapped_index=489 original_aa=S isoform_aa=A shift=-33 vsp_count=1
[PTM_FAIL] code=RESIDUE_MISMATCH parent_id=Q9NRG9 id=Q9NRG9-2 original_index=525 mapped_index=492 original_aa=S isoform_aa=P shift=-33 vsp_count=1
[PTM_FAIL] code=RESIDUE_MISMATCH parent_id=Q9NRG9 id=Q9NRG9-2 original_index=541 mapped_index=508 original_aa=S isoform_aa=G shift=-33 vsp_count=1
[PTM_FAIL] code=RESIDUE_MISMATCH parent_id=P05067 id=P05067-9 original_index=729 mapped_index=711 original_aa=T isoform_aa=V shift=-18 vsp_count=1
[PTM_FAIL] code=RESIDUE_MISMATCH parent_id=P05067 id=P05067-9 original_index=730 mapped_index=712 original_aa=S isoform_aa=I shift=-18 vsp_count=1
[PTM_FAIL] code=RESIDUE_MISMATCH parent_id=P05067 id=P05067-9 original_index=743 mapped_index=725 original_aa=T isoform_aa=K shift=-18 vsp_count=1
[PTM_FAIL] code=RESIDUE_MISMATCH parent_id=P05067 id=P05067-9 original_index=757 mapped_index=739 original_aa=Y isoform_aa=D shift=-18 vsp_count=1
[PTM_FAIL] code=VSP_DELETION_EVENT parent_id=P05067 id=P05067-9 original_index=651 mapped_index=?
[PTM_FAIL] code=VSP_DELETION_EVENT parent_id=P05067 id=P05067-9 original_index=652 mapped_index=?
[PTM_FAIL] code=RESIDUE_MISMATCH parent_id=P05067 id=P05067-9 original_index=656 mapped_index=638 original_aa=S isoform_aa=E shift=-18 vsp_count=1
[PTM_FAIL] code=RESIDUE_MISMATCH parent_id=P05067 id=P05067-9 original_index=659 mapped_index=641 original_aa=T isoform_aa=D shift=-18 vsp_count=1
[PTM_FAIL] code=RESIDUE_MISMATCH parent_id=P05067 id=P05067-9 original_index=663 mapped_index=645 original_aa=T isoform_aa=A shift=-18 vsp_count=1
[PTM_FAIL] code=RESIDUE_MISMATCH parent_id=P05067 id=P05067-9 original_index=667 mapped_index=649 original_aa=S isoform_aa=G shift=-18 vsp_count=1
[PTM_FAIL] code=RESIDUE_MISMATCH parent_id=P05067 id=P05067-9 original_index=681 mapped_index=663 original_aa=Y isoform_aa=T shift=-18 vsp_count=1
[PTM_FAIL] code=RESIDUE_MISMATCH parent_id=P05067 id=P05067-9 original_index=763 mapped_index=745 original_aa=K isoform_aa=E shift=-18 vsp_count=1
[PTM_FAIL] code=RESIDUE_MISMATCH parent_id=Q15758 id=Q15758-2 original_index=493 mapped_index=291 original_aa=S isoform_aa=E shift=-202 vsp_count=1
[PTM_FAIL] code=RESIDUE_MISMATCH parent_id=Q15758 id=Q15758-2 original_index=494 mapped_index=292 original_aa=T isoform_aa=M shift=-202 vsp_count=1
[PTM_FAIL] code=RESIDUE_MISMATCH parent_id=Q15758 id=Q15758-2 original_index=503 mapped_index=301 original_aa=S isoform_aa=R shift=-202 vsp_count=1
[PTM_FAIL] code=RESIDUE_MISMATCH parent_id=Q15758 id=Q15758-2 original_index=535 mapped_index=333 original_aa=S isoform_aa=P shift=-202 vsp_count=1
[PTM_FAIL] code=RESIDUE_MISMATCH parent_id=Q15758 id=Q15758-2 original_index=539 mapped_index=337 original_aa=S isoform_aa=L shift=-202 vsp_count=1
[PTM_FAIL] code=VSP_UNRESOLVABLE parent_id=Q15758 id=Q15758-2 original_index=163 mapped_index=?
[PTM_FAIL] code=RESIDUE_MISMATCH parent_id=Q15758 id=Q15758-2 original_index=212 mapped_index=10 original_aa=N isoform_aa=K shift=-202 vsp_count=1
[PTM_FAIL] code=VSP_DELETION_EVENT parent_id=Q15758 id=Q15758-3 original_index=1 mapped_index=?
[PTM_FAIL] code=RESIDUE_MISMATCH parent_id=Q15758 id=Q15758-3 original_index=493 mapped_index=265 original_aa=S isoform_aa=A shift=-228 vsp_count=1
[PTM_FAIL] code=RESIDUE_MISMATCH parent_id=Q15758 id=Q15758-3 original_index=503 mapped_index=275 original_aa=S isoform_aa=W shift=-228 vsp_count=1
[PTM_FAIL] code=RESIDUE_MISMATCH parent_id=Q15758 id=Q15758-3 original_index=535 mapped_index=307 original_aa=S isoform_aa=L shift=-228 vsp_count=1
[PTM_FAIL] code=RESIDUE_MISMATCH parent_id=Q15758 id=Q15758-3 original_index=539 mapped_index=311 original_aa=S isoform_aa=L shift=-228 vsp_count=1
[PTM_FAIL] code=VSP_DELETION_EVENT parent_id=Q15758 id=Q15758-3 original_index=163 mapped_index=?
[PTM_FAIL] code=VSP_DELETION_EVENT parent_id=Q15758 id=Q15758-3 original_index=212 mapped_index=?
[PTM_FAIL] code=RESIDUE_MISMATCH parent_id=Q6PD74 id=Q6PD74-2 original_index=310 mapped_index=201 original_aa=S isoform_aa=D shift=-109 vsp_count=1
[PTM_FAIL] code=RESIDUE_MISMATCH parent_id=Q6PD74 id=Q6PD74-2 original_index=311 mapped_index=202 original_aa=S isoform_aa=P shift=-109 vsp_count=1
[PTM_FAIL] code=VSP_UNRESOLVABLE parent_id=Q2M2I8 id=Q2M2I8-2 original_index=846 mapped_index=?
[PTM_FAIL] code=VSP_UNRESOLVABLE parent_id=Q2M2I8 id=Q2M2I8-2 original_index=937 mapped_index=?
[PTM_FAIL] code=VSP_UNRESOLVABLE parent_id=Q2M2I8 id=Q2M2I8-2 original_index=938 mapped_index=?
[PTM_FAIL] code=RESIDUE_MISMATCH parent_id=P54619 id=P54619-2 original_index=261 mapped_index=229 original_aa=S isoform_aa=P shift=-32 vsp_count=1
[PTM_FAIL] code=RESIDUE_MISMATCH parent_id=P54619 id=P54619-2 original_index=263 mapped_index=231 original_aa=T isoform_aa=V shift=-32 vsp_count=1
[PTM_FAIL] code=RESIDUE_MISMATCH parent_id=P54619 id=P54619-2 original_index=270 mapped_index=238 original_aa=S isoform_aa=V shift=-32 vsp_count=1
[PTM_FAIL] code=RESIDUE_MISMATCH parent_id=P54619 id=P54619-3 original_index=263 mapped_index=272 original_aa=T isoform_aa=Y shift=9 vsp_count=1
[PTM_FAIL] code=RESIDUE_MISMATCH parent_id=P54619 id=P54619-3 original_index=270 mapped_index=279 original_aa=S isoform_aa=C shift=9 vsp_count=1
[PTM_FAIL] code=RESIDUE_MISMATCH parent_id=Q9BTE6 id=Q9BTE6-2 original_index=174 mapped_index=287 original_aa=S isoform_aa=K shift=113 vsp_count=1
[PTM_FAIL] code=RESIDUE_MISMATCH parent_id=Q9BTE6 id=Q9BTE6-3 original_index=174 mapped_index=348 original_aa=S isoform_aa=K shift=174 vsp_count=1
[PTM_FAIL] code=VSP_DELETION_EVENT parent_id=Q9UGJ0 id=Q9UGJ0-2 original_index=65 mapped_index=?
[PTM_FAIL] code=VSP_DELETION_EVENT parent_id=Q9UGJ0 id=Q9UGJ0-2 original_index=71 mapped_index=?
[PTM_FAIL] code=VSP_DELETION_EVENT parent_id=Q9UGJ0 id=Q9UGJ0-2 original_index=73 mapped_index=?
[PTM_FAIL] code=VSP_DELETION_EVENT parent_id=Q9UGJ0 id=Q9UGJ0-2 original_index=90 mapped_index=?
[PTM_FAIL] code=VSP_DELETION_EVENT parent_id=Q9UGJ0 id=Q9UGJ0-2 original_index=138 mapped_index=?
[PTM_FAIL] code=VSP_DELETION_EVENT parent_id=Q9UGJ0 id=Q9UGJ0-2 original_index=143 mapped_index=?
[PTM_FAIL] code=VSP_DELETION_EVENT parent_id=Q9UGJ0 id=Q9UGJ0-2 original_index=161 mapped_index=?
[PTM_FAIL] code=VSP_DELETION_EVENT parent_id=Q9UGJ0 id=Q9UGJ0-2 original_index=162 mapped_index=?
[PTM_FAIL] code=VSP_DELETION_EVENT parent_id=Q9UGJ0 id=Q9UGJ0-2 original_index=165 mapped_index=?
[PTM_FAIL] code=VSP_DELETION_EVENT parent_id=Q9UGJ0 id=Q9UGJ0-2 original_index=196 mapped_index=?
[PTM_FAIL] code=RESIDUE_MISMATCH parent_id=Q9UGJ0 id=Q9UGJ0-3 original_index=65 mapped_index=21 original_aa=S isoform_aa=G shift=-44 vsp_count=1
[PTM_FAIL] code=RESIDUE_MISMATCH parent_id=Q9UGJ0 id=Q9UGJ0-3 original_index=73 mapped_index=29 original_aa=S isoform_aa=K shift=-44 vsp_count=1
[PTM_FAIL] code=RESIDUE_MISMATCH parent_id=Q9UGJ0 id=Q9UGJ0-3 original_index=90 mapped_index=46 original_aa=S isoform_aa=P shift=-44 vsp_count=1
[PTM_FAIL] code=RESIDUE_MISMATCH parent_id=Q9UGJ0 id=Q9UGJ0-3 original_index=138 mapped_index=94 original_aa=S isoform_aa=R shift=-44 vsp_count=1
[PTM_FAIL] code=RESIDUE_MISMATCH parent_id=Q9UGJ0 id=Q9UGJ0-3 original_index=143 mapped_index=99 original_aa=S isoform_aa=P shift=-44 vsp_count=1
[PTM_FAIL] code=RESIDUE_MISMATCH parent_id=Q9UGJ0 id=Q9UGJ0-3 original_index=162 mapped_index=118 original_aa=S isoform_aa=P shift=-44 vsp_count=1
[PTM_FAIL] code=RESIDUE_MISMATCH parent_id=Q9UGJ0 id=Q9UGJ0-3 original_index=165 mapped_index=121 original_aa=T isoform_aa=M shift=-44 vsp_count=1
[PTM_FAIL] code=RESIDUE_MISMATCH parent_id=Q9UGJ0 id=Q9UGJ0-3 original_index=196 mapped_index=152 original_aa=S isoform_aa=R shift=-44 vsp_count=1
[PTM_FAIL] code=RESIDUE_MISMATCH parent_id=Q13131 id=Q13131-2 original_index=183 mapped_index=198 original_aa=T isoform_aa=G shift=15 vsp_count=1
[PTM_FAIL] code=RESIDUE_MISMATCH parent_id=Q13131 id=Q13131-2 original_index=269 mapped_index=284 original_aa=T isoform_aa=P shift=15 vsp_count=1
[PTM_FAIL] code=RESIDUE_MISMATCH parent_id=Q13131 id=Q13131-2 original_index=355 mapped_index=370 original_aa=T isoform_aa=P shift=15 vsp_count=1
[PTM_FAIL] code=RESIDUE_MISMATCH parent_id=Q13131 id=Q13131-2 original_index=356 mapped_index=371 original_aa=S isoform_aa=H shift=15 vsp_count=1
[PTM_FAIL] code=RESIDUE_MISMATCH parent_id=Q13131 id=Q13131-2 original_index=360 mapped_index=375 original_aa=S isoform_aa=V shift=15 vsp_count=1
[PTM_FAIL] code=RESIDUE_MISMATCH parent_id=Q13131 id=Q13131-2 original_index=368 mapped_index=383 original_aa=T isoform_aa=P shift=15 vsp_count=1
[PTM_FAIL] code=RESIDUE_MISMATCH parent_id=Q13131 id=Q13131-2 original_index=382 mapped_index=397 original_aa=T isoform_aa=S shift=15 vsp_count=1
[PTM_FAIL] code=RESIDUE_MISMATCH parent_id=Q13131 id=Q13131-2 original_index=397 mapped_index=412 original_aa=S isoform_aa=R shift=15 vsp_count=1
[PTM_FAIL] code=RESIDUE_MISMATCH parent_id=Q13131 id=Q13131-2 original_index=467 mapped_index=482 original_aa=S isoform_aa=T shift=15 vsp_count=1
[PTM_FAIL] code=RESIDUE_MISMATCH parent_id=Q13131 id=Q13131-2 original_index=486 mapped_index=501 original_aa=S isoform_aa=R shift=15 vsp_count=1
[PTM_FAIL] code=RESIDUE_MISMATCH parent_id=Q13131 id=Q13131-2 original_index=488 mapped_index=503 original_aa=T isoform_aa=C shift=15 vsp_count=1
[PTM_FAIL] code=RESIDUE_MISMATCH parent_id=Q13131 id=Q13131-2 original_index=490 mapped_index=505 original_aa=T isoform_aa=R shift=15 vsp_count=1
[PTM_FAIL] code=RESIDUE_MISMATCH parent_id=Q13131 id=Q13131-2 original_index=496 mapped_index=511 original_aa=S isoform_aa=E shift=15 vsp_count=1
[PTM_FAIL] code=RESIDUE_MISMATCH parent_id=Q13131 id=Q13131-2 original_index=524 mapped_index=539 original_aa=S isoform_aa=P shift=15 vsp_count=1
[PTM_FAIL] code=RESIDUE_MISMATCH parent_id=Q13131 id=Q13131-2 original_index=527 mapped_index=542 original_aa=S isoform_aa=H shift=15 vsp_count=1
[PTM_FAIL] code=RESIDUE_MISMATCH parent_id=P17174 id=P17174-2 original_index=149 mapped_index=128 original_aa=S isoform_aa=N shift=-21 vsp_count=1
[PTM_FAIL] code=RESIDUE_MISMATCH parent_id=P17174 id=P17174-2 original_index=259 mapped_index=238 original_aa=K isoform_aa=A shift=-21 vsp_count=1
[PTM_FAIL] code=VSP_DELETION_EVENT parent_id=P00505 id=P00505-2 original_index=90 mapped_index=?
[PTM_FAIL] code=VSP_DELETION_EVENT parent_id=P00505 id=P00505-2 original_index=90 mapped_index=?
[PTM_FAIL] code=VSP_DELETION_EVENT parent_id=P00505 id=P00505-2 original_index=96 mapped_index=?
[PTM_FAIL] code=VSP_DELETION_EVENT parent_id=P00505 id=P00505-2 original_index=96 mapped_index=?
[PTM_FAIL] code=VSP_DELETION_EVENT parent_id=P00505 id=P00505-2 original_index=107 mapped_index=?
[PTM_FAIL] code=VSP_DELETION_EVENT parent_id=P00505 id=P00505-2 original_index=107 mapped_index=?
[PTM_FAIL] code=VSP_DELETION_EVENT parent_id=P00505 id=P00505-2 original_index=122 mapped_index=?
[PTM_FAIL] code=VSP_DELETION_EVENT parent_id=P00505 id=P00505-2 original_index=122 mapped_index=?
[PTM_FAIL] code=RESIDUE_MISMATCH parent_id=P00505 id=P00505-2 original_index=143 mapped_index=100 original_aa=S isoform_aa=G shift=-43 vsp_count=1
[PTM_FAIL] code=RESIDUE_MISMATCH parent_id=P00505 id=P00505-2 original_index=159 mapped_index=116 original_aa=K isoform_aa=E shift=-43 vsp_count=1
[PTM_FAIL] code=RESIDUE_MISMATCH parent_id=P00505 id=P00505-2 original_index=159 mapped_index=116 original_aa=K isoform_aa=E shift=-43 vsp_count=1
[PTM_FAIL] code=RESIDUE_MISMATCH parent_id=P00505 id=P00505-2 original_index=185 mapped_index=142 original_aa=K isoform_aa=A shift=-43 vsp_count=1
[PTM_FAIL] code=RESIDUE_MISMATCH parent_id=P00505 id=P00505-2 original_index=185 mapped_index=142 original_aa=K isoform_aa=A shift=-43 vsp_count=1
[PTM_FAIL] code=RESIDUE_MISMATCH parent_id=P00505 id=P00505-2 original_index=227 mapped_index=184 original_aa=K isoform_aa=P shift=-43 vsp_count=1
[PTM_FAIL] code=RESIDUE_MISMATCH parent_id=P00505 id=P00505-2 original_index=234 mapped_index=191 original_aa=K isoform_aa=F shift=-43 vsp_count=1
[PTM_FAIL] code=RESIDUE_MISMATCH parent_id=P00505 id=P00505-2 original_index=279 mapped_index=236 original_aa=K isoform_aa=R shift=-43 vsp_count=1
[PTM_FAIL] code=RESIDUE_MISMATCH parent_id=P00505 id=P00505-2 original_index=279 mapped_index=236 original_aa=K isoform_aa=R shift=-43 vsp_count=1
[PTM_FAIL] code=RESIDUE_MISMATCH parent_id=P00505 id=P00505-2 original_index=296 mapped_index=253 original_aa=K isoform_aa=D shift=-43 vsp_count=1
[PTM_FAIL] code=RESIDUE_MISMATCH parent_id=P00505 id=P00505-2 original_index=296 mapped_index=253 original_aa=K isoform_aa=D shift=-43 vsp_count=1
[PTM_FAIL] code=RESIDUE_MISMATCH parent_id=P00505 id=P00505-2 original_index=302 mapped_index=259 original_aa=K isoform_aa=W shift=-43 vsp_count=1
[PTM_FAIL] code=RESIDUE_MISMATCH parent_id=P00505 id=P00505-2 original_index=309 mapped_index=266 original_aa=K isoform_aa=E shift=-43 vsp_count=1
[PTM_FAIL] code=RESIDUE_MISMATCH parent_id=P00505 id=P00505-2 original_index=309 mapped_index=266 original_aa=K isoform_aa=E shift=-43 vsp_count=1
[PTM_FAIL] code=RESIDUE_MISMATCH parent_id=P00505 id=P00505-2 original_index=313 mapped_index=270 original_aa=R isoform_aa=N shift=-43 vsp_count=1
[PTM_FAIL] code=RESIDUE_MISMATCH parent_id=P00505 id=P00505-2 original_index=333 mapped_index=290 original_aa=T isoform_aa=A shift=-43 vsp_count=1
[PTM_FAIL] code=RESIDUE_MISMATCH parent_id=P00505 id=P00505-2 original_index=338 mapped_index=295 original_aa=K isoform_aa=C shift=-43 vsp_count=1
[PTM_FAIL] code=RESIDUE_MISMATCH parent_id=P00505 id=P00505-2 original_index=338 mapped_index=295 original_aa=K isoform_aa=C shift=-43 vsp_count=1
[PTM_FAIL] code=RESIDUE_MISMATCH parent_id=P00505 id=P00505-2 original_index=363 mapped_index=320 original_aa=K isoform_aa=P shift=-43 vsp_count=1
[PTM_FAIL] code=RESIDUE_MISMATCH parent_id=P00505 id=P00505-2 original_index=363 mapped_index=320 original_aa=K isoform_aa=P shift=-43 vsp_count=1
[PTM_FAIL] code=RESIDUE_MISMATCH parent_id=P00505 id=P00505-2 original_index=364 mapped_index=321 original_aa=K isoform_aa=L shift=-43 vsp_count=1
[PTM_FAIL] code=RESIDUE_MISMATCH parent_id=P00505 id=P00505-2 original_index=387 mapped_index=344 original_aa=K isoform_aa=V shift=-43 vsp_count=1
[PTM_FAIL] code=RESIDUE_MISMATCH parent_id=P00505 id=P00505-2 original_index=396 mapped_index=353 original_aa=K isoform_aa=G shift=-43 vsp_count=1
[PTM_FAIL] code=RESIDUE_MISMATCH parent_id=P00505 id=P00505-2 original_index=396 mapped_index=353 original_aa=K isoform_aa=G shift=-43 vsp_count=1
[PTM_FAIL] code=RESIDUE_MISMATCH parent_id=P00505 id=P00505-2 original_index=404 mapped_index=361 original_aa=K isoform_aa=N shift=-43 vsp_count=1
[PTM_FAIL] code=RESIDUE_MISMATCH parent_id=P00505 id=P00505-2 original_index=404 mapped_index=361 original_aa=K isoform_aa=N shift=-43 vsp_count=1
[PTM_FAIL] code=ISOFORM_OOB parent_id=Q96GS6 id=Q96GS6-2 original_index=307 mapped_index=358 isoform_len=310 shift=51 vsp_count=1 expected_len=361
[PTM_FAIL] code=VSP_DELETION_EVENT parent_id=Q96GS6 id=Q96GS6-4 original_index=307 mapped_index=?
[PTM_FAIL] code=VSP_DELETION_EVENT parent_id=Q8WWZ7 id=Q8WWZ7-3 original_index=86 mapped_index=?
[PTM_FAIL] code=VSP_DELETION_EVENT parent_id=Q8WWZ7 id=Q8WWZ7-3 original_index=458 mapped_index=?
[PTM_FAIL] code=RESIDUE_MISMATCH parent_id=Q8WWZ7 id=Q8WWZ7-3 original_index=996 mapped_index=219 original_aa=N isoform_aa=G shift=-777 vsp_count=1
[PTM_FAIL] code=RESIDUE_MISMATCH parent_id=O75027 id=O75027-2 original_index=216 mapped_index=217 original_aa=K isoform_aa=V shift=1 vsp_count=1
[PTM_FAIL] code=RESIDUE_MISMATCH parent_id=O75027 id=O75027-2 original_index=251 mapped_index=252 original_aa=K isoform_aa=A shift=1 vsp_count=1
[PTM_FAIL] code=RESIDUE_MISMATCH parent_id=O75027 id=O75027-2 original_index=336 mapped_index=337 original_aa=S isoform_aa=L shift=1 vsp_count=1
[PTM_FAIL] code=RESIDUE_MISMATCH parent_id=O75027 id=O75027-2 original_index=340 mapped_index=341 original_aa=Y isoform_aa=E shift=1 vsp_count=1
[PTM_FAIL] code=RESIDUE_MISMATCH parent_id=O75027 id=O75027-2 original_index=342 mapped_index=343 original_aa=T isoform_aa=V shift=1 vsp_count=1
[PTM_FAIL] code=RESIDUE_MISMATCH parent_id=O75027 id=O75027-3 original_index=216 mapped_index=176 original_aa=K isoform_aa=L shift=-40 vsp_count=1
[PTM_FAIL] code=RESIDUE_MISMATCH parent_id=O75027 id=O75027-3 original_index=251 mapped_index=211 original_aa=K isoform_aa=N shift=-40 vsp_count=1
[PTM_FAIL] code=RESIDUE_MISMATCH parent_id=O75027 id=O75027-3 original_index=336 mapped_index=296 original_aa=S isoform_aa=V shift=-40 vsp_count=1
[PTM_FAIL] code=RESIDUE_MISMATCH parent_id=O75027 id=O75027-3 original_index=340 mapped_index=300 original_aa=Y isoform_aa=T shift=-40 vsp_count=1
[PTM_FAIL] code=RESIDUE_MISMATCH parent_id=O75027 id=O75027-3 original_index=342 mapped_index=302 original_aa=T isoform_aa=G shift=-40 vsp_count=1
[PTM_FAIL] code=RESIDUE_MISMATCH parent_id=Q09428 id=Q09428-2 original_index=1049 mapped_index=1050 original_aa=N isoform_aa=C shift=1 vsp_count=1
[PTM_FAIL] code=VSP_DELETION_EVENT parent_id=Q09428 id=Q09428-3 original_index=1049 mapped_index=?
[PTM_FAIL] code=RESIDUE_MISMATCH parent_id=Q9H221 id=Q9H221-2 original_index=619 mapped_index=618 original_aa=N isoform_aa=G shift=-1 vsp_count=1
[PTM_FAIL] code=VSP_DELETION_EVENT parent_id=Q2M3G0 id=Q2M3G0-1 original_index=17 mapped_index=?
[PTM_FAIL] code=VSP_DELETION_EVENT parent_id=Q2M3G0 id=Q2M3G0-1 original_index=85 mapped_index=?
[PTM_FAIL] code=VSP_DELETION_EVENT parent_id=Q2M3G0 id=Q2M3G0-1 original_index=91 mapped_index=?
[PTM_FAIL] code=VSP_DELETION_EVENT parent_id=Q2M3G0 id=Q2M3G0-1 original_index=371 mapped_index=?
[PTM_FAIL] code=VSP_DELETION_EVENT parent_id=Q2M3G0 id=Q2M3G0-1 original_index=390 mapped_index=?
[PTM_FAIL] code=VSP_DELETION_EVENT parent_id=Q2M3G0 id=Q2M3G0-1 original_index=423 mapped_index=?
[PTM_FAIL] code=RESIDUE_MISMATCH parent_id=Q2M3G0 id=Q2M3G0-1 original_index=789 mapped_index=344 original_aa=N isoform_aa=P shift=-445 vsp_count=1
[PTM_FAIL] code=RESIDUE_MISMATCH parent_id=Q2M3G0 id=Q2M3G0-1 original_index=819 mapped_index=374 original_aa=N isoform_aa=T shift=-445 vsp_count=1
[PTM_FAIL] code=RESIDUE_MISMATCH parent_id=Q2M3G0 id=Q2M3G0-1 original_index=910 mapped_index=465 original_aa=N isoform_aa=G shift=-445 vsp_count=1
[PTM_FAIL] code=RESIDUE_MISMATCH parent_id=Q2M3G0 id=Q2M3G0-1 original_index=1104 mapped_index=659 original_aa=N isoform_aa=I shift=-445 vsp_count=1
[PTM_FAIL] code=RESIDUE_MISMATCH parent_id=Q2M3G0 id=Q2M3G0-1 original_index=1188 mapped_index=743 original_aa=N isoform_aa=G shift=-445 vsp_count=1
[PTM_FAIL] code=RESIDUE_MISMATCH parent_id=Q9H172 id=Q9H172-2 original_index=422 mapped_index=361 original_aa=N isoform_aa=I shift=-61 vsp_count=1
[PTM_FAIL] code=RESIDUE_MISMATCH parent_id=Q9H172 id=Q9H172-3 original_index=422 mapped_index=358 original_aa=N isoform_aa=V shift=-64 vsp_count=1
[PTM_FAIL] code=RESIDUE_MISMATCH parent_id=Q9H172 id=Q9H172-4 original_index=422 mapped_index=322 original_aa=N isoform_aa=P shift=-100 vsp_count=1
[PTM_FAIL] code=RESIDUE_MISMATCH parent_id=Q9NUQ8 id=Q9NUQ8-2 original_index=83 mapped_index=77 original_aa=S isoform_aa=P shift=-6 vsp_count=1
[PTM_FAIL] code=RESIDUE_MISMATCH parent_id=Q9NUQ8 id=Q9NUQ8-2 original_index=155 mapped_index=149 original_aa=S isoform_aa=L shift=-6 vsp_count=1
[PTM_FAIL] code=RESIDUE_MISMATCH parent_id=Q9NUQ8 id=Q9NUQ8-2 original_index=157 mapped_index=151 original_aa=S isoform_aa=L shift=-6 vsp_count=1
[PTM_FAIL] code=RESIDUE_MISMATCH parent_id=Q9NUQ8 id=Q9NUQ8-2 original_index=283 mapped_index=277 original_aa=S isoform_aa=A shift=-6 vsp_count=1
[PTM_FAIL] code=RESIDUE_MISMATCH parent_id=P28288 id=P28288-2 original_index=533 mapped_index=423 original_aa=K isoform_aa=V shift=-110 vsp_count=1
[PTM_FAIL] code=RESIDUE_MISMATCH parent_id=P28288 id=P28288-2 original_index=659 mapped_index=549 original_aa=S isoform_aa=V shift=-110 vsp_count=1
[PTM_FAIL] code=VSP_DELETION_EVENT parent_id=O94911 id=O94911-1 original_index=616 mapped_index=?
[PTM_FAIL] code=RESIDUE_MISMATCH parent_id=O94911 id=O94911-1 original_index=724 mapped_index=684 original_aa=N isoform_aa=R shift=-40 vsp_count=1
[PTM_FAIL] code=RESIDUE_MISMATCH parent_id=O94911 id=O94911-1 original_index=797 mapped_index=757 original_aa=N isoform_aa=K shift=-40 vsp_count=1
[PTM_FAIL] code=RESIDUE_MISMATCH parent_id=O94911 id=O94911-1 original_index=919 mapped_index=879 original_aa=N isoform_aa=V shift=-40 vsp_count=1
[PTM_FAIL] code=RESIDUE_MISMATCH parent_id=O94911 id=O94911-1 original_index=948 mapped_index=908 original_aa=N isoform_aa=P shift=-40 vsp_count=1
[PTM_FAIL] code=RESIDUE_MISMATCH parent_id=O94911 id=O94911-1 original_index=967 mapped_index=927 original_aa=N isoform_aa=D shift=-40 vsp_count=1
[PTM_FAIL] code=RESIDUE_MISMATCH parent_id=O94911 id=O94911-1 original_index=1270 mapped_index=1230 original_aa=N isoform_aa=R shift=-40 vsp_count=1
[PTM_FAIL] code=RESIDUE_MISMATCH parent_id=O94911 id=O94911-1 original_index=1308 mapped_index=1268 original_aa=N isoform_aa=A shift=-40 vsp_count=1
[PTM_FAIL] code=RESIDUE_MISMATCH parent_id=O94911 id=O94911-1 original_index=1373 mapped_index=1333 original_aa=N isoform_aa=I shift=-40 vsp_count=1
[PTM_FAIL] code=RESIDUE_MISMATCH parent_id=O94911 id=O94911-1 original_index=1435 mapped_index=1395 original_aa=N isoform_aa=E shift=-40 vsp_count=1
[PTM_FAIL] code=VSP_DELETION_EVENT parent_id=O94911 id=O94911-2 original_index=484 mapped_index=?
[PTM_FAIL] code=VSP_DELETION_EVENT parent_id=O94911 id=O94911-2 original_index=555 mapped_index=?
[PTM_FAIL] code=VSP_DELETION_EVENT parent_id=O94911 id=O94911-2 original_index=616 mapped_index=?
[PTM_FAIL] code=VSP_DELETION_EVENT parent_id=O94911 id=O94911-2 original_index=724 mapped_index=?
[PTM_FAIL] code=VSP_DELETION_EVENT parent_id=O94911 id=O94911-2 original_index=797 mapped_index=?
[PTM_FAIL] code=VSP_DELETION_EVENT parent_id=O94911 id=O94911-2 original_index=919 mapped_index=?
[PTM_FAIL] code=VSP_DELETION_EVENT parent_id=O94911 id=O94911-2 original_index=948 mapped_index=?
[PTM_FAIL] code=VSP_DELETION_EVENT parent_id=O94911 id=O94911-2 original_index=967 mapped_index=?
[PTM_FAIL] code=VSP_DELETION_EVENT parent_id=O94911 id=O94911-2 original_index=1270 mapped_index=?
[PTM_FAIL] code=VSP_DELETION_EVENT parent_id=O94911 id=O94911-2 original_index=1308 mapped_index=?
[PTM_FAIL] code=VSP_DELETION_EVENT parent_id=O94911 id=O94911-2 original_index=1373 mapped_index=?
[PTM_FAIL] code=VSP_DELETION_EVENT parent_id=O94911 id=O94911-2 original_index=1435 mapped_index=?
[PTM_FAIL] code=RESIDUE_MISMATCH parent_id=Q9H222 id=Q9H222-2 original_index=584 mapped_index=189 original_aa=N isoform_aa=S shift=-395 vsp_count=1
[PTM_FAIL] code=RESIDUE_MISMATCH parent_id=Q9H222 id=Q9H222-2 original_index=591 mapped_index=196 original_aa=N isoform_aa=G shift=-395 vsp_count=1
[PTM_FAIL] code=VSP_DELETION_EVENT parent_id=Q8IUA7 id=Q8IUA7-2 original_index=949 mapped_index=?
[PTM_FAIL] code=VSP_DELETION_EVENT parent_id=Q8IUA7 id=Q8IUA7-5 original_index=949 mapped_index=?
[PTM_FAIL] code=RESIDUE_MISMATCH parent_id=Q9BZC7 id=Q9BZC7-3 original_index=271 mapped_index=272 original_aa=Q isoform_aa=A shift=1 vsp_count=1
[PTM_FAIL] code=RESIDUE_MISMATCH parent_id=Q9BZC7 id=Q9BZC7-3 original_index=1238 mapped_index=1239 original_aa=S isoform_aa=P shift=1 vsp_count=1
[PTM_FAIL] code=RESIDUE_MISMATCH parent_id=Q9BZC7 id=Q9BZC7-3 original_index=1327 mapped_index=1328 original_aa=S isoform_aa=L shift=1 vsp_count=1
[PTM_FAIL] code=RESIDUE_MISMATCH parent_id=Q9BZC7 id=Q9BZC7-3 original_index=1331 mapped_index=1332 original_aa=S isoform_aa=E shift=1 vsp_count=1
[PTM_FAIL] code=RESIDUE_MISMATCH parent_id=Q9BZC7 id=Q9BZC7-3 original_index=2412 mapped_index=2413 original_aa=T isoform_aa=E shift=1 vsp_count=1
[PTM_FAIL] code=RESIDUE_MISMATCH parent_id=Q9BZC7 id=Q9BZC7-3 original_index=89 mapped_index=90 original_aa=N isoform_aa=S shift=1 vsp_count=1
[PTM_FAIL] code=RESIDUE_MISMATCH parent_id=Q9BZC7 id=Q9BZC7-3 original_index=168 mapped_index=169 original_aa=N isoform_aa=L shift=1 vsp_count=1
[PTM_FAIL] code=RESIDUE_MISMATCH parent_id=Q9BZC7 id=Q9BZC7-3 original_index=173 mapped_index=174 original_aa=N isoform_aa=S shift=1 vsp_count=1
[PTM_FAIL] code=RESIDUE_MISMATCH parent_id=Q9BZC7 id=Q9BZC7-3 original_index=305 mapped_index=306 original_aa=N isoform_aa=G shift=1 vsp_count=1
[PTM_FAIL] code=RESIDUE_MISMATCH parent_id=Q9BZC7 id=Q9BZC7-3 original_index=368 mapped_index=369 original_aa=N isoform_aa=G shift=1 vsp_count=1
[PTM_FAIL] code=RESIDUE_MISMATCH parent_id=Q9BZC7 id=Q9BZC7-3 original_index=379 mapped_index=380 original_aa=N isoform_aa=A shift=1 vsp_count=1
[PTM_FAIL] code=RESIDUE_MISMATCH parent_id=Q9BZC7 id=Q9BZC7-3 original_index=420 mapped_index=421 original_aa=N isoform_aa=R shift=1 vsp_count=1
[PTM_FAIL] code=RESIDUE_MISMATCH parent_id=Q9BZC7 id=Q9BZC7-3 original_index=432 mapped_index=433 original_aa=N isoform_aa=M shift=1 vsp_count=1
[PTM_FAIL] code=RESIDUE_MISMATCH parent_id=Q9BZC7 id=Q9BZC7-3 original_index=476 mapped_index=477 original_aa=N isoform_aa=E shift=1 vsp_count=1
[PTM_FAIL] code=RESIDUE_MISMATCH parent_id=Q9BZC7 id=Q9BZC7-3 original_index=484 mapped_index=485 original_aa=N isoform_aa=V shift=1 vsp_count=1
[PTM_FAIL] code=RESIDUE_MISMATCH parent_id=Q9BZC7 id=Q9BZC7-3 original_index=494 mapped_index=495 original_aa=N isoform_aa=I shift=1 vsp_count=1
[PTM_FAIL] code=RESIDUE_MISMATCH parent_id=Q9BZC7 id=Q9BZC7-3 original_index=530 mapped_index=531 original_aa=N isoform_aa=L shift=1 vsp_count=1
[PTM_FAIL] code=RESIDUE_MISMATCH parent_id=Q9BZC7 id=Q9BZC7-3 original_index=544 mapped_index=545 original_aa=N isoform_aa=F shift=1 vsp_count=1
[PTM_FAIL] code=RESIDUE_MISMATCH parent_id=Q9BZC7 id=Q9BZC7-3 original_index=590 mapped_index=591 original_aa=N isoform_aa=Y shift=1 vsp_count=1
[PTM_FAIL] code=RESIDUE_MISMATCH parent_id=Q9BZC7 id=Q9BZC7-3 original_index=600 mapped_index=601 original_aa=N isoform_aa=V shift=1 vsp_count=1
[PTM_FAIL] code=RESIDUE_MISMATCH parent_id=Q9BZC7 id=Q9BZC7-3 original_index=628 mapped_index=629 original_aa=N isoform_aa=S shift=1 vsp_count=1
[PTM_FAIL] code=RESIDUE_MISMATCH parent_id=Q9BZC7 id=Q9BZC7-3 original_index=1408 mapped_index=1409 original_aa=N isoform_aa=V shift=1 vsp_count=1
[PTM_FAIL] code=RESIDUE_MISMATCH parent_id=Q9BZC7 id=Q9BZC7-3 original_index=1496 mapped_index=1497 original_aa=N isoform_aa=Y shift=1 vsp_count=1
[PTM_FAIL] code=RESIDUE_MISMATCH parent_id=Q9BZC7 id=Q9BZC7-3 original_index=1549 mapped_index=1550 original_aa=N isoform_aa=G shift=1 vsp_count=1
[PTM_FAIL] code=RESIDUE_MISMATCH parent_id=Q9BZC7 id=Q9BZC7-3 original_index=1557 mapped_index=1558 original_aa=N isoform_aa=L shift=1 vsp_count=1
[PTM_FAIL] code=RESIDUE_MISMATCH parent_id=Q9BZC7 id=Q9BZC7-3 original_index=1612 mapped_index=1613 original_aa=N isoform_aa=V shift=1 vsp_count=1
[PTM_FAIL] code=RESIDUE_MISMATCH parent_id=Q9BZC7 id=Q9BZC7-3 original_index=1677 mapped_index=1678 original_aa=N isoform_aa=V shift=1 vsp_count=1
[PTM_FAIL] code=RESIDUE_MISMATCH parent_id=Q9BZC7 id=Q9BZC7-3 original_index=1775 mapped_index=1776 original_aa=N isoform_aa=K shift=1 vsp_count=1
[PTM_FAIL] code=RESIDUE_MISMATCH parent_id=Q9BZC7 id=Q9BZC7-3 original_index=2054 mapped_index=2055 original_aa=N isoform_aa=L shift=1 vsp_count=1
[PTM_FAIL] code=RESIDUE_MISMATCH parent_id=Q0P651 id=Q0P651-2 original_index=282 mapped_index=200 original_aa=N isoform_aa=M shift=-82 vsp_count=1
[PTM_FAIL] code=RESIDUE_MISMATCH parent_id=Q0P651 id=Q0P651-2 original_index=307 mapped_index=225 original_aa=N isoform_aa=S shift=-82 vsp_count=1
[PTM_FAIL] code=RESIDUE_MISMATCH parent_id=Q8N2K0 id=Q8N2K0-3 original_index=123 mapped_index=85 original_aa=N isoform_aa=A shift=-38 vsp_count=1
[PTM_FAIL] code=VSP_DELETION_EVENT parent_id=Q8NE71 id=Q8NE71-2 original_index=228 mapped_index=?
[PTM_FAIL] code=RESIDUE_MISMATCH parent_id=Q8NE71 id=Q8NE71-2 original_index=595 mapped_index=557 original_aa=S isoform_aa=K shift=-38 vsp_count=1
[PTM_FAIL] code=RESIDUE_MISMATCH parent_id=Q8IZP0 id=Q8IZP0-9 original_index=319 mapped_index=292 original_aa=S isoform_aa=P shift=-27 vsp_count=1
[PTM_FAIL] code=RESIDUE_MISMATCH parent_id=Q8IZP0 id=Q8IZP0-9 original_index=323 mapped_index=296 original_aa=S isoform_aa=V shift=-27 vsp_count=1
[PTM_FAIL] code=RESIDUE_MISMATCH parent_id=Q8IZP0 id=Q8IZP0-9 original_index=455 mapped_index=428 original_aa=Y isoform_aa=V shift=-27 vsp_count=1
[PTM_FAIL] code=RESIDUE_MISMATCH parent_id=Q8IZP0 id=Q8IZP0-9 original_index=466 mapped_index=439 original_aa=S isoform_aa=D shift=-27 vsp_count=1
[PTM_FAIL] code=RESIDUE_MISMATCH parent_id=Q8IZP0 id=Q8IZP0-9 original_index=507 mapped_index=480 original_aa=T isoform_aa=D shift=-27 vsp_count=1
[PTM_FAIL] code=RESIDUE_MISMATCH parent_id=O14639 id=O14639-2 original_index=216 mapped_index=156 original_aa=S isoform_aa=T shift=-60 vsp_count=1
[PTM_FAIL] code=RESIDUE_MISMATCH parent_id=O14639 id=O14639-2 original_index=373 mapped_index=313 original_aa=Y isoform_aa=R shift=-60 vsp_count=1
[PTM_FAIL] code=RESIDUE_MISMATCH parent_id=O14639 id=O14639-2 original_index=396 mapped_index=336 original_aa=Y isoform_aa=C shift=-60 vsp_count=1
[PTM_FAIL] code=RESIDUE_MISMATCH parent_id=O14639 id=O14639-2 original_index=426 mapped_index=366 original_aa=S isoform_aa=G shift=-60 vsp_count=1
[PTM_FAIL] code=RESIDUE_MISMATCH parent_id=O14639 id=O14639-2 original_index=431 mapped_index=371 original_aa=S isoform_aa=T shift=-60 vsp_count=1
[PTM_FAIL] code=RESIDUE_MISMATCH parent_id=O14639 id=O14639-2 original_index=433 mapped_index=373 original_aa=T isoform_aa=Y shift=-60 vsp_count=1
[PTM_FAIL] code=RESIDUE_MISMATCH parent_id=O14639 id=O14639-2 original_index=435 mapped_index=375 original_aa=S isoform_aa=K shift=-60 vsp_count=1
[PTM_FAIL] code=RESIDUE_MISMATCH parent_id=O14639 id=O14639-2 original_index=439 mapped_index=379 original_aa=Y isoform_aa=E shift=-60 vsp_count=1
[PTM_FAIL] code=RESIDUE_MISMATCH parent_id=O14639 id=O14639-2 original_index=452 mapped_index=392 original_aa=S isoform_aa=V shift=-60 vsp_count=1
[PTM_FAIL] code=RESIDUE_MISMATCH parent_id=O14639 id=O14639-2 original_index=455 mapped_index=395 original_aa=S isoform_aa=I shift=-60 vsp_count=1
[PTM_FAIL] code=RESIDUE_MISMATCH parent_id=O14639 id=O14639-2 original_index=458 mapped_index=398 original_aa=S isoform_aa=I shift=-60 vsp_count=1
[PTM_FAIL] code=RESIDUE_MISMATCH parent_id=O14639 id=O14639-2 original_index=498 mapped_index=438 original_aa=S isoform_aa=G shift=-60 vsp_count=1
[PTM_FAIL] code=RESIDUE_MISMATCH parent_id=O14639 id=O14639-2 original_index=587 mapped_index=527 original_aa=S isoform_aa=I shift=-60 vsp_count=1
[PTM_FAIL] code=RESIDUE_MISMATCH parent_id=O14639 id=O14639-2 original_index=640 mapped_index=580 original_aa=S isoform_aa=P shift=-60 vsp_count=1
[PTM_FAIL] code=RESIDUE_MISMATCH parent_id=O14639 id=O14639-2 original_index=655 mapped_index=595 original_aa=S isoform_aa=E shift=-60 vsp_count=1
[PTM_FAIL] code=RESIDUE_MISMATCH parent_id=O14639 id=O14639-2 original_index=677 mapped_index=617 original_aa=S isoform_aa=L shift=-60 vsp_count=1
[PTM_FAIL] code=RESIDUE_MISMATCH parent_id=O14639 id=O14639-2 original_index=620 mapped_index=560 original_aa=K isoform_aa=E shift=-60 vsp_count=1
[PTM_FAIL] code=VSP_UNRESOLVABLE parent_id=Q96IU4 id=Q96IU4-2 original_index=2 mapped_index=?
[PTM_FAIL] code=RESIDUE_MISMATCH parent_id=Q96IU4 id=Q96IU4-2 original_index=91 mapped_index=53 original_aa=S isoform_aa=T shift=-38 vsp_count=1
[PTM_FAIL] code=RESIDUE_MISMATCH parent_id=Q8NFV4 id=Q8NFV4-4 original_index=78 mapped_index=71 original_aa=K isoform_aa=T shift=-7 vsp_count=1
[PTM_FAIL] code=RESIDUE_MISMATCH parent_id=Q6H8Q1 id=Q6H8Q1-2 original_index=578 mapped_index=539 original_aa=S isoform_aa=A shift=-39 vsp_count=1
[PTM_FAIL] code=RESIDUE_MISMATCH parent_id=Q6H8Q1 id=Q6H8Q1-7 original_index=452 mapped_index=400 original_aa=S isoform_aa=L shift=-52 vsp_count=1
[PTM_FAIL] code=RESIDUE_MISMATCH parent_id=Q6H8Q1 id=Q6H8Q1-7 original_index=472 mapped_index=420 original_aa=T isoform_aa=F shift=-52 vsp_count=1
[PTM_FAIL] code=RESIDUE_MISMATCH parent_id=Q6H8Q1 id=Q6H8Q1-7 original_index=476 mapped_index=424 original_aa=S isoform_aa=D shift=-52 vsp_count=1
[PTM_FAIL] code=RESIDUE_MISMATCH parent_id=Q6H8Q1 id=Q6H8Q1-7 original_index=578 mapped_index=526 original_aa=S isoform_aa=R shift=-52 vsp_count=1
[PTM_FAIL] code=VSP_DELETION_EVENT parent_id=O94929 id=O94929-4 original_index=1 mapped_index=?
[PTM_FAIL] code=VSP_DELETION_EVENT parent_id=O94929 id=O94929-4 original_index=277 mapped_index=?
[PTM_FAIL] code=VSP_DELETION_EVENT parent_id=O94929 id=O94929-4 original_index=280 mapped_index=?
[PTM_FAIL] code=VSP_DELETION_EVENT parent_id=O94929 id=O94929-4 original_index=282 mapped_index=?
[PTM_FAIL] code=VSP_DELETION_EVENT parent_id=O94929 id=O94929-4 original_index=286 mapped_index=?
[PTM_FAIL] code=VSP_DELETION_EVENT parent_id=O94929 id=O94929-4 original_index=290 mapped_index=?
[PTM_FAIL] code=VSP_DELETION_EVENT parent_id=O94929 id=O94929-4 original_index=337 mapped_index=?
[PTM_FAIL] code=VSP_DELETION_EVENT parent_id=O94929 id=O94929-4 original_index=372 mapped_index=?
[PTM_FAIL] code=VSP_DELETION_EVENT parent_id=O94929 id=O94929-4 original_index=373 mapped_index=?
[PTM_FAIL] code=VSP_DELETION_EVENT parent_id=O94929 id=O94929-4 original_index=376 mapped_index=?
[PTM_FAIL] code=VSP_DELETION_EVENT parent_id=O94929 id=O94929-4 original_index=379 mapped_index=?
[PTM_FAIL] code=VSP_DELETION_EVENT parent_id=O94929 id=O94929-4 original_index=388 mapped_index=?
[PTM_FAIL] code=VSP_DELETION_EVENT parent_id=O94929 id=O94929-4 original_index=493 mapped_index=?
[PTM_FAIL] code=VSP_DELETION_EVENT parent_id=O94929 id=O94929-4 original_index=503 mapped_index=?
[PTM_FAIL] code=VSP_DELETION_EVENT parent_id=O94929 id=O94929-4 original_index=504 mapped_index=?
[PTM_FAIL] code=RESIDUE_MISMATCH parent_id=O94929 id=O94929-4 original_index=567 mapped_index=53 original_aa=S isoform_aa=G shift=-514 vsp_count=1
[PTM_FAIL] code=RESIDUE_MISMATCH parent_id=O94929 id=O94929-4 original_index=576 mapped_index=62 original_aa=S isoform_aa=F shift=-514 vsp_count=1
[PTM_FAIL] code=RESIDUE_MISMATCH parent_id=O94929 id=O94929-4 original_index=607 mapped_index=93 original_aa=S isoform_aa=V shift=-514 vsp_count=1
[PTM_FAIL] code=RESIDUE_MISMATCH parent_id=O94929 id=O94929-4 original_index=631 mapped_index=117 original_aa=R isoform_aa=I shift=-514 vsp_count=1
[PTM_FAIL] code=RESIDUE_MISMATCH parent_id=Q9NYB9 id=Q9NYB9-4 original_index=183 mapped_index=177 original_aa=S isoform_aa=P shift=-6 vsp_count=1
[PTM_FAIL] code=RESIDUE_MISMATCH parent_id=Q9NYB9 id=Q9NYB9-4 original_index=227 mapped_index=221 original_aa=S isoform_aa=M shift=-6 vsp_count=1
[PTM_FAIL] code=RESIDUE_MISMATCH parent_id=Q9NYB9 id=Q9NYB9-4 original_index=361 mapped_index=355 original_aa=T isoform_aa=R shift=-6 vsp_count=1
[PTM_FAIL] code=RESIDUE_MISMATCH parent_id=Q9NYB9 id=Q9NYB9-4 original_index=368 mapped_index=362 original_aa=S isoform_aa=P shift=-6 vsp_count=1
[PTM_FAIL] code=RESIDUE_MISMATCH parent_id=P00519 id=P00519-2 original_index=50 mapped_index=69 original_aa=S isoform_aa=L shift=19 vsp_count=1
[PTM_FAIL] code=RESIDUE_MISMATCH parent_id=P00519 id=P00519-2 original_index=70 mapped_index=89 original_aa=Y isoform_aa=R shift=19 vsp_count=1
[PTM_FAIL] code=RESIDUE_MISMATCH parent_id=P00519 id=P00519-2 original_index=115 mapped_index=134 original_aa=Y isoform_aa=R shift=19 vsp_count=1
[PTM_FAIL] code=RESIDUE_MISMATCH parent_id=P00519 id=P00519-2 original_index=128 mapped_index=147 original_aa=Y isoform_aa=G shift=19 vsp_count=1
[PTM_FAIL] code=RESIDUE_MISMATCH parent_id=P00519 id=P00519-2 original_index=139 mapped_index=158 original_aa=Y isoform_aa=P shift=19 vsp_count=1
[PTM_FAIL] code=RESIDUE_MISMATCH parent_id=P00519 id=P00519-2 original_index=172 mapped_index=191 original_aa=Y isoform_aa=R shift=19 vsp_count=1
[PTM_FAIL] code=RESIDUE_MISMATCH parent_id=P00519 id=P00519-2 original_index=185 mapped_index=204 original_aa=Y isoform_aa=T shift=19 vsp_count=1
[PTM_FAIL] code=RESIDUE_MISMATCH parent_id=P00519 id=P00519-2 original_index=215 mapped_index=234 original_aa=Y isoform_aa=K shift=19 vsp_count=1
[PTM_FAIL] code=RESIDUE_MISMATCH parent_id=P00519 id=P00519-2 original_index=226 mapped_index=245 original_aa=Y isoform_aa=K shift=19 vsp_count=1
[PTM_FAIL] code=RESIDUE_MISMATCH parent_id=P00519 id=P00519-2 original_index=229 mapped_index=248 original_aa=S isoform_aa=L shift=19 vsp_count=1
[PTM_FAIL] code=RESIDUE_MISMATCH parent_id=P00519 id=P00519-2 original_index=253 mapped_index=272 original_aa=Y isoform_aa=T shift=19 vsp_count=1
[PTM_FAIL] code=RESIDUE_MISMATCH parent_id=P00519 id=P00519-2 original_index=257 mapped_index=276 original_aa=Y isoform_aa=D shift=19 vsp_count=1
[PTM_FAIL] code=RESIDUE_MISMATCH parent_id=P00519 id=P00519-2 original_index=393 mapped_index=412 original_aa=Y isoform_aa=A shift=19 vsp_count=1
[PTM_FAIL] code=RESIDUE_MISMATCH parent_id=P00519 id=P00519-2 original_index=413 mapped_index=432 original_aa=Y isoform_aa=I shift=19 vsp_count=1
[PTM_FAIL] code=RESIDUE_MISMATCH parent_id=P00519 id=P00519-2 original_index=446 mapped_index=465 original_aa=S isoform_aa=P shift=19 vsp_count=1
[PTM_FAIL] code=RESIDUE_MISMATCH parent_id=P00519 id=P00519-2 original_index=559 mapped_index=578 original_aa=S isoform_aa=G shift=19 vsp_count=1
[PTM_FAIL] code=RESIDUE_MISMATCH parent_id=P00519 id=P00519-2 original_index=569 mapped_index=588 original_aa=S isoform_aa=E shift=19 vsp_count=1
[PTM_FAIL] code=RESIDUE_MISMATCH parent_id=P00519 id=P00519-2 original_index=618 mapped_index=637 original_aa=S isoform_aa=E shift=19 vsp_count=1
[PTM_FAIL] code=RESIDUE_MISMATCH parent_id=P00519 id=P00519-2 original_index=619 mapped_index=638 original_aa=S isoform_aa=G shift=19 vsp_count=1
[PTM_FAIL] code=RESIDUE_MISMATCH parent_id=P00519 id=P00519-2 original_index=620 mapped_index=639 original_aa=S isoform_aa=R shift=19 vsp_count=1
[PTM_FAIL] code=RESIDUE_MISMATCH parent_id=P00519 id=P00519-2 original_index=659 mapped_index=678 original_aa=S isoform_aa=G shift=19 vsp_count=1
[PTM_FAIL] code=RESIDUE_MISMATCH parent_id=P00519 id=P00519-2 original_index=683 mapped_index=702 original_aa=S isoform_aa=E shift=19 vsp_count=1
[PTM_FAIL] code=RESIDUE_MISMATCH parent_id=P00519 id=P00519-2 original_index=711 mapped_index=730 original_aa=K isoform_aa=E shift=19 vsp_count=1
[PTM_FAIL] code=RESIDUE_MISMATCH parent_id=P00519 id=P00519-2 original_index=718 mapped_index=737 original_aa=S isoform_aa=P shift=19 vsp_count=1
[PTM_FAIL] code=RESIDUE_MISMATCH parent_id=P00519 id=P00519-2 original_index=735 mapped_index=754 original_aa=T isoform_aa=G shift=19 vsp_count=1
[PTM_FAIL] code=RESIDUE_MISMATCH parent_id=P00519 id=P00519-2 original_index=751 mapped_index=770 original_aa=T isoform_aa=N shift=19 vsp_count=1
[PTM_FAIL] code=RESIDUE_MISMATCH parent_id=P00519 id=P00519-2 original_index=781 mapped_index=800 original_aa=T isoform_aa=D shift=19 vsp_count=1
[PTM_FAIL] code=RESIDUE_MISMATCH parent_id=P00519 id=P00519-2 original_index=814 mapped_index=833 original_aa=T isoform_aa=K shift=19 vsp_count=1
[PTM_FAIL] code=RESIDUE_MISMATCH parent_id=P00519 id=P00519-2 original_index=823 mapped_index=842 original_aa=T isoform_aa=L shift=19 vsp_count=1
[PTM_FAIL] code=RESIDUE_MISMATCH parent_id=P00519 id=P00519-2 original_index=844 mapped_index=863 original_aa=T isoform_aa=G shift=19 vsp_count=1
[PTM_FAIL] code=RESIDUE_MISMATCH parent_id=P00519 id=P00519-2 original_index=852 mapped_index=871 original_aa=T isoform_aa=E shift=19 vsp_count=1
[PTM_FAIL] code=RESIDUE_MISMATCH parent_id=P00519 id=P00519-2 original_index=855 mapped_index=874 original_aa=S isoform_aa=R shift=19 vsp_count=1
[PTM_FAIL] code=RESIDUE_MISMATCH parent_id=P00519 id=P00519-2 original_index=977 mapped_index=996 original_aa=S isoform_aa=Q shift=19 vsp_count=1
[PTM_FAIL] code=RESIDUE_MISMATCH parent_id=Q9P2A4 id=Q9P2A4-2 original_index=342 mapped_index=336 original_aa=S isoform_aa=C shift=-6 vsp_count=1
[PTM_FAIL] code=VSP_DELETION_EVENT parent_id=Q6UWZ7 id=Q6UWZ7-2 original_index=48 mapped_index=?
[PTM_FAIL] code=RESIDUE_MISMATCH parent_id=Q6UWZ7 id=Q6UWZ7-2 original_index=386 mapped_index=277 original_aa=S isoform_aa=N shift=-109 vsp_count=1
[PTM_FAIL] code=RESIDUE_MISMATCH parent_id=Q6UWZ7 id=Q6UWZ7-2 original_index=387 mapped_index=278 original_aa=S isoform_aa=I shift=-109 vsp_count=1
[PTM_FAIL] code=RESIDUE_MISMATCH parent_id=Q6UWZ7 id=Q6UWZ7-2 original_index=390 mapped_index=281 original_aa=T isoform_aa=C shift=-109 vsp_count=1
[PTM_FAIL] code=RESIDUE_MISMATCH parent_id=Q6UWZ7 id=Q6UWZ7-2 original_index=404 mapped_index=295 original_aa=S isoform_aa=H shift=-109 vsp_count=1
[PTM_FAIL] code=RESIDUE_MISMATCH parent_id=Q6UWZ7 id=Q6UWZ7-2 original_index=406 mapped_index=297 original_aa=S isoform_aa=C shift=-109 vsp_count=1
[PTM_FAIL] code=VSP_UNRESOLVABLE parent_id=Q12979 id=Q12979-2 original_index=57 mapped_index=?
[PTM_FAIL] code=RESIDUE_MISMATCH parent_id=Q12979 id=Q12979-4 original_index=57 mapped_index=11 original_aa=S isoform_aa=R shift=-46 vsp_count=1
[PTM_FAIL] code=RESIDUE_MISMATCH parent_id=P42684 id=P42684-2 original_index=97 mapped_index=61 original_aa=S isoform_aa=D shift=-36 vsp_count=1
[PTM_FAIL] code=RESIDUE_MISMATCH parent_id=P42684 id=P42684-2 original_index=161 mapped_index=125 original_aa=Y isoform_aa=T shift=-36 vsp_count=1
[PTM_FAIL] code=RESIDUE_MISMATCH parent_id=P42684 id=P42684-2 original_index=174 mapped_index=138 original_aa=Y isoform_aa=G shift=-36 vsp_count=1
[PTM_FAIL] code=RESIDUE_MISMATCH parent_id=P42684 id=P42684-2 original_index=185 mapped_index=149 original_aa=Y isoform_aa=R shift=-36 vsp_count=1
[PTM_FAIL] code=RESIDUE_MISMATCH parent_id=P42684 id=P42684-2 original_index=218 mapped_index=182 original_aa=Y isoform_aa=A shift=-36 vsp_count=1
[PTM_FAIL] code=RESIDUE_MISMATCH parent_id=P42684 id=P42684-2 original_index=231 mapped_index=195 original_aa=Y isoform_aa=F shift=-36 vsp_count=1
[PTM_FAIL] code=RESIDUE_MISMATCH parent_id=P42684 id=P42684-2 original_index=261 mapped_index=225 original_aa=Y isoform_aa=T shift=-36 vsp_count=1
[PTM_FAIL] code=RESIDUE_MISMATCH parent_id=P42684 id=P42684-2 original_index=272 mapped_index=236 original_aa=Y isoform_aa=S shift=-36 vsp_count=1
[PTM_FAIL] code=RESIDUE_MISMATCH parent_id=P42684 id=P42684-2 original_index=299 mapped_index=263 original_aa=Y isoform_aa=A shift=-36 vsp_count=1
[PTM_FAIL] code=RESIDUE_MISMATCH parent_id=P42684 id=P42684-2 original_index=303 mapped_index=267 original_aa=Y isoform_aa=N shift=-36 vsp_count=1
[PTM_FAIL] code=RESIDUE_MISMATCH parent_id=P42684 id=P42684-2 original_index=439 mapped_index=403 original_aa=Y isoform_aa=K shift=-36 vsp_count=1
[PTM_FAIL] code=RESIDUE_MISMATCH parent_id=P42684 id=P42684-2 original_index=459 mapped_index=423 original_aa=Y isoform_aa=V shift=-36 vsp_count=1
[PTM_FAIL] code=RESIDUE_MISMATCH parent_id=P42684 id=P42684-2 original_index=568 mapped_index=532 original_aa=Y isoform_aa=F shift=-36 vsp_count=1
[PTM_FAIL] code=RESIDUE_MISMATCH parent_id=P42684 id=P42684-2 original_index=620 mapped_index=584 original_aa=S isoform_aa=K shift=-36 vsp_count=1
[PTM_FAIL] code=RESIDUE_MISMATCH parent_id=P42684 id=P42684-2 original_index=631 mapped_index=595 original_aa=S isoform_aa=A shift=-36 vsp_count=1
[PTM_FAIL] code=RESIDUE_MISMATCH parent_id=P42684 id=P42684-2 original_index=633 mapped_index=597 original_aa=S isoform_aa=D shift=-36 vsp_count=1
[PTM_FAIL] code=RESIDUE_MISMATCH parent_id=P42684 id=P42684-2 original_index=655 mapped_index=619 original_aa=S isoform_aa=G shift=-36 vsp_count=1
[PTM_FAIL] code=RESIDUE_MISMATCH parent_id=P42684 id=P42684-2 original_index=671 mapped_index=635 original_aa=S isoform_aa=L shift=-36 vsp_count=1
[PTM_FAIL] code=RESIDUE_MISMATCH parent_id=P42684 id=P42684-2 original_index=683 mapped_index=647 original_aa=Y isoform_aa=D shift=-36 vsp_count=1
[PTM_FAIL] code=RESIDUE_MISMATCH parent_id=P42684 id=P42684-2 original_index=718 mapped_index=682 original_aa=Y isoform_aa=K shift=-36 vsp_count=1
[PTM_FAIL] code=RESIDUE_MISMATCH parent_id=P42684 id=P42684-2 original_index=776 mapped_index=740 original_aa=K isoform_aa=T shift=-36 vsp_count=1
[PTM_FAIL] code=RESIDUE_MISMATCH parent_id=P42684 id=P42684-2 original_index=783 mapped_index=747 original_aa=S isoform_aa=G shift=-36 vsp_count=1
[PTM_FAIL] code=RESIDUE_MISMATCH parent_id=P42684 id=P42684-2 original_index=800 mapped_index=764 original_aa=T isoform_aa=R shift=-36 vsp_count=1
[PTM_FAIL] code=RESIDUE_MISMATCH parent_id=P42684 id=P42684-2 original_index=820 mapped_index=784 original_aa=S isoform_aa=T shift=-36 vsp_count=1
[PTM_FAIL] code=RESIDUE_MISMATCH parent_id=P42684 id=P42684-2 original_index=915 mapped_index=879 original_aa=S isoform_aa=V shift=-36 vsp_count=1
[PTM_FAIL] code=RESIDUE_MISMATCH parent_id=P42684 id=P42684-2 original_index=936 mapped_index=900 original_aa=S isoform_aa=G shift=-36 vsp_count=1
[PTM_FAIL] code=RESIDUE_MISMATCH parent_id=P42684 id=P42684-2 original_index=647 mapped_index=611 original_aa=D isoform_aa=I shift=-36 vsp_count=1
[PTM_FAIL] code=RESIDUE_MISMATCH parent_id=P42684 id=P42684-2 original_index=683 mapped_index=647 original_aa=Y isoform_aa=D shift=-36 vsp_count=1
[PTM_FAIL] code=RESIDUE_MISMATCH parent_id=P42684 id=P42684-2 original_index=662 mapped_index=626 original_aa=A isoform_aa=K shift=-36 vsp_count=1
[PTM_FAIL] code=RESIDUE_MISMATCH parent_id=P42684 id=P42684-2 original_index=668 mapped_index=632 original_aa=R isoform_aa=P shift=-36 vsp_count=1
[PTM_FAIL] code=RESIDUE_MISMATCH parent_id=P42684 id=P42684-3 original_index=97 mapped_index=82 original_aa=S isoform_aa=C shift=-15 vsp_count=1
[PTM_FAIL] code=RESIDUE_MISMATCH parent_id=P42684 id=P42684-3 original_index=116 mapped_index=101 original_aa=Y isoform_aa=L shift=-15 vsp_count=1
[PTM_FAIL] code=RESIDUE_MISMATCH parent_id=P42684 id=P42684-3 original_index=161 mapped_index=146 original_aa=Y isoform_aa=S shift=-15 vsp_count=1
[PTM_FAIL] code=RESIDUE_MISMATCH parent_id=P42684 id=P42684-3 original_index=174 mapped_index=159 original_aa=Y isoform_aa=S shift=-15 vsp_count=1
[PTM_FAIL] code=RESIDUE_MISMATCH parent_id=P42684 id=P42684-3 original_index=185 mapped_index=170 original_aa=Y isoform_aa=K shift=-15 vsp_count=1
[PTM_FAIL] code=RESIDUE_MISMATCH parent_id=P42684 id=P42684-3 original_index=218 mapped_index=203 original_aa=Y isoform_aa=S shift=-15 vsp_count=1
[PTM_FAIL] code=RESIDUE_MISMATCH parent_id=P42684 id=P42684-3 original_index=231 mapped_index=216 original_aa=Y isoform_aa=R shift=-15 vsp_count=1
[PTM_FAIL] code=RESIDUE_MISMATCH parent_id=P42684 id=P42684-3 original_index=261 mapped_index=246 original_aa=Y isoform_aa=H shift=-15 vsp_count=1
[PTM_FAIL] code=RESIDUE_MISMATCH parent_id=P42684 id=P42684-3 original_index=272 mapped_index=257 original_aa=Y isoform_aa=T shift=-15 vsp_count=1
[PTM_FAIL] code=RESIDUE_MISMATCH parent_id=P42684 id=P42684-3 original_index=275 mapped_index=260 original_aa=S isoform_aa=H shift=-15 vsp_count=1
[PTM_FAIL] code=RESIDUE_MISMATCH parent_id=P42684 id=P42684-3 original_index=299 mapped_index=284 original_aa=Y isoform_aa=E shift=-15 vsp_count=1
[PTM_FAIL] code=RESIDUE_MISMATCH parent_id=P42684 id=P42684-3 original_index=303 mapped_index=288 original_aa=Y isoform_aa=I shift=-15 vsp_count=1
[PTM_FAIL] code=RESIDUE_MISMATCH parent_id=P42684 id=P42684-3 original_index=439 mapped_index=424 original_aa=Y isoform_aa=K shift=-15 vsp_count=1
[PTM_FAIL] code=RESIDUE_MISMATCH parent_id=P42684 id=P42684-3 original_index=459 mapped_index=444 original_aa=Y isoform_aa=G shift=-15 vsp_count=1
[PTM_FAIL] code=RESIDUE_MISMATCH parent_id=P42684 id=P42684-3 original_index=568 mapped_index=553 original_aa=Y isoform_aa=A shift=-15 vsp_count=1
[PTM_FAIL] code=RESIDUE_MISMATCH parent_id=P42684 id=P42684-3 original_index=631 mapped_index=616 original_aa=S isoform_aa=A shift=-15 vsp_count=1
[PTM_FAIL] code=RESIDUE_MISMATCH parent_id=P42684 id=P42684-3 original_index=655 mapped_index=640 original_aa=S isoform_aa=K shift=-15 vsp_count=1
[PTM_FAIL] code=RESIDUE_MISMATCH parent_id=P42684 id=P42684-3 original_index=671 mapped_index=656 original_aa=S isoform_aa=F shift=-15 vsp_count=1
[PTM_FAIL] code=RESIDUE_MISMATCH parent_id=P42684 id=P42684-3 original_index=683 mapped_index=668 original_aa=Y isoform_aa=R shift=-15 vsp_count=1
[PTM_FAIL] code=RESIDUE_MISMATCH parent_id=P42684 id=P42684-3 original_index=718 mapped_index=703 original_aa=Y isoform_aa=F shift=-15 vsp_count=1
[PTM_FAIL] code=RESIDUE_MISMATCH parent_id=P42684 id=P42684-3 original_index=776 mapped_index=761 original_aa=K isoform_aa=L shift=-15 vsp_count=1
[PTM_FAIL] code=RESIDUE_MISMATCH parent_id=P42684 id=P42684-3 original_index=783 mapped_index=768 original_aa=S isoform_aa=P shift=-15 vsp_count=1
[PTM_FAIL] code=RESIDUE_MISMATCH parent_id=P42684 id=P42684-3 original_index=800 mapped_index=785 original_aa=T isoform_aa=S shift=-15 vsp_count=1
[PTM_FAIL] code=RESIDUE_MISMATCH parent_id=P42684 id=P42684-3 original_index=817 mapped_index=802 original_aa=S isoform_aa=P shift=-15 vsp_count=1
[PTM_FAIL] code=RESIDUE_MISMATCH parent_id=P42684 id=P42684-3 original_index=820 mapped_index=805 original_aa=S isoform_aa=C shift=-15 vsp_count=1
[PTM_FAIL] code=RESIDUE_MISMATCH parent_id=P42684 id=P42684-3 original_index=915 mapped_index=900 original_aa=S isoform_aa=G shift=-15 vsp_count=1
[PTM_FAIL] code=RESIDUE_MISMATCH parent_id=P42684 id=P42684-3 original_index=936 mapped_index=921 original_aa=S isoform_aa=P shift=-15 vsp_count=1
[PTM_FAIL] code=RESIDUE_MISMATCH parent_id=P42684 id=P42684-3 original_index=647 mapped_index=632 original_aa=D isoform_aa=P shift=-15 vsp_count=1
[PTM_FAIL] code=RESIDUE_MISMATCH parent_id=P42684 id=P42684-3 original_index=683 mapped_index=668 original_aa=Y isoform_aa=R shift=-15 vsp_count=1
[PTM_FAIL] code=RESIDUE_MISMATCH parent_id=P42684 id=P42684-3 original_index=662 mapped_index=647 original_aa=A isoform_aa=D shift=-15 vsp_count=1
[PTM_FAIL] code=RESIDUE_MISMATCH parent_id=P42684 id=P42684-3 original_index=668 mapped_index=653 original_aa=R isoform_aa=F shift=-15 vsp_count=1
[PTM_FAIL] code=VSP_DELETION_EVENT parent_id=P42684 id=P42684-5 original_index=718 mapped_index=?
[PTM_FAIL] code=VSP_DELETION_EVENT parent_id=P42684 id=P42684-5 original_index=776 mapped_index=?
[PTM_FAIL] code=VSP_DELETION_EVENT parent_id=P42684 id=P42684-5 original_index=783 mapped_index=?
[PTM_FAIL] code=RESIDUE_MISMATCH parent_id=P42684 id=P42684-5 original_index=800 mapped_index=697 original_aa=T isoform_aa=H shift=-103 vsp_count=1
[PTM_FAIL] code=RESIDUE_MISMATCH parent_id=P42684 id=P42684-5 original_index=817 mapped_index=714 original_aa=S isoform_aa=P shift=-103 vsp_count=1
[PTM_FAIL] code=RESIDUE_MISMATCH parent_id=P42684 id=P42684-5 original_index=820 mapped_index=717 original_aa=S isoform_aa=C shift=-103 vsp_count=1
[PTM_FAIL] code=RESIDUE_MISMATCH parent_id=P42684 id=P42684-5 original_index=915 mapped_index=812 original_aa=S isoform_aa=L shift=-103 vsp_count=1
[PTM_FAIL] code=RESIDUE_MISMATCH parent_id=P42684 id=P42684-5 original_index=936 mapped_index=833 original_aa=S isoform_aa=L shift=-103 vsp_count=1
[PTM_FAIL] code=RESIDUE_MISMATCH parent_id=P42684 id=P42684-6 original_index=97 mapped_index=76 original_aa=S isoform_aa=L shift=-21 vsp_count=1
[PTM_FAIL] code=RESIDUE_MISMATCH parent_id=P42684 id=P42684-6 original_index=116 mapped_index=95 original_aa=Y isoform_aa=W shift=-21 vsp_count=1
[PTM_FAIL] code=RESIDUE_MISMATCH parent_id=P42684 id=P42684-6 original_index=161 mapped_index=140 original_aa=Y isoform_aa=N shift=-21 vsp_count=1
[PTM_FAIL] code=RESIDUE_MISMATCH parent_id=P42684 id=P42684-6 original_index=174 mapped_index=153 original_aa=Y isoform_aa=G shift=-21 vsp_count=1
[PTM_FAIL] code=RESIDUE_MISMATCH parent_id=P42684 id=P42684-6 original_index=185 mapped_index=164 original_aa=Y isoform_aa=P shift=-21 vsp_count=1
[PTM_FAIL] code=RESIDUE_MISMATCH parent_id=P42684 id=P42684-6 original_index=218 mapped_index=197 original_aa=Y isoform_aa=V shift=-21 vsp_count=1
[PTM_FAIL] code=RESIDUE_MISMATCH parent_id=P42684 id=P42684-6 original_index=231 mapped_index=210 original_aa=Y isoform_aa=S shift=-21 vsp_count=1
[PTM_FAIL] code=RESIDUE_MISMATCH parent_id=P42684 id=P42684-6 original_index=261 mapped_index=240 original_aa=Y isoform_aa=T shift=-21 vsp_count=1
[PTM_FAIL] code=RESIDUE_MISMATCH parent_id=P42684 id=P42684-6 original_index=272 mapped_index=251 original_aa=Y isoform_aa=V shift=-21 vsp_count=1
[PTM_FAIL] code=RESIDUE_MISMATCH parent_id=P42684 id=P42684-6 original_index=275 mapped_index=254 original_aa=S isoform_aa=G shift=-21 vsp_count=1
[PTM_FAIL] code=RESIDUE_MISMATCH parent_id=P42684 id=P42684-6 original_index=299 mapped_index=278 original_aa=Y isoform_aa=H shift=-21 vsp_count=1
[PTM_FAIL] code=RESIDUE_MISMATCH parent_id=P42684 id=P42684-6 original_index=303 mapped_index=282 original_aa=Y isoform_aa=E shift=-21 vsp_count=1
[PTM_FAIL] code=RESIDUE_MISMATCH parent_id=P42684 id=P42684-6 original_index=439 mapped_index=418 original_aa=Y isoform_aa=G shift=-21 vsp_count=1
[PTM_FAIL] code=RESIDUE_MISMATCH parent_id=P42684 id=P42684-6 original_index=459 mapped_index=438 original_aa=Y isoform_aa=T shift=-21 vsp_count=1
[PTM_FAIL] code=RESIDUE_MISMATCH parent_id=P42684 id=P42684-6 original_index=568 mapped_index=547 original_aa=Y isoform_aa=S shift=-21 vsp_count=1
[PTM_FAIL] code=RESIDUE_MISMATCH parent_id=P42684 id=P42684-6 original_index=620 mapped_index=599 original_aa=S isoform_aa=T shift=-21 vsp_count=1
[PTM_FAIL] code=RESIDUE_MISMATCH parent_id=P42684 id=P42684-6 original_index=631 mapped_index=610 original_aa=S isoform_aa=F shift=-21 vsp_count=1
[PTM_FAIL] code=RESIDUE_MISMATCH parent_id=P42684 id=P42684-6 original_index=633 mapped_index=612 original_aa=S isoform_aa=R shift=-21 vsp_count=1
[PTM_FAIL] code=RESIDUE_MISMATCH parent_id=P42684 id=P42684-6 original_index=669 mapped_index=648 original_aa=S isoform_aa=R shift=-21 vsp_count=1
[PTM_FAIL] code=RESIDUE_MISMATCH parent_id=P42684 id=P42684-6 original_index=670 mapped_index=649 original_aa=S isoform_aa=K shift=-21 vsp_count=1
[PTM_FAIL] code=RESIDUE_MISMATCH parent_id=P42684 id=P42684-6 original_index=671 mapped_index=650 original_aa=S isoform_aa=G shift=-21 vsp_count=1
[PTM_FAIL] code=RESIDUE_MISMATCH parent_id=P42684 id=P42684-6 original_index=683 mapped_index=662 original_aa=Y isoform_aa=A shift=-21 vsp_count=1
[PTM_FAIL] code=RESIDUE_MISMATCH parent_id=P42684 id=P42684-6 original_index=718 mapped_index=697 original_aa=Y isoform_aa=H shift=-21 vsp_count=1
[PTM_FAIL] code=RESIDUE_MISMATCH parent_id=P42684 id=P42684-6 original_index=776 mapped_index=755 original_aa=K isoform_aa=R shift=-21 vsp_count=1
[PTM_FAIL] code=RESIDUE_MISMATCH parent_id=P42684 id=P42684-6 original_index=783 mapped_index=762 original_aa=S isoform_aa=G shift=-21 vsp_count=1
[PTM_FAIL] code=RESIDUE_MISMATCH parent_id=P42684 id=P42684-6 original_index=800 mapped_index=779 original_aa=T isoform_aa=P shift=-21 vsp_count=1
[PTM_FAIL] code=RESIDUE_MISMATCH parent_id=P42684 id=P42684-6 original_index=817 mapped_index=796 original_aa=S isoform_aa=R shift=-21 vsp_count=1
[PTM_FAIL] code=RESIDUE_MISMATCH parent_id=P42684 id=P42684-6 original_index=820 mapped_index=799 original_aa=S isoform_aa=M shift=-21 vsp_count=1
[PTM_FAIL] code=RESIDUE_MISMATCH parent_id=P42684 id=P42684-6 original_index=915 mapped_index=894 original_aa=S isoform_aa=N shift=-21 vsp_count=1
[PTM_FAIL] code=RESIDUE_MISMATCH parent_id=P42684 id=P42684-6 original_index=647 mapped_index=626 original_aa=D isoform_aa=K shift=-21 vsp_count=1
[PTM_FAIL] code=RESIDUE_MISMATCH parent_id=P42684 id=P42684-6 original_index=683 mapped_index=662 original_aa=Y isoform_aa=A shift=-21 vsp_count=1
[PTM_FAIL] code=RESIDUE_MISMATCH parent_id=P42684 id=P42684-6 original_index=662 mapped_index=641 original_aa=A isoform_aa=E shift=-21 vsp_count=1
[PTM_FAIL] code=RESIDUE_MISMATCH parent_id=P42684 id=P42684-6 original_index=668 mapped_index=647 original_aa=R isoform_aa=D shift=-21 vsp_count=1
[PTM_FAIL] code=VSP_UNRESOLVABLE parent_id=Q13085 id=Q13085-2 original_index=5 mapped_index=?
[PTM_FAIL] code=VSP_UNRESOLVABLE parent_id=Q13085 id=Q13085-2 original_index=23 mapped_index=?
[PTM_FAIL] code=VSP_UNRESOLVABLE parent_id=Q13085 id=Q13085-2 original_index=25 mapped_index=?
[PTM_FAIL] code=VSP_UNRESOLVABLE parent_id=Q13085 id=Q13085-2 original_index=29 mapped_index=?
[PTM_FAIL] code=VSP_UNRESOLVABLE parent_id=Q13085 id=Q13085-2 original_index=34 mapped_index=?
[PTM_FAIL] code=VSP_UNRESOLVABLE parent_id=Q13085 id=Q13085-2 original_index=48 mapped_index=?
[PTM_FAIL] code=VSP_UNRESOLVABLE parent_id=Q13085 id=Q13085-2 original_index=50 mapped_index=?
[PTM_FAIL] code=VSP_UNRESOLVABLE parent_id=Q13085 id=Q13085-2 original_index=53 mapped_index=?
[PTM_FAIL] code=VSP_UNRESOLVABLE parent_id=Q13085 id=Q13085-2 original_index=58 mapped_index=?
[PTM_FAIL] code=RESIDUE_MISMATCH parent_id=Q13085 id=Q13085-2 original_index=78 mapped_index=20 original_aa=S isoform_aa=I shift=-58 vsp_count=1
[PTM_FAIL] code=RESIDUE_MISMATCH parent_id=Q13085 id=Q13085-2 original_index=80 mapped_index=22 original_aa=S isoform_aa=G shift=-58 vsp_count=1
[PTM_FAIL] code=RESIDUE_MISMATCH parent_id=Q13085 id=Q13085-2 original_index=488 mapped_index=430 original_aa=S isoform_aa=D shift=-58 vsp_count=1
[PTM_FAIL] code=RESIDUE_MISMATCH parent_id=Q13085 id=Q13085-2 original_index=610 mapped_index=552 original_aa=T isoform_aa=F shift=-58 vsp_count=1
[PTM_FAIL] code=RESIDUE_MISMATCH parent_id=Q13085 id=Q13085-2 original_index=835 mapped_index=777 original_aa=S isoform_aa=Q shift=-58 vsp_count=1
[PTM_FAIL] code=RESIDUE_MISMATCH parent_id=Q13085 id=Q13085-2 original_index=1201 mapped_index=1143 original_aa=S isoform_aa=Q shift=-58 vsp_count=1
[PTM_FAIL] code=RESIDUE_MISMATCH parent_id=Q13085 id=Q13085-2 original_index=1216 mapped_index=1158 original_aa=S isoform_aa=Y shift=-58 vsp_count=1
[PTM_FAIL] code=RESIDUE_MISMATCH parent_id=Q13085 id=Q13085-2 original_index=1218 mapped_index=1160 original_aa=S isoform_aa=A shift=-58 vsp_count=1
[PTM_FAIL] code=RESIDUE_MISMATCH parent_id=Q13085 id=Q13085-2 original_index=1227 mapped_index=1169 original_aa=T isoform_aa=R shift=-58 vsp_count=1
[PTM_FAIL] code=RESIDUE_MISMATCH parent_id=Q13085 id=Q13085-2 original_index=1263 mapped_index=1205 original_aa=S isoform_aa=N shift=-58 vsp_count=1
[PTM_FAIL] code=RESIDUE_MISMATCH parent_id=Q13085 id=Q13085-2 original_index=1273 mapped_index=1215 original_aa=S isoform_aa=A shift=-58 vsp_count=1
[PTM_FAIL] code=RESIDUE_MISMATCH parent_id=Q13085 id=Q13085-2 original_index=1334 mapped_index=1276 original_aa=K isoform_aa=D shift=-58 vsp_count=1
[PTM_FAIL] code=RESIDUE_MISMATCH parent_id=Q13085 id=Q13085-2 original_index=2153 mapped_index=2095 original_aa=T isoform_aa=V shift=-58 vsp_count=1
[PTM_FAIL] code=VSP_DELETION_EVENT parent_id=Q13085 id=Q13085-3 original_index=1 mapped_index=?
[PTM_FAIL] code=VSP_DELETION_EVENT parent_id=Q13085 id=Q13085-3 original_index=5 mapped_index=?
[PTM_FAIL] code=VSP_DELETION_EVENT parent_id=Q13085 id=Q13085-3 original_index=23 mapped_index=?
[PTM_FAIL] code=VSP_DELETION_EVENT parent_id=Q13085 id=Q13085-3 original_index=25 mapped_index=?
[PTM_FAIL] code=VSP_DELETION_EVENT parent_id=Q13085 id=Q13085-3 original_index=29 mapped_index=?
[PTM_FAIL] code=VSP_DELETION_EVENT parent_id=Q13085 id=Q13085-3 original_index=34 mapped_index=?
[PTM_FAIL] code=VSP_DELETION_EVENT parent_id=Q13085 id=Q13085-3 original_index=48 mapped_index=?
[PTM_FAIL] code=VSP_DELETION_EVENT parent_id=Q13085 id=Q13085-3 original_index=50 mapped_index=?
[PTM_FAIL] code=VSP_DELETION_EVENT parent_id=Q13085 id=Q13085-3 original_index=53 mapped_index=?
[PTM_FAIL] code=VSP_DELETION_EVENT parent_id=Q13085 id=Q13085-3 original_index=58 mapped_index=?
[PTM_FAIL] code=VSP_DELETION_EVENT parent_id=Q13085 id=Q13085-3 original_index=78 mapped_index=?
[PTM_FAIL] code=RESIDUE_MISMATCH parent_id=Q13085 id=Q13085-3 original_index=80 mapped_index=2 original_aa=S isoform_aa=D shift=-78 vsp_count=1
[PTM_FAIL] code=RESIDUE_MISMATCH parent_id=Q13085 id=Q13085-3 original_index=488 mapped_index=410 original_aa=S isoform_aa=K shift=-78 vsp_count=1
[PTM_FAIL] code=RESIDUE_MISMATCH parent_id=Q13085 id=Q13085-3 original_index=610 mapped_index=532 original_aa=T isoform_aa=R shift=-78 vsp_count=1
[PTM_FAIL] code=RESIDUE_MISMATCH parent_id=Q13085 id=Q13085-3 original_index=786 mapped_index=708 original_aa=K isoform_aa=R shift=-78 vsp_count=1
[PTM_FAIL] code=RESIDUE_MISMATCH parent_id=Q13085 id=Q13085-3 original_index=835 mapped_index=757 original_aa=S isoform_aa=P shift=-78 vsp_count=1
[PTM_FAIL] code=RESIDUE_MISMATCH parent_id=Q13085 id=Q13085-3 original_index=1201 mapped_index=1123 original_aa=S isoform_aa=L shift=-78 vsp_count=1
[PTM_FAIL] code=RESIDUE_MISMATCH parent_id=Q13085 id=Q13085-3 original_index=1216 mapped_index=1138 original_aa=S isoform_aa=F shift=-78 vsp_count=1
[PTM_FAIL] code=RESIDUE_MISMATCH parent_id=Q13085 id=Q13085-3 original_index=1218 mapped_index=1140 original_aa=S isoform_aa=H shift=-78 vsp_count=1
[PTM_FAIL] code=RESIDUE_MISMATCH parent_id=Q13085 id=Q13085-3 original_index=1227 mapped_index=1149 original_aa=T isoform_aa=A shift=-78 vsp_count=1
[PTM_FAIL] code=RESIDUE_MISMATCH parent_id=Q13085 id=Q13085-3 original_index=1259 mapped_index=1181 original_aa=S isoform_aa=Q shift=-78 vsp_count=1
[PTM_FAIL] code=RESIDUE_MISMATCH parent_id=Q13085 id=Q13085-3 original_index=1263 mapped_index=1185 original_aa=S isoform_aa=P shift=-78 vsp_count=1
[PTM_FAIL] code=RESIDUE_MISMATCH parent_id=Q13085 id=Q13085-3 original_index=1273 mapped_index=1195 original_aa=S isoform_aa=P shift=-78 vsp_count=1
[PTM_FAIL] code=RESIDUE_MISMATCH parent_id=Q13085 id=Q13085-3 original_index=1334 mapped_index=1256 original_aa=K isoform_aa=F shift=-78 vsp_count=1
[PTM_FAIL] code=RESIDUE_MISMATCH parent_id=Q13085 id=Q13085-3 original_index=2153 mapped_index=2075 original_aa=T isoform_aa=C shift=-78 vsp_count=1
[PTM_FAIL] code=RESIDUE_MISMATCH parent_id=Q13085 id=Q13085-4 original_index=5 mapped_index=42 original_aa=S isoform_aa=L shift=37 vsp_count=1
[PTM_FAIL] code=RESIDUE_MISMATCH parent_id=Q13085 id=Q13085-4 original_index=25 mapped_index=62 original_aa=S isoform_aa=L shift=37 vsp_count=1
[PTM_FAIL] code=RESIDUE_MISMATCH parent_id=Q13085 id=Q13085-4 original_index=34 mapped_index=71 original_aa=S isoform_aa=L shift=37 vsp_count=1
[PTM_FAIL] code=RESIDUE_MISMATCH parent_id=Q13085 id=Q13085-4 original_index=48 mapped_index=85 original_aa=S isoform_aa=V shift=37 vsp_count=1
[PTM_FAIL] code=RESIDUE_MISMATCH parent_id=Q13085 id=Q13085-4 original_index=50 mapped_index=87 original_aa=S isoform_aa=Q shift=37 vsp_count=1
[PTM_FAIL] code=RESIDUE_MISMATCH parent_id=Q13085 id=Q13085-4 original_index=53 mapped_index=90 original_aa=S isoform_aa=D shift=37 vsp_count=1
[PTM_FAIL] code=RESIDUE_MISMATCH parent_id=Q13085 id=Q13085-4 original_index=58 mapped_index=95 original_aa=T isoform_aa=D shift=37 vsp_count=1
[PTM_FAIL] code=RESIDUE_MISMATCH parent_id=Q13085 id=Q13085-4 original_index=78 mapped_index=115 original_aa=S isoform_aa=N shift=37 vsp_count=1
[PTM_FAIL] code=RESIDUE_MISMATCH parent_id=Q13085 id=Q13085-4 original_index=80 mapped_index=117 original_aa=S isoform_aa=V shift=37 vsp_count=1
[PTM_FAIL] code=RESIDUE_MISMATCH parent_id=Q13085 id=Q13085-4 original_index=488 mapped_index=525 original_aa=S isoform_aa=T shift=37 vsp_count=1
[PTM_FAIL] code=RESIDUE_MISMATCH parent_id=Q13085 id=Q13085-4 original_index=610 mapped_index=647 original_aa=T isoform_aa=S shift=37 vsp_count=1
[PTM_FAIL] code=RESIDUE_MISMATCH parent_id=Q13085 id=Q13085-4 original_index=786 mapped_index=823 original_aa=K isoform_aa=P shift=37 vsp_count=1
[PTM_FAIL] code=RESIDUE_MISMATCH parent_id=Q13085 id=Q13085-4 original_index=835 mapped_index=872 original_aa=S isoform_aa=P shift=37 vsp_count=1
[PTM_FAIL] code=RESIDUE_MISMATCH parent_id=Q13085 id=Q13085-4 original_index=1216 mapped_index=1253 original_aa=S isoform_aa=M shift=37 vsp_count=1
[PTM_FAIL] code=RESIDUE_MISMATCH parent_id=Q13085 id=Q13085-4 original_index=1218 mapped_index=1255 original_aa=S isoform_aa=C shift=37 vsp_count=1
[PTM_FAIL] code=RESIDUE_MISMATCH parent_id=Q13085 id=Q13085-4 original_index=1227 mapped_index=1264 original_aa=T isoform_aa=P shift=37 vsp_count=1
[PTM_FAIL] code=RESIDUE_MISMATCH parent_id=Q13085 id=Q13085-4 original_index=1259 mapped_index=1296 original_aa=S isoform_aa=D shift=37 vsp_count=1
[PTM_FAIL] code=RESIDUE_MISMATCH parent_id=Q13085 id=Q13085-4 original_index=1263 mapped_index=1300 original_aa=S isoform_aa=E shift=37 vsp_count=1
[PTM_FAIL] code=RESIDUE_MISMATCH parent_id=Q13085 id=Q13085-4 original_index=1273 mapped_index=1310 original_aa=S isoform_aa=E shift=37 vsp_count=1
[PTM_FAIL] code=RESIDUE_MISMATCH parent_id=Q13085 id=Q13085-4 original_index=1334 mapped_index=1371 original_aa=K isoform_aa=R shift=37 vsp_count=1
[PTM_FAIL] code=RESIDUE_MISMATCH parent_id=Q13085 id=Q13085-4 original_index=2153 mapped_index=2190 original_aa=T isoform_aa=H shift=37 vsp_count=1
[PTM_FAIL] code=VSP_DELETION_EVENT parent_id=P49748 id=P49748-2 original_index=51 mapped_index=?
[PTM_FAIL] code=RESIDUE_MISMATCH parent_id=P49748 id=P49748-2 original_index=71 mapped_index=49 original_aa=K isoform_aa=L shift=-22 vsp_count=1
[PTM_FAIL] code=RESIDUE_MISMATCH parent_id=P49748 id=P49748-2 original_index=71 mapped_index=49 original_aa=K isoform_aa=L shift=-22 vsp_count=1
[PTM_FAIL] code=RESIDUE_MISMATCH parent_id=P49748 id=P49748-2 original_index=195 mapped_index=173 original_aa=K isoform_aa=G shift=-22 vsp_count=1
[PTM_FAIL] code=RESIDUE_MISMATCH parent_id=P49748 id=P49748-2 original_index=239 mapped_index=217 original_aa=K isoform_aa=T shift=-22 vsp_count=1
[PTM_FAIL] code=RESIDUE_MISMATCH parent_id=P49748 id=P49748-2 original_index=239 mapped_index=217 original_aa=K isoform_aa=T shift=-22 vsp_count=1
[PTM_FAIL] code=RESIDUE_MISMATCH parent_id=P49748 id=P49748-2 original_index=276 mapped_index=254 original_aa=K isoform_aa=G shift=-22 vsp_count=1
[PTM_FAIL] code=RESIDUE_MISMATCH parent_id=P49748 id=P49748-2 original_index=276 mapped_index=254 original_aa=K isoform_aa=G shift=-22 vsp_count=1
[PTM_FAIL] code=RESIDUE_MISMATCH parent_id=P49748 id=P49748-2 original_index=278 mapped_index=256 original_aa=K isoform_aa=A shift=-22 vsp_count=1
[PTM_FAIL] code=RESIDUE_MISMATCH parent_id=P49748 id=P49748-2 original_index=278 mapped_index=256 original_aa=K isoform_aa=A shift=-22 vsp_count=1
[PTM_FAIL] code=RESIDUE_MISMATCH parent_id=P49748 id=P49748-2 original_index=331 mapped_index=309 original_aa=K isoform_aa=E shift=-22 vsp_count=1
[PTM_FAIL] code=RESIDUE_MISMATCH parent_id=P49748 id=P49748-2 original_index=331 mapped_index=309 original_aa=K isoform_aa=E shift=-22 vsp_count=1
[PTM_FAIL] code=RESIDUE_MISMATCH parent_id=P49748 id=P49748-2 original_index=372 mapped_index=350 original_aa=K isoform_aa=G shift=-22 vsp_count=1
[PTM_FAIL] code=RESIDUE_MISMATCH parent_id=P49748 id=P49748-2 original_index=482 mapped_index=460 original_aa=K isoform_aa=I shift=-22 vsp_count=1
[PTM_FAIL] code=RESIDUE_MISMATCH parent_id=P49748 id=P49748-2 original_index=482 mapped_index=460 original_aa=K isoform_aa=I shift=-22 vsp_count=1
[PTM_FAIL] code=RESIDUE_MISMATCH parent_id=P49748 id=P49748-2 original_index=517 mapped_index=495 original_aa=S isoform_aa=F shift=-22 vsp_count=1
[PTM_FAIL] code=RESIDUE_MISMATCH parent_id=P49748 id=P49748-2 original_index=522 mapped_index=500 original_aa=S isoform_aa=L shift=-22 vsp_count=1
[PTM_FAIL] code=RESIDUE_MISMATCH parent_id=P49748 id=P49748-2 original_index=550 mapped_index=528 original_aa=K isoform_aa=E shift=-22 vsp_count=1
[PTM_FAIL] code=RESIDUE_MISMATCH parent_id=P49748 id=P49748-2 original_index=556 mapped_index=534 original_aa=K isoform_aa=E shift=-22 vsp_count=1
[PTM_FAIL] code=RESIDUE_MISMATCH parent_id=P49748 id=P49748-2 original_index=556 mapped_index=534 original_aa=K isoform_aa=E shift=-22 vsp_count=1
[PTM_FAIL] code=RESIDUE_MISMATCH parent_id=P49748 id=P49748-2 original_index=639 mapped_index=617 original_aa=K isoform_aa=G shift=-22 vsp_count=1
[PTM_FAIL] code=RESIDUE_MISMATCH parent_id=P49748 id=P49748-3 original_index=51 mapped_index=74 original_aa=K isoform_aa=A shift=23 vsp_count=1
[PTM_FAIL] code=RESIDUE_MISMATCH parent_id=P49748 id=P49748-3 original_index=71 mapped_index=94 original_aa=K isoform_aa=L shift=23 vsp_count=1
[PTM_FAIL] code=RESIDUE_MISMATCH parent_id=P49748 id=P49748-3 original_index=71 mapped_index=94 original_aa=K isoform_aa=L shift=23 vsp_count=1
[PTM_FAIL] code=RESIDUE_MISMATCH parent_id=P49748 id=P49748-3 original_index=195 mapped_index=218 original_aa=K isoform_aa=E shift=23 vsp_count=1
[PTM_FAIL] code=RESIDUE_MISMATCH parent_id=P49748 id=P49748-3 original_index=237 mapped_index=260 original_aa=C isoform_aa=T shift=23 vsp_count=1
[PTM_FAIL] code=RESIDUE_MISMATCH parent_id=P49748 id=P49748-3 original_index=239 mapped_index=262 original_aa=K isoform_aa=F shift=23 vsp_count=1
[PTM_FAIL] code=RESIDUE_MISMATCH parent_id=P49748 id=P49748-3 original_index=239 mapped_index=262 original_aa=K isoform_aa=F shift=23 vsp_count=1
[PTM_FAIL] code=RESIDUE_MISMATCH parent_id=P49748 id=P49748-3 original_index=278 mapped_index=301 original_aa=K isoform_aa=G shift=23 vsp_count=1
[PTM_FAIL] code=RESIDUE_MISMATCH parent_id=P49748 id=P49748-3 original_index=278 mapped_index=301 original_aa=K isoform_aa=G shift=23 vsp_count=1
[PTM_FAIL] code=RESIDUE_MISMATCH parent_id=P49748 id=P49748-3 original_index=298 mapped_index=321 original_aa=K isoform_aa=N shift=23 vsp_count=1
[PTM_FAIL] code=RESIDUE_MISMATCH parent_id=P49748 id=P49748-3 original_index=331 mapped_index=354 original_aa=K isoform_aa=G shift=23 vsp_count=1
[PTM_FAIL] code=RESIDUE_MISMATCH parent_id=P49748 id=P49748-3 original_index=331 mapped_index=354 original_aa=K isoform_aa=G shift=23 vsp_count=1
[PTM_FAIL] code=RESIDUE_MISMATCH parent_id=P49748 id=P49748-3 original_index=372 mapped_index=395 original_aa=K isoform_aa=S shift=23 vsp_count=1
[PTM_FAIL] code=RESIDUE_MISMATCH parent_id=P49748 id=P49748-3 original_index=482 mapped_index=505 original_aa=K isoform_aa=A shift=23 vsp_count=1
[PTM_FAIL] code=RESIDUE_MISMATCH parent_id=P49748 id=P49748-3 original_index=482 mapped_index=505 original_aa=K isoform_aa=A shift=23 vsp_count=1
[PTM_FAIL] code=RESIDUE_MISMATCH parent_id=P49748 id=P49748-3 original_index=517 mapped_index=540 original_aa=S isoform_aa=L shift=23 vsp_count=1
[PTM_FAIL] code=RESIDUE_MISMATCH parent_id=P49748 id=P49748-3 original_index=522 mapped_index=545 original_aa=S isoform_aa=T shift=23 vsp_count=1
[PTM_FAIL] code=RESIDUE_MISMATCH parent_id=P49748 id=P49748-3 original_index=550 mapped_index=573 original_aa=K isoform_aa=I shift=23 vsp_count=1
[PTM_FAIL] code=RESIDUE_MISMATCH parent_id=P49748 id=P49748-3 original_index=556 mapped_index=579 original_aa=K isoform_aa=V shift=23 vsp_count=1
[PTM_FAIL] code=RESIDUE_MISMATCH parent_id=P49748 id=P49748-3 original_index=556 mapped_index=579 original_aa=K isoform_aa=V shift=23 vsp_count=1
[PTM_FAIL] code=ISOFORM_OOB parent_id=P49748 id=P49748-3 original_index=639 mapped_index=662 isoform_len=655 shift=23 vsp_count=1 expected_len=678
[PTM_FAIL] code=RESIDUE_MISMATCH parent_id=O00763 id=O00763-2 original_index=1340 mapped_index=1270 original_aa=S isoform_aa=E shift=-70 vsp_count=1
[PTM_FAIL] code=RESIDUE_MISMATCH parent_id=O00763 id=O00763-2 original_index=1360 mapped_index=1290 original_aa=S isoform_aa=M shift=-70 vsp_count=1
[PTM_FAIL] code=RESIDUE_MISMATCH parent_id=O00763 id=O00763-2 original_index=1405 mapped_index=1335 original_aa=S isoform_aa=M shift=-70 vsp_count=1
[PTM_FAIL] code=VSP_UNRESOLVABLE parent_id=P07108 id=P07108-2 original_index=2 mapped_index=?
[PTM_FAIL] code=RESIDUE_MISMATCH parent_id=P07108 id=P07108-2 original_index=8 mapped_index=25 original_aa=K isoform_aa=M shift=17 vsp_count=1
[PTM_FAIL] code=RESIDUE_MISMATCH parent_id=P07108 id=P07108-2 original_index=8 mapped_index=25 original_aa=K isoform_aa=M shift=17 vsp_count=1
[PTM_FAIL] code=RESIDUE_MISMATCH parent_id=P07108 id=P07108-2 original_index=17 mapped_index=34 original_aa=K isoform_aa=Q shift=17 vsp_count=1
[PTM_FAIL] code=RESIDUE_MISMATCH parent_id=P07108 id=P07108-2 original_index=19 mapped_index=36 original_aa=K isoform_aa=T shift=17 vsp_count=1
[PTM_FAIL] code=RESIDUE_MISMATCH parent_id=P07108 id=P07108-2 original_index=29 mapped_index=46 original_aa=Y isoform_aa=G shift=17 vsp_count=1
[PTM_FAIL] code=ISOFORM_OOB parent_id=P07108 id=P07108-2 original_index=77 mapped_index=94 isoform_len=87 shift=17 vsp_count=1 expected_len=104
[PTM_FAIL] code=ISOFORM_OOB parent_id=P07108 id=P07108-2 original_index=77 mapped_index=94 isoform_len=87 shift=17 vsp_count=1 expected_len=104
[PTM_FAIL] code=VSP_UNRESOLVABLE parent_id=P07108 id=P07108-3 original_index=2 mapped_index=?
[PTM_FAIL] code=RESIDUE_MISMATCH parent_id=P07108 id=P07108-3 original_index=8 mapped_index=9 original_aa=K isoform_aa=A shift=1 vsp_count=1
[PTM_FAIL] code=RESIDUE_MISMATCH parent_id=P07108 id=P07108-3 original_index=8 mapped_index=9 original_aa=K isoform_aa=A shift=1 vsp_count=1
[PTM_FAIL] code=RESIDUE_MISMATCH parent_id=P07108 id=P07108-3 original_index=17 mapped_index=18 original_aa=K isoform_aa=T shift=1 vsp_count=1
[PTM_FAIL] code=RESIDUE_MISMATCH parent_id=P07108 id=P07108-3 original_index=19 mapped_index=20 original_aa=K isoform_aa=P shift=1 vsp_count=1
[PTM_FAIL] code=RESIDUE_MISMATCH parent_id=P07108 id=P07108-3 original_index=29 mapped_index=30 original_aa=Y isoform_aa=G shift=1 vsp_count=1
[PTM_FAIL] code=RESIDUE_MISMATCH parent_id=P07108 id=P07108-3 original_index=55 mapped_index=56 original_aa=K isoform_aa=W shift=1 vsp_count=1
[PTM_FAIL] code=RESIDUE_MISMATCH parent_id=P07108 id=P07108-3 original_index=55 mapped_index=56 original_aa=K isoform_aa=W shift=1 vsp_count=1
[PTM_FAIL] code=RESIDUE_MISMATCH parent_id=P07108 id=P07108-3 original_index=55 mapped_index=56 original_aa=K isoform_aa=W shift=1 vsp_count=1
[PTM_FAIL] code=RESIDUE_MISMATCH parent_id=P07108 id=P07108-3 original_index=55 mapped_index=56 original_aa=K isoform_aa=W shift=1 vsp_count=1
[PTM_FAIL] code=RESIDUE_MISMATCH parent_id=P07108 id=P07108-3 original_index=77 mapped_index=78 original_aa=K isoform_aa=V shift=1 vsp_count=1
[PTM_FAIL] code=RESIDUE_MISMATCH parent_id=P07108 id=P07108-3 original_index=77 mapped_index=78 original_aa=K isoform_aa=V shift=1 vsp_count=1
[PTM_FAIL] code=VSP_UNRESOLVABLE parent_id=P07108 id=P07108-4 original_index=2 mapped_index=?
[PTM_FAIL] code=RESIDUE_MISMATCH parent_id=P07108 id=P07108-4 original_index=8 mapped_index=50 original_aa=K isoform_aa=F shift=42 vsp_count=1
[PTM_FAIL] code=RESIDUE_MISMATCH parent_id=P07108 id=P07108-4 original_index=8 mapped_index=50 original_aa=K isoform_aa=F shift=42 vsp_count=1
[PTM_FAIL] code=RESIDUE_MISMATCH parent_id=P07108 id=P07108-4 original_index=17 mapped_index=59 original_aa=K isoform_aa=W shift=42 vsp_count=1
[PTM_FAIL] code=RESIDUE_MISMATCH parent_id=P07108 id=P07108-4 original_index=19 mapped_index=61 original_aa=K isoform_aa=E shift=42 vsp_count=1
[PTM_FAIL] code=RESIDUE_MISMATCH parent_id=P07108 id=P07108-4 original_index=29 mapped_index=71 original_aa=Y isoform_aa=M shift=42 vsp_count=1
[PTM_FAIL] code=ISOFORM_OOB parent_id=P07108 id=P07108-4 original_index=55 mapped_index=97 isoform_len=87 shift=42 vsp_count=1 expected_len=129
[PTM_FAIL] code=ISOFORM_OOB parent_id=P07108 id=P07108-4 original_index=55 mapped_index=97 isoform_len=87 shift=42 vsp_count=1 expected_len=129
[PTM_FAIL] code=ISOFORM_OOB parent_id=P07108 id=P07108-4 original_index=55 mapped_index=97 isoform_len=87 shift=42 vsp_count=1 expected_len=129
[PTM_FAIL] code=ISOFORM_OOB parent_id=P07108 id=P07108-4 original_index=55 mapped_index=97 isoform_len=87 shift=42 vsp_count=1 expected_len=129
[PTM_FAIL] code=ISOFORM_OOB parent_id=P07108 id=P07108-4 original_index=77 mapped_index=119 isoform_len=87 shift=42 vsp_count=1 expected_len=129
[PTM_FAIL] code=ISOFORM_OOB parent_id=P07108 id=P07108-4 original_index=77 mapped_index=119 isoform_len=87 shift=42 vsp_count=1 expected_len=129
[PTM_FAIL] code=VSP_UNRESOLVABLE parent_id=P07108 id=P07108-5 original_index=2 mapped_index=?
[PTM_FAIL] code=RESIDUE_MISMATCH parent_id=P07108 id=P07108-5 original_index=8 mapped_index=69 original_aa=K isoform_aa=D shift=61 vsp_count=1
[PTM_FAIL] code=RESIDUE_MISMATCH parent_id=P07108 id=P07108-5 original_index=8 mapped_index=69 original_aa=K isoform_aa=D shift=61 vsp_count=1
[PTM_FAIL] code=RESIDUE_MISMATCH parent_id=P07108 id=P07108-5 original_index=17 mapped_index=78 original_aa=K isoform_aa=V shift=61 vsp_count=1
[PTM_FAIL] code=RESIDUE_MISMATCH parent_id=P07108 id=P07108-5 original_index=19 mapped_index=80 original_aa=K isoform_aa=E shift=61 vsp_count=1
[PTM_FAIL] code=ISOFORM_OOB parent_id=P07108 id=P07108-5 original_index=29 mapped_index=90 isoform_len=87 shift=61 vsp_count=1 expected_len=148
[PTM_FAIL] code=ISOFORM_OOB parent_id=P07108 id=P07108-5 original_index=55 mapped_index=116 isoform_len=87 shift=61 vsp_count=1 expected_len=148
[PTM_FAIL] code=ISOFORM_OOB parent_id=P07108 id=P07108-5 original_index=55 mapped_index=116 isoform_len=87 shift=61 vsp_count=1 expected_len=148
[PTM_FAIL] code=ISOFORM_OOB parent_id=P07108 id=P07108-5 original_index=55 mapped_index=116 isoform_len=87 shift=61 vsp_count=1 expected_len=148
[PTM_FAIL] code=ISOFORM_OOB parent_id=P07108 id=P07108-5 original_index=55 mapped_index=116 isoform_len=87 shift=61 vsp_count=1 expected_len=148
[PTM_FAIL] code=ISOFORM_OOB parent_id=P07108 id=P07108-5 original_index=77 mapped_index=138 isoform_len=87 shift=61 vsp_count=1 expected_len=148
[PTM_FAIL] code=ISOFORM_OOB parent_id=P07108 id=P07108-5 original_index=77 mapped_index=138 isoform_len=87 shift=61 vsp_count=1 expected_len=148
[PTM_FAIL] code=VSP_UNRESOLVABLE parent_id=P07108 id=P07108-6 original_index=55 mapped_index=?
[PTM_FAIL] code=VSP_UNRESOLVABLE parent_id=P07108 id=P07108-6 original_index=55 mapped_index=?
[PTM_FAIL] code=VSP_UNRESOLVABLE parent_id=P07108 id=P07108-6 original_index=55 mapped_index=?
[PTM_FAIL] code=VSP_UNRESOLVABLE parent_id=P07108 id=P07108-6 original_index=55 mapped_index=?
[PTM_FAIL] code=VSP_UNRESOLVABLE parent_id=P07108 id=P07108-6 original_index=77 mapped_index=?
[PTM_FAIL] code=VSP_UNRESOLVABLE parent_id=P07108 id=P07108-6 original_index=77 mapped_index=?
[PTM_FAIL] code=RESIDUE_MISMATCH parent_id=P11310 id=P11310-2 original_index=69 mapped_index=73 original_aa=K isoform_aa=Y shift=4 vsp_count=1
[PTM_FAIL] code=RESIDUE_MISMATCH parent_id=P11310 id=P11310-2 original_index=69 mapped_index=73 original_aa=K isoform_aa=Y shift=4 vsp_count=1
[PTM_FAIL] code=RESIDUE_MISMATCH parent_id=P11310 id=P11310-2 original_index=179 mapped_index=183 original_aa=K isoform_aa=Y shift=4 vsp_count=1
[PTM_FAIL] code=RESIDUE_MISMATCH parent_id=P11310 id=P11310-2 original_index=212 mapped_index=216 original_aa=K isoform_aa=N shift=4 vsp_count=1
[PTM_FAIL] code=RESIDUE_MISMATCH parent_id=P11310 id=P11310-2 original_index=212 mapped_index=216 original_aa=K isoform_aa=N shift=4 vsp_count=1
[PTM_FAIL] code=RESIDUE_MISMATCH parent_id=P11310 id=P11310-2 original_index=217 mapped_index=221 original_aa=K isoform_aa=G shift=4 vsp_count=1
[PTM_FAIL] code=RESIDUE_MISMATCH parent_id=P11310 id=P11310-2 original_index=217 mapped_index=221 original_aa=K isoform_aa=G shift=4 vsp_count=1
[PTM_FAIL] code=RESIDUE_MISMATCH parent_id=P11310 id=P11310-2 original_index=259 mapped_index=263 original_aa=K isoform_aa=L shift=4 vsp_count=1
[PTM_FAIL] code=RESIDUE_MISMATCH parent_id=P11310 id=P11310-2 original_index=259 mapped_index=263 original_aa=K isoform_aa=L shift=4 vsp_count=1
[PTM_FAIL] code=RESIDUE_MISMATCH parent_id=P11310 id=P11310-2 original_index=271 mapped_index=275 original_aa=K isoform_aa=G shift=4 vsp_count=1
[PTM_FAIL] code=RESIDUE_MISMATCH parent_id=P11310 id=P11310-2 original_index=271 mapped_index=275 original_aa=K isoform_aa=G shift=4 vsp_count=1
[PTM_FAIL] code=RESIDUE_MISMATCH parent_id=P11310 id=P11310-2 original_index=279 mapped_index=283 original_aa=K isoform_aa=V shift=4 vsp_count=1
[PTM_FAIL] code=RESIDUE_MISMATCH parent_id=P11310 id=P11310-2 original_index=301 mapped_index=305 original_aa=K isoform_aa=E shift=4 vsp_count=1
[PTM_FAIL] code=RESIDUE_MISMATCH parent_id=P11310 id=P11310-2 original_index=351 mapped_index=355 original_aa=T isoform_aa=S shift=4 vsp_count=1
[PTM_FAIL] code=RESIDUE_MISMATCH parent_id=Q6JQN1 id=Q6JQN1-5 original_index=413 mapped_index=444 original_aa=K isoform_aa=I shift=31 vsp_count=1
[PTM_FAIL] code=RESIDUE_MISMATCH parent_id=Q6JQN1 id=Q6JQN1-5 original_index=427 mapped_index=458 original_aa=K isoform_aa=T shift=31 vsp_count=1
[PTM_FAIL] code=RESIDUE_MISMATCH parent_id=Q6JQN1 id=Q6JQN1-5 original_index=427 mapped_index=458 original_aa=K isoform_aa=T shift=31 vsp_count=1
[PTM_FAIL] code=ISOFORM_OOB parent_id=Q6JQN1 id=Q6JQN1-5 original_index=1052 mapped_index=1083 isoform_len=1059 shift=31 vsp_count=1 expected_len=1090
[PTM_FAIL] code=ISOFORM_OOB parent_id=Q6JQN1 id=Q6JQN1-5 original_index=1052 mapped_index=1083 isoform_len=1059 shift=31 vsp_count=1 expected_len=1090
[PTM_FAIL] code=RESIDUE_MISMATCH parent_id=Q709F0 id=Q709F0-3 original_index=177 mapped_index=57 original_aa=K isoform_aa=T shift=-120 vsp_count=1
[PTM_FAIL] code=RESIDUE_MISMATCH parent_id=Q709F0 id=Q709F0-3 original_index=324 mapped_index=204 original_aa=Y isoform_aa=W shift=-120 vsp_count=1
[PTM_FAIL] code=RESIDUE_MISMATCH parent_id=Q709F0 id=Q709F0-3 original_index=391 mapped_index=271 original_aa=K isoform_aa=I shift=-120 vsp_count=1
[PTM_FAIL] code=VSP_DELETION_EVENT parent_id=P45954 id=P45954-2 original_index=70 mapped_index=?
[PTM_FAIL] code=VSP_DELETION_EVENT parent_id=P45954 id=P45954-2 original_index=70 mapped_index=?
[PTM_FAIL] code=RESIDUE_MISMATCH parent_id=P45954 id=P45954-2 original_index=284 mapped_index=182 original_aa=K isoform_aa=G shift=-102 vsp_count=1
[PTM_FAIL] code=RESIDUE_MISMATCH parent_id=P45954 id=P45954-2 original_index=284 mapped_index=182 original_aa=K isoform_aa=G shift=-102 vsp_count=1
[PTM_FAIL] code=RESIDUE_MISMATCH parent_id=Q9BYF1 id=Q9BYF1-3 original_index=781 mapped_index=435 original_aa=Y isoform_aa=E shift=-346 vsp_count=1
[PTM_FAIL] code=RESIDUE_MISMATCH parent_id=Q9BYF1 id=Q9BYF1-3 original_index=783 mapped_index=437 original_aa=S isoform_aa=N shift=-346 vsp_count=1
[PTM_FAIL] code=VSP_UNRESOLVABLE parent_id=Q9BYF1 id=Q9BYF1-3 original_index=53 mapped_index=?
[PTM_FAIL] code=VSP_UNRESOLVABLE parent_id=Q9BYF1 id=Q9BYF1-3 original_index=90 mapped_index=?
[PTM_FAIL] code=VSP_UNRESOLVABLE parent_id=Q9BYF1 id=Q9BYF1-3 original_index=103 mapped_index=?
[PTM_FAIL] code=VSP_UNRESOLVABLE parent_id=Q9BYF1 id=Q9BYF1-3 original_index=322 mapped_index=?
[PTM_FAIL] code=RESIDUE_MISMATCH parent_id=Q9BYF1 id=Q9BYF1-3 original_index=432 mapped_index=86 original_aa=N isoform_aa=Q shift=-346 vsp_count=1
[PTM_FAIL] code=RESIDUE_MISMATCH parent_id=Q9BYF1 id=Q9BYF1-3 original_index=546 mapped_index=200 original_aa=N isoform_aa=G shift=-346 vsp_count=1
[PTM_FAIL] code=RESIDUE_MISMATCH parent_id=Q9BYF1 id=Q9BYF1-3 original_index=690 mapped_index=344 original_aa=N isoform_aa=C shift=-346 vsp_count=1
[PTM_FAIL] code=RESIDUE_MISMATCH parent_id=Q9BYF1 id=Q9BYF1-3 original_index=788 mapped_index=442 original_aa=K isoform_aa=Q shift=-346 vsp_count=1
[PTM_FAIL] code=RESIDUE_MISMATCH parent_id=Q96AP0 id=Q96AP0-2 original_index=349 mapped_index=346 original_aa=S isoform_aa=P shift=-3 vsp_count=1
[PTM_FAIL] code=RESIDUE_MISMATCH parent_id=Q96AP0 id=Q96AP0-2 original_index=381 mapped_index=378 original_aa=K isoform_aa=L shift=-3 vsp_count=1
[PTM_FAIL] code=VSP_DELETION_EVENT parent_id=P22303 id=P22303-3 original_index=381 mapped_index=?
[PTM_FAIL] code=RESIDUE_MISMATCH parent_id=P22303 id=P22303-3 original_index=495 mapped_index=407 original_aa=N isoform_aa=E shift=-88 vsp_count=1
[PTM_FAIL] code=VSP_DELETION_EVENT parent_id=Q5QJU3 id=Q5QJU3-2 original_index=23 mapped_index=?
[PTM_FAIL] code=RESIDUE_MISMATCH parent_id=Q15822 id=Q15822-2 original_index=129 mapped_index=114 original_aa=N isoform_aa=E shift=-15 vsp_count=1
[PTM_FAIL] code=RESIDUE_MISMATCH parent_id=Q15822 id=Q15822-2 original_index=235 mapped_index=220 original_aa=N isoform_aa=V shift=-15 vsp_count=1
[WARN] code=ISOFORM_SEQ_MISSING parent_id=P12821 id=P12821 isoform_id=P22966-1
[PTM_FAIL] code=RESIDUE_MISMATCH parent_id=P11230 id=P11230-2 original_index=390 mapped_index=318 original_aa=Y isoform_aa=L shift=-72 vsp_count=1
[PTM_FAIL] code=RESIDUE_MISMATCH parent_id=P11230 id=P11230-2 original_index=164 mapped_index=92 original_aa=N isoform_aa=P shift=-72 vsp_count=1
[PTM_FAIL] code=RESIDUE_MISMATCH parent_id=P32297 id=P32297-1 original_index=413 mapped_index=412 original_aa=S isoform_aa=I shift=-1 vsp_count=1
[PTM_FAIL] code=RESIDUE_MISMATCH parent_id=P32297 id=P32297-1 original_index=416 mapped_index=415 original_aa=S isoform_aa=F shift=-1 vsp_count=1
[PTM_FAIL] code=RESIDUE_MISMATCH parent_id=P32297 id=P32297-1 original_index=55 mapped_index=54 original_aa=N isoform_aa=A shift=-1 vsp_count=1
[PTM_FAIL] code=RESIDUE_MISMATCH parent_id=P32297 id=P32297-1 original_index=172 mapped_index=171 original_aa=N isoform_aa=Q shift=-1 vsp_count=1
[PTM_FAIL] code=VSP_UNRESOLVABLE parent_id=P07510 id=P07510-2 original_index=163 mapped_index=?
[PTM_FAIL] code=RESIDUE_MISMATCH parent_id=Q07001 id=Q07001-2 original_index=390 mapped_index=375 original_aa=Y isoform_aa=V shift=-15 vsp_count=1
[PTM_FAIL] code=RESIDUE_MISMATCH parent_id=Q07001 id=Q07001-2 original_index=97 mapped_index=82 original_aa=N isoform_aa=G shift=-15 vsp_count=1
[PTM_FAIL] code=RESIDUE_MISMATCH parent_id=Q07001 id=Q07001-2 original_index=164 mapped_index=149 original_aa=N isoform_aa=S shift=-15 vsp_count=1
[PTM_FAIL] code=RESIDUE_MISMATCH parent_id=P02708 id=P02708-1 original_index=161 mapped_index=186 original_aa=N isoform_aa=D shift=25 vsp_count=1
[PTM_FAIL] code=RESIDUE_MISMATCH parent_id=Q15825 id=Q15825-2 original_index=401 mapped_index=386 original_aa=S isoform_aa=H shift=-15 vsp_count=1
[PTM_FAIL] code=RESIDUE_MISMATCH parent_id=Q15825 id=Q15825-2 original_index=171 mapped_index=156 original_aa=N isoform_aa=S shift=-15 vsp_count=1
[PTM_FAIL] code=RESIDUE_MISMATCH parent_id=P36544 id=P36544-2 original_index=90 mapped_index=119 original_aa=N isoform_aa=D shift=29 vsp_count=1
[PTM_FAIL] code=RESIDUE_MISMATCH parent_id=P36544 id=P36544-2 original_index=133 mapped_index=162 original_aa=N isoform_aa=Q shift=29 vsp_count=1
[PTM_FAIL] code=RESIDUE_MISMATCH parent_id=Q16570 id=Q16570-2 original_index=30 mapped_index=32 original_aa=Y isoform_aa=V shift=2 vsp_count=1
[PTM_FAIL] code=RESIDUE_MISMATCH parent_id=Q16570 id=Q16570-2 original_index=41 mapped_index=43 original_aa=Y isoform_aa=A shift=2 vsp_count=1
[PTM_FAIL] code=RESIDUE_MISMATCH parent_id=Q16570 id=Q16570-2 original_index=16 mapped_index=18 original_aa=N isoform_aa=S shift=2 vsp_count=1
[PTM_FAIL] code=RESIDUE_MISMATCH parent_id=Q16570 id=Q16570-2 original_index=33 mapped_index=35 original_aa=N isoform_aa=S shift=2 vsp_count=1
[PTM_FAIL] code=VSP_DELETION_EVENT parent_id=O96019 id=O96019-2 original_index=2 mapped_index=?
[PTM_FAIL] code=RESIDUE_MISMATCH parent_id=O96019 id=O96019-2 original_index=86 mapped_index=44 original_aa=S isoform_aa=V shift=-42 vsp_count=1
[PTM_FAIL] code=RESIDUE_MISMATCH parent_id=O96019 id=O96019-2 original_index=233 mapped_index=191 original_aa=S isoform_aa=G shift=-42 vsp_count=1
[PTM_FAIL] code=RESIDUE_MISMATCH parent_id=O96019 id=O96019-2 original_index=62 mapped_index=20 original_aa=K isoform_aa=S shift=-42 vsp_count=1
[PTM_FAIL] code=VSP_DELETION_EVENT parent_id=P53396 id=P53396-2 original_index=481 mapped_index=?
[PTM_FAIL] code=RESIDUE_MISMATCH parent_id=P53396 id=P53396-2 original_index=540 mapped_index=530 original_aa=K isoform_aa=V shift=-10 vsp_count=1
[PTM_FAIL] code=RESIDUE_MISMATCH parent_id=P53396 id=P53396-2 original_index=546 mapped_index=536 original_aa=K isoform_aa=D shift=-10 vsp_count=1
[PTM_FAIL] code=RESIDUE_MISMATCH parent_id=P53396 id=P53396-2 original_index=554 mapped_index=544 original_aa=K isoform_aa=G shift=-10 vsp_count=1
[PTM_FAIL] code=RESIDUE_MISMATCH parent_id=P53396 id=P53396-2 original_index=639 mapped_index=629 original_aa=T isoform_aa=I shift=-10 vsp_count=1
[PTM_FAIL] code=RESIDUE_MISMATCH parent_id=P53396 id=P53396-2 original_index=663 mapped_index=653 original_aa=S isoform_aa=R shift=-10 vsp_count=1
[PTM_FAIL] code=RESIDUE_MISMATCH parent_id=P53396 id=P53396-2 original_index=682 mapped_index=672 original_aa=Y isoform_aa=N shift=-10 vsp_count=1
[PTM_FAIL] code=RESIDUE_MISMATCH parent_id=P53396 id=P53396-2 original_index=839 mapped_index=829 original_aa=S isoform_aa=R shift=-10 vsp_count=1
[PTM_FAIL] code=RESIDUE_MISMATCH parent_id=P53396 id=P53396-2 original_index=948 mapped_index=938 original_aa=K isoform_aa=A shift=-10 vsp_count=1
[PTM_FAIL] code=RESIDUE_MISMATCH parent_id=P53396 id=P53396-2 original_index=968 mapped_index=958 original_aa=K isoform_aa=E shift=-10 vsp_count=1
[PTM_FAIL] code=RESIDUE_MISMATCH parent_id=P53396 id=P53396-2 original_index=1077 mapped_index=1067 original_aa=K isoform_aa=M shift=-10 vsp_count=1
[PTM_FAIL] code=RESIDUE_MISMATCH parent_id=P53396 id=P53396-2 original_index=1100 mapped_index=1090 original_aa=S isoform_aa=D shift=-10 vsp_count=1
[PTM_FAIL] code=RESIDUE_MISMATCH parent_id=P53396 id=P53396-2 original_index=540 mapped_index=530 original_aa=K isoform_aa=V shift=-10 vsp_count=1
[PTM_FAIL] code=RESIDUE_MISMATCH parent_id=P53396 id=P53396-2 original_index=546 mapped_index=536 original_aa=K isoform_aa=D shift=-10 vsp_count=1
[PTM_FAIL] code=RESIDUE_MISMATCH parent_id=P53396 id=P53396-2 original_index=554 mapped_index=544 original_aa=K isoform_aa=G shift=-10 vsp_count=1
[PTM_FAIL] code=VSP_UNRESOLVABLE parent_id=Q9NPJ3 id=Q9NPJ3-2 original_index=2 mapped_index=?
[PTM_FAIL] code=RESIDUE_MISMATCH parent_id=Q9NPJ3 id=Q9NPJ3-2 original_index=27 mapped_index=4 original_aa=K isoform_aa=M shift=-23 vsp_count=1
[PTM_FAIL] code=RESIDUE_MISMATCH parent_id=Q9NPJ3 id=Q9NPJ3-2 original_index=37 mapped_index=14 original_aa=K isoform_aa=A shift=-23 vsp_count=1
[PTM_FAIL] code=RESIDUE_MISMATCH parent_id=Q9NPJ3 id=Q9NPJ3-2 original_index=43 mapped_index=20 original_aa=K isoform_aa=N shift=-23 vsp_count=1
[PTM_FAIL] code=RESIDUE_MISMATCH parent_id=Q9NPJ3 id=Q9NPJ3-2 original_index=108 mapped_index=85 original_aa=K isoform_aa=D shift=-23 vsp_count=1
[PTM_FAIL] code=RESIDUE_MISMATCH parent_id=Q9NPJ3 id=Q9NPJ3-2 original_index=127 mapped_index=104 original_aa=K isoform_aa=A shift=-23 vsp_count=1
[PTM_FAIL] code=VSP_DELETION_EVENT parent_id=P11229 id=P11229-2 original_index=455 mapped_index=?
[PTM_FAIL] code=VSP_DELETION_EVENT parent_id=P11229 id=P11229-2 original_index=457 mapped_index=?
[PTM_FAIL] code=RESIDUE_MISMATCH parent_id=Q9Y305 id=Q9Y305-2 original_index=103 mapped_index=70 original_aa=K isoform_aa=F shift=-33 vsp_count=1
[PTM_FAIL] code=RESIDUE_MISMATCH parent_id=Q9Y305 id=Q9Y305-4 original_index=103 mapped_index=112 original_aa=K isoform_aa=R shift=9 vsp_count=1
[PTM_FAIL] code=RESIDUE_MISMATCH parent_id=Q9NUB1 id=Q9NUB1-2 original_index=642 mapped_index=640 original_aa=K isoform_aa=S shift=-2 vsp_count=1
[PTM_FAIL] code=RESIDUE_MISMATCH parent_id=Q96CM8 id=Q96CM8-2 original_index=179 mapped_index=204 original_aa=K isoform_aa=A shift=25 vsp_count=1
[PTM_FAIL] code=RESIDUE_MISMATCH parent_id=Q96CM8 id=Q96CM8-2 original_index=182 mapped_index=207 original_aa=K isoform_aa=S shift=25 vsp_count=1
[PTM_FAIL] code=RESIDUE_MISMATCH parent_id=Q96CM8 id=Q96CM8-2 original_index=182 mapped_index=207 original_aa=K isoform_aa=S shift=25 vsp_count=1
[PTM_FAIL] code=RESIDUE_MISMATCH parent_id=Q96CM8 id=Q96CM8-2 original_index=340 mapped_index=365 original_aa=K isoform_aa=N shift=25 vsp_count=1
[PTM_FAIL] code=RESIDUE_MISMATCH parent_id=Q96CM8 id=Q96CM8-2 original_index=398 mapped_index=423 original_aa=K isoform_aa=E shift=25 vsp_count=1
[PTM_FAIL] code=RESIDUE_MISMATCH parent_id=Q96CM8 id=Q96CM8-2 original_index=478 mapped_index=503 original_aa=K isoform_aa=C shift=25 vsp_count=1
[PTM_FAIL] code=RESIDUE_MISMATCH parent_id=Q96CM8 id=Q96CM8-2 original_index=510 mapped_index=535 original_aa=K isoform_aa=V shift=25 vsp_count=1
[PTM_FAIL] code=RESIDUE_MISMATCH parent_id=Q96CM8 id=Q96CM8-2 original_index=544 mapped_index=569 original_aa=K isoform_aa=I shift=25 vsp_count=1
[PTM_FAIL] code=RESIDUE_MISMATCH parent_id=Q96CM8 id=Q96CM8-2 original_index=544 mapped_index=569 original_aa=K isoform_aa=I shift=25 vsp_count=1
[PTM_FAIL] code=RESIDUE_MISMATCH parent_id=Q96CM8 id=Q96CM8-2 original_index=570 mapped_index=595 original_aa=K isoform_aa=T shift=25 vsp_count=1
[PTM_FAIL] code=RESIDUE_MISMATCH parent_id=Q96CM8 id=Q96CM8-2 original_index=570 mapped_index=595 original_aa=K isoform_aa=T shift=25 vsp_count=1
[PTM_FAIL] code=ISOFORM_OOB parent_id=Q96CM8 id=Q96CM8-2 original_index=599 mapped_index=624 isoform_len=615 shift=25 vsp_count=1 expected_len=640
[PTM_FAIL] code=RESIDUE_MISMATCH parent_id=Q96CM8 id=Q96CM8-3 original_index=179 mapped_index=166 original_aa=K isoform_aa=V shift=-13 vsp_count=1
[PTM_FAIL] code=RESIDUE_MISMATCH parent_id=Q96CM8 id=Q96CM8-3 original_index=340 mapped_index=327 original_aa=K isoform_aa=A shift=-13 vsp_count=1
[PTM_FAIL] code=RESIDUE_MISMATCH parent_id=Q96CM8 id=Q96CM8-3 original_index=398 mapped_index=385 original_aa=K isoform_aa=S shift=-13 vsp_count=1
[PTM_FAIL] code=RESIDUE_MISMATCH parent_id=Q96CM8 id=Q96CM8-3 original_index=478 mapped_index=465 original_aa=K isoform_aa=G shift=-13 vsp_count=1
[PTM_FAIL] code=RESIDUE_MISMATCH parent_id=Q96CM8 id=Q96CM8-3 original_index=510 mapped_index=497 original_aa=K isoform_aa=M shift=-13 vsp_count=1
[PTM_FAIL] code=RESIDUE_MISMATCH parent_id=Q96CM8 id=Q96CM8-3 original_index=544 mapped_index=531 original_aa=K isoform_aa=T shift=-13 vsp_count=1
[PTM_FAIL] code=RESIDUE_MISMATCH parent_id=Q96CM8 id=Q96CM8-3 original_index=544 mapped_index=531 original_aa=K isoform_aa=T shift=-13 vsp_count=1
[PTM_FAIL] code=RESIDUE_MISMATCH parent_id=Q96CM8 id=Q96CM8-3 original_index=570 mapped_index=557 original_aa=K isoform_aa=R shift=-13 vsp_count=1
[PTM_FAIL] code=RESIDUE_MISMATCH parent_id=Q96CM8 id=Q96CM8-3 original_index=570 mapped_index=557 original_aa=K isoform_aa=R shift=-13 vsp_count=1
[PTM_FAIL] code=RESIDUE_MISMATCH parent_id=Q96CM8 id=Q96CM8-3 original_index=599 mapped_index=586 original_aa=K isoform_aa=I shift=-13 vsp_count=1
[PTM_FAIL] code=RESIDUE_MISMATCH parent_id=Q96CM8 id=Q96CM8-4 original_index=179 mapped_index=19 original_aa=K isoform_aa=G shift=-160 vsp_count=1
[PTM_FAIL] code=RESIDUE_MISMATCH parent_id=Q96CM8 id=Q96CM8-4 original_index=182 mapped_index=22 original_aa=K isoform_aa=G shift=-160 vsp_count=1
[PTM_FAIL] code=RESIDUE_MISMATCH parent_id=Q96CM8 id=Q96CM8-4 original_index=182 mapped_index=22 original_aa=K isoform_aa=G shift=-160 vsp_count=1
[PTM_FAIL] code=RESIDUE_MISMATCH parent_id=Q96CM8 id=Q96CM8-4 original_index=340 mapped_index=180 original_aa=K isoform_aa=Q shift=-160 vsp_count=1
[PTM_FAIL] code=RESIDUE_MISMATCH parent_id=Q96CM8 id=Q96CM8-4 original_index=398 mapped_index=238 original_aa=K isoform_aa=T shift=-160 vsp_count=1
[PTM_FAIL] code=RESIDUE_MISMATCH parent_id=Q96CM8 id=Q96CM8-4 original_index=478 mapped_index=318 original_aa=K isoform_aa=G shift=-160 vsp_count=1
[PTM_FAIL] code=RESIDUE_MISMATCH parent_id=Q96CM8 id=Q96CM8-4 original_index=510 mapped_index=350 original_aa=K isoform_aa=G shift=-160 vsp_count=1
[PTM_FAIL] code=RESIDUE_MISMATCH parent_id=Q96CM8 id=Q96CM8-4 original_index=544 mapped_index=384 original_aa=K isoform_aa=G shift=-160 vsp_count=1
[PTM_FAIL] code=RESIDUE_MISMATCH parent_id=Q96CM8 id=Q96CM8-4 original_index=544 mapped_index=384 original_aa=K isoform_aa=G shift=-160 vsp_count=1
[PTM_FAIL] code=RESIDUE_MISMATCH parent_id=Q96CM8 id=Q96CM8-4 original_index=570 mapped_index=410 original_aa=K isoform_aa=T shift=-160 vsp_count=1
[PTM_FAIL] code=RESIDUE_MISMATCH parent_id=Q96CM8 id=Q96CM8-4 original_index=570 mapped_index=410 original_aa=K isoform_aa=T shift=-160 vsp_count=1
[PTM_FAIL] code=RESIDUE_MISMATCH parent_id=Q96CM8 id=Q96CM8-4 original_index=599 mapped_index=439 original_aa=K isoform_aa=H shift=-160 vsp_count=1
[PTM_FAIL] code=RESIDUE_MISMATCH parent_id=Q4L235 id=Q4L235-2 original_index=589 mapped_index=489 original_aa=S isoform_aa=K shift=-100 vsp_count=1
[PTM_FAIL] code=RESIDUE_MISMATCH parent_id=Q4L235 id=Q4L235-2 original_index=649 mapped_index=549 original_aa=S isoform_aa=L shift=-100 vsp_count=1
[PTM_FAIL] code=RESIDUE_MISMATCH parent_id=Q4L235 id=Q4L235-2 original_index=724 mapped_index=624 original_aa=S isoform_aa=N shift=-100 vsp_count=1
[PTM_FAIL] code=RESIDUE_MISMATCH parent_id=Q9NR19 id=Q9NR19-2 original_index=418 mapped_index=431 original_aa=K isoform_aa=S shift=13 vsp_count=1
[PTM_FAIL] code=RESIDUE_MISMATCH parent_id=Q9NR19 id=Q9NR19-2 original_index=659 mapped_index=672 original_aa=S isoform_aa=Q shift=13 vsp_count=1
[PTM_FAIL] code=RESIDUE_MISMATCH parent_id=Q9NR19 id=Q9NR19-2 original_index=661 mapped_index=674 original_aa=K isoform_aa=D shift=13 vsp_count=1
[PTM_FAIL] code=VSP_DELETION_EVENT parent_id=Q08AH1 id=Q08AH1-2 original_index=214 mapped_index=?
[PTM_FAIL] code=VSP_DELETION_EVENT parent_id=Q08AH1 id=Q08AH1-2 original_index=237 mapped_index=?
[PTM_FAIL] code=VSP_DELETION_EVENT parent_id=Q08AH1 id=Q08AH1-2 original_index=356 mapped_index=?
[PTM_FAIL] code=VSP_DELETION_EVENT parent_id=Q08AH1 id=Q08AH1-2 original_index=356 mapped_index=?
[PTM_FAIL] code=VSP_DELETION_EVENT parent_id=Q08AH1 id=Q08AH1-2 original_index=391 mapped_index=?
[PTM_FAIL] code=VSP_DELETION_EVENT parent_id=Q08AH1 id=Q08AH1-2 original_index=391 mapped_index=?
[PTM_FAIL] code=VSP_DELETION_EVENT parent_id=Q08AH1 id=Q08AH1-2 original_index=531 mapped_index=?
[PTM_FAIL] code=VSP_DELETION_EVENT parent_id=Q08AH1 id=Q08AH1-2 original_index=538 mapped_index=?
[PTM_FAIL] code=VSP_DELETION_EVENT parent_id=Q08AH1 id=Q08AH1-2 original_index=538 mapped_index=?
[PTM_FAIL] code=VSP_DELETION_EVENT parent_id=Q08AH1 id=Q08AH1-2 original_index=549 mapped_index=?
[PTM_FAIL] code=RESIDUE_MISMATCH parent_id=P33121 id=P33121-2 original_index=632 mapped_index=622 original_aa=K isoform_aa=E shift=-10 vsp_count=1
[PTM_FAIL] code=VSP_DELETION_EVENT parent_id=Q6NUN0 id=Q6NUN0-2 original_index=303 mapped_index=?
[PTM_FAIL] code=VSP_DELETION_EVENT parent_id=Q6NUN0 id=Q6NUN0-2 original_index=303 mapped_index=?
[PTM_FAIL] code=RESIDUE_MISMATCH parent_id=O60488 id=O60488-2 original_index=447 mapped_index=406 original_aa=S isoform_aa=Y shift=-41 vsp_count=1
[PTM_FAIL] code=RESIDUE_MISMATCH parent_id=Q9H6R3 id=Q9H6R3-2 original_index=518 mapped_index=200 original_aa=K isoform_aa=G shift=-318 vsp_count=1
[PTM_FAIL] code=RESIDUE_MISMATCH parent_id=Q9H6R3 id=Q9H6R3-2 original_index=524 mapped_index=206 original_aa=K isoform_aa=E shift=-318 vsp_count=1
[PTM_FAIL] code=RESIDUE_MISMATCH parent_id=Q9ULC5 id=Q9ULC5-3 original_index=361 mapped_index=417 original_aa=K isoform_aa=V shift=56 vsp_count=1
[PTM_FAIL] code=RESIDUE_MISMATCH parent_id=Q9ULC5 id=Q9ULC5-3 original_index=32 mapped_index=88 original_aa=I isoform_aa=S shift=56 vsp_count=1
[PTM_FAIL] code=VSP_DELETION_EVENT parent_id=P63267 id=P63267-2 original_index=45 mapped_index=?
[PTM_FAIL] code=VSP_DELETION_EVENT parent_id=P63267 id=P63267-2 original_index=48 mapped_index=?
[PTM_FAIL] code=VSP_DELETION_EVENT parent_id=P63267 id=P63267-2 original_index=74 mapped_index=?
[PTM_FAIL] code=VSP_DELETION_EVENT parent_id=P63267 id=P63267-2 original_index=51 mapped_index=?
[PTM_FAIL] code=RESIDUE_MISMATCH parent_id=P63267 id=P63267-2 original_index=271 mapped_index=228 original_aa=E isoform_aa=M shift=-43 vsp_count=1
[PTM_FAIL] code=RESIDUE_MISMATCH parent_id=P12814 id=P12814-2 original_index=890 mapped_index=885 original_aa=S isoform_aa=A shift=-5 vsp_count=1
[PTM_FAIL] code=ISOFORM_OOB parent_id=P12814 id=P12814-3 original_index=890 mapped_index=912 isoform_len=892 shift=22 vsp_count=1 expected_len=914
[PTM_FAIL] code=RESIDUE_MISMATCH parent_id=Q5BKX5 id=Q5BKX5-3 original_index=316 mapped_index=144 original_aa=S isoform_aa=L shift=-172 vsp_count=1
[PTM_FAIL] code=RESIDUE_MISMATCH parent_id=P36896 id=P36896-4 original_index=380 mapped_index=421 original_aa=Y isoform_aa=G shift=41 vsp_count=1
[PTM_FAIL] code=RESIDUE_MISMATCH parent_id=P36896 id=P36896-5 original_index=380 mapped_index=328 original_aa=Y isoform_aa=K shift=-52 vsp_count=1
[PTM_FAIL] code=VSP_DELETION_EVENT parent_id=P36896 id=P36896-5 original_index=43 mapped_index=?
[PTM_FAIL] code=VSP_DELETION_EVENT parent_id=O43707 id=O43707-2 original_index=114 mapped_index=?
[PTM_FAIL] code=VSP_DELETION_EVENT parent_id=O43707 id=O43707-2 original_index=214 mapped_index=?
[PTM_FAIL] code=VSP_DELETION_EVENT parent_id=O43707 id=O43707-2 original_index=249 mapped_index=?
[PTM_FAIL] code=RESIDUE_MISMATCH parent_id=O43707 id=O43707-2 original_index=592 mapped_index=373 original_aa=K isoform_aa=M shift=-219 vsp_count=1
[PTM_FAIL] code=RESIDUE_MISMATCH parent_id=O43707 id=O43707-2 original_index=625 mapped_index=406 original_aa=K isoform_aa=R shift=-219 vsp_count=1
[PTM_FAIL] code=RESIDUE_MISMATCH parent_id=O43707 id=O43707-2 original_index=696 mapped_index=477 original_aa=S isoform_aa=A shift=-219 vsp_count=1
[PTM_FAIL] code=RESIDUE_MISMATCH parent_id=O43707 id=O43707-2 original_index=779 mapped_index=560 original_aa=K isoform_aa=I shift=-219 vsp_count=1
[PTM_FAIL] code=RESIDUE_MISMATCH parent_id=O43707 id=O43707-2 original_index=859 mapped_index=640 original_aa=K isoform_aa=E shift=-219 vsp_count=1
[PTM_FAIL] code=RESIDUE_MISMATCH parent_id=O43707 id=O43707-2 original_index=909 mapped_index=690 original_aa=S isoform_aa=L shift=-219 vsp_count=1
[PTM_FAIL] code=VSP_DELETION_EVENT parent_id=O43707 id=O43707-3 original_index=114 mapped_index=?
[PTM_FAIL] code=VSP_DELETION_EVENT parent_id=O43707 id=O43707-3 original_index=214 mapped_index=?
[PTM_FAIL] code=VSP_DELETION_EVENT parent_id=O43707 id=O43707-3 original_index=249 mapped_index=?
[PTM_FAIL] code=RESIDUE_MISMATCH parent_id=O43707 id=O43707-3 original_index=592 mapped_index=202 original_aa=K isoform_aa=I shift=-390 vsp_count=1
[PTM_FAIL] code=RESIDUE_MISMATCH parent_id=O43707 id=O43707-3 original_index=625 mapped_index=235 original_aa=K isoform_aa=L shift=-390 vsp_count=1
[PTM_FAIL] code=RESIDUE_MISMATCH parent_id=O43707 id=O43707-3 original_index=696 mapped_index=306 original_aa=S isoform_aa=L shift=-390 vsp_count=1
[PTM_FAIL] code=RESIDUE_MISMATCH parent_id=O43707 id=O43707-3 original_index=779 mapped_index=389 original_aa=K isoform_aa=H shift=-390 vsp_count=1
[PTM_FAIL] code=RESIDUE_MISMATCH parent_id=O43707 id=O43707-3 original_index=859 mapped_index=469 original_aa=K isoform_aa=R shift=-390 vsp_count=1
[PTM_FAIL] code=RESIDUE_MISMATCH parent_id=O43707 id=O43707-3 original_index=909 mapped_index=519 original_aa=S isoform_aa=T shift=-390 vsp_count=1
[PTM_FAIL] code=RESIDUE_MISMATCH parent_id=Q9Y3Q7 id=Q9Y3Q7-2 original_index=294 mapped_index=270 original_aa=N isoform_aa=D shift=-24 vsp_count=1
[PTM_FAIL] code=RESIDUE_MISMATCH parent_id=Q9Y3Q7 id=Q9Y3Q7-2 original_index=359 mapped_index=335 original_aa=N isoform_aa=C shift=-24 vsp_count=1
[PTM_FAIL] code=RESIDUE_MISMATCH parent_id=Q9Y3Q7 id=Q9Y3Q7-2 original_index=465 mapped_index=441 original_aa=N isoform_aa=C shift=-24 vsp_count=1
[PTM_FAIL] code=RESIDUE_MISMATCH parent_id=Q9Y3Q7 id=Q9Y3Q7-2 original_index=561 mapped_index=537 original_aa=N isoform_aa=Q shift=-24 vsp_count=1
[PTM_FAIL] code=RESIDUE_MISMATCH parent_id=Q9Y3Q7 id=Q9Y3Q7-2 original_index=611 mapped_index=587 original_aa=N isoform_aa=M shift=-24 vsp_count=1
[PTM_FAIL] code=RESIDUE_MISMATCH parent_id=Q9Y3Q7 id=Q9Y3Q7-2 original_index=625 mapped_index=601 original_aa=N isoform_aa=T shift=-24 vsp_count=1
[PTM_FAIL] code=RESIDUE_MISMATCH parent_id=O14672 id=O14672-2 original_index=719 mapped_index=418 original_aa=T isoform_aa=Y shift=-301 vsp_count=1
[PTM_FAIL] code=VSP_DELETION_EVENT parent_id=O14672 id=O14672-2 original_index=267 mapped_index=?
[PTM_FAIL] code=VSP_DELETION_EVENT parent_id=O14672 id=O14672-2 original_index=278 mapped_index=?
[PTM_FAIL] code=RESIDUE_MISMATCH parent_id=O14672 id=O14672-2 original_index=439 mapped_index=138 original_aa=N isoform_aa=E shift=-301 vsp_count=1
[PTM_FAIL] code=RESIDUE_MISMATCH parent_id=O14672 id=O14672-2 original_index=551 mapped_index=250 original_aa=N isoform_aa=V shift=-301 vsp_count=1
[PTM_FAIL] code=VSP_DELETION_EVENT parent_id=Q9P0K1 id=Q9P0K1-3 original_index=862 mapped_index=?
[PTM_FAIL] code=VSP_DELETION_EVENT parent_id=Q9P0K1 id=Q9P0K1-3 original_index=866 mapped_index=?
[PTM_FAIL] code=VSP_DELETION_EVENT parent_id=Q9P0K1 id=Q9P0K1-3 original_index=870 mapped_index=?
[PTM_FAIL] code=RESIDUE_MISMATCH parent_id=Q9P0K1 id=Q9P0K1-5 original_index=810 mapped_index=774 original_aa=S isoform_aa=Y shift=-36 vsp_count=1
[PTM_FAIL] code=RESIDUE_MISMATCH parent_id=Q9P0K1 id=Q9P0K1-5 original_index=857 mapped_index=821 original_aa=S isoform_aa=I shift=-36 vsp_count=1
[PTM_FAIL] code=RESIDUE_MISMATCH parent_id=Q9P0K1 id=Q9P0K1-5 original_index=862 mapped_index=826 original_aa=S isoform_aa=E shift=-36 vsp_count=1
[PTM_FAIL] code=RESIDUE_MISMATCH parent_id=Q9P0K1 id=Q9P0K1-5 original_index=866 mapped_index=830 original_aa=S isoform_aa=P shift=-36 vsp_count=1
[PTM_FAIL] code=RESIDUE_MISMATCH parent_id=Q99965 id=Q99965-2 original_index=729 mapped_index=710 original_aa=S isoform_aa=N shift=-19 vsp_count=1
[PTM_FAIL] code=RESIDUE_MISMATCH parent_id=Q99965 id=Q99965-2 original_index=220 mapped_index=201 original_aa=N isoform_aa=V shift=-19 vsp_count=1
[PTM_FAIL] code=RESIDUE_MISMATCH parent_id=Q99965 id=Q99965-2 original_index=353 mapped_index=334 original_aa=N isoform_aa=A shift=-19 vsp_count=1
[PTM_FAIL] code=RESIDUE_MISMATCH parent_id=Q99965 id=Q99965-2 original_index=459 mapped_index=440 original_aa=N isoform_aa=S shift=-19 vsp_count=1
[PTM_FAIL] code=RESIDUE_MISMATCH parent_id=Q99965 id=Q99965-2 original_index=566 mapped_index=547 original_aa=N isoform_aa=C shift=-19 vsp_count=1
[PTM_FAIL] code=VSP_DELETION_EVENT parent_id=P78536 id=P78536-2 original_index=735 mapped_index=?
[PTM_FAIL] code=VSP_DELETION_EVENT parent_id=P78536 id=P78536-2 original_index=761 mapped_index=?
[PTM_FAIL] code=VSP_DELETION_EVENT parent_id=P78536 id=P78536-2 original_index=767 mapped_index=?
[PTM_FAIL] code=VSP_DELETION_EVENT parent_id=P78536 id=P78536-2 original_index=791 mapped_index=?
[PTM_FAIL] code=VSP_DELETION_EVENT parent_id=P78536 id=P78536-2 original_index=819 mapped_index=?
[PTM_FAIL] code=RESIDUE_MISMATCH parent_id=O75689 id=O75689-2 original_index=87 mapped_index=98 original_aa=S isoform_aa=P shift=11 vsp_count=1
[PTM_FAIL] code=RESIDUE_MISMATCH parent_id=O75689 id=O75689-2 original_index=272 mapped_index=283 original_aa=K isoform_aa=M shift=11 vsp_count=1
[PTM_FAIL] code=RESIDUE_MISMATCH parent_id=O75689 id=O75689-2 original_index=276 mapped_index=287 original_aa=T isoform_aa=D shift=11 vsp_count=1
[PTM_FAIL] code=RESIDUE_MISMATCH parent_id=O75689 id=O75689-3 original_index=87 mapped_index=15 original_aa=S isoform_aa=R shift=-72 vsp_count=1
[PTM_FAIL] code=RESIDUE_MISMATCH parent_id=O75689 id=O75689-3 original_index=272 mapped_index=200 original_aa=K isoform_aa=L shift=-72 vsp_count=1
[PTM_FAIL] code=RESIDUE_MISMATCH parent_id=O75689 id=O75689-3 original_index=276 mapped_index=204 original_aa=T isoform_aa=S shift=-72 vsp_count=1
[PTM_FAIL] code=RESIDUE_MISMATCH parent_id=P35611 id=P35611-3 original_index=480 mapped_index=511 original_aa=T isoform_aa=L shift=31 vsp_count=1
[PTM_FAIL] code=RESIDUE_MISMATCH parent_id=P35611 id=P35611-3 original_index=481 mapped_index=512 original_aa=S isoform_aa=Q shift=31 vsp_count=1
[PTM_FAIL] code=RESIDUE_MISMATCH parent_id=P35611 id=P35611-3 original_index=586 mapped_index=617 original_aa=S isoform_aa=K shift=31 vsp_count=1
[PTM_FAIL] code=RESIDUE_MISMATCH parent_id=P35611 id=P35611-3 original_index=600 mapped_index=631 original_aa=S isoform_aa=D shift=31 vsp_count=1
[PTM_FAIL] code=RESIDUE_MISMATCH parent_id=P35611 id=P35611-3 original_index=613 mapped_index=644 original_aa=S isoform_aa=L shift=31 vsp_count=1
[PTM_FAIL] code=RESIDUE_MISMATCH parent_id=P35611 id=P35611-3 original_index=614 mapped_index=645 original_aa=T isoform_aa=S shift=31 vsp_count=1
[PTM_FAIL] code=RESIDUE_MISMATCH parent_id=P35611 id=P35611-3 original_index=678 mapped_index=709 original_aa=S isoform_aa=G shift=31 vsp_count=1
[PTM_FAIL] code=ISOFORM_OOB parent_id=P35611 id=P35611-3 original_index=707 mapped_index=738 isoform_len=737 shift=31 vsp_count=1 expected_len=768
[PTM_FAIL] code=ISOFORM_OOB parent_id=P35611 id=P35611-3 original_index=710 mapped_index=741 isoform_len=737 shift=31 vsp_count=1 expected_len=768
[PTM_FAIL] code=ISOFORM_OOB parent_id=P35611 id=P35611-3 original_index=714 mapped_index=745 isoform_len=737 shift=31 vsp_count=1 expected_len=768
[PTM_FAIL] code=ISOFORM_OOB parent_id=P35611 id=P35611-3 original_index=716 mapped_index=747 isoform_len=737 shift=31 vsp_count=1 expected_len=768
[PTM_FAIL] code=ISOFORM_OOB parent_id=P35611 id=P35611-3 original_index=726 mapped_index=757 isoform_len=737 shift=31 vsp_count=1 expected_len=768
[PTM_FAIL] code=RESIDUE_MISMATCH parent_id=O43306 id=O43306-2 original_index=919 mapped_index=866 original_aa=T isoform_aa=D shift=-53 vsp_count=1
[PTM_FAIL] code=VSP_DELETION_EVENT parent_id=O43306 id=O43306-2 original_index=793 mapped_index=?
[PTM_FAIL] code=VSP_UNRESOLVABLE parent_id=P35612 id=P35612-3 original_index=592 mapped_index=?
[PTM_FAIL] code=VSP_UNRESOLVABLE parent_id=P35612 id=P35612-3 original_index=596 mapped_index=?
[PTM_FAIL] code=VSP_UNRESOLVABLE parent_id=P35612 id=P35612-3 original_index=600 mapped_index=?
[PTM_FAIL] code=VSP_UNRESOLVABLE parent_id=P35612 id=P35612-3 original_index=604 mapped_index=?
[PTM_FAIL] code=VSP_UNRESOLVABLE parent_id=P35612 id=P35612-3 original_index=611 mapped_index=?
[PTM_FAIL] code=VSP_UNRESOLVABLE parent_id=P35612 id=P35612-3 original_index=613 mapped_index=?
[PTM_FAIL] code=VSP_UNRESOLVABLE parent_id=P35612 id=P35612-3 original_index=617 mapped_index=?
[PTM_FAIL] code=VSP_UNRESOLVABLE parent_id=P35612 id=P35612-3 original_index=619 mapped_index=?
[PTM_FAIL] code=VSP_UNRESOLVABLE parent_id=P35612 id=P35612-3 original_index=621 mapped_index=?
[PTM_FAIL] code=VSP_UNRESOLVABLE parent_id=P35612 id=P35612-3 original_index=675 mapped_index=?
[PTM_FAIL] code=VSP_UNRESOLVABLE parent_id=P35612 id=P35612-3 original_index=686 mapped_index=?
[PTM_FAIL] code=VSP_UNRESOLVABLE parent_id=P35612 id=P35612-3 original_index=689 mapped_index=?
[PTM_FAIL] code=VSP_UNRESOLVABLE parent_id=P35612 id=P35612-3 original_index=693 mapped_index=?
[PTM_FAIL] code=VSP_UNRESOLVABLE parent_id=P35612 id=P35612-3 original_index=697 mapped_index=?
[PTM_FAIL] code=VSP_UNRESOLVABLE parent_id=P35612 id=P35612-3 original_index=699 mapped_index=?
[PTM_FAIL] code=VSP_UNRESOLVABLE parent_id=P35612 id=P35612-3 original_index=701 mapped_index=?
[PTM_FAIL] code=VSP_UNRESOLVABLE parent_id=P35612 id=P35612-3 original_index=703 mapped_index=?
[PTM_FAIL] code=VSP_UNRESOLVABLE parent_id=P35612 id=P35612-3 original_index=713 mapped_index=?
[PTM_FAIL] code=VSP_DELETION_EVENT parent_id=Q9UEY8 id=Q9UEY8-2 original_index=585 mapped_index=?
[PTM_FAIL] code=VSP_DELETION_EVENT parent_id=Q9UEY8 id=Q9UEY8-2 original_index=590 mapped_index=?
[PTM_FAIL] code=RESIDUE_MISMATCH parent_id=Q9UEY8 id=Q9UEY8-2 original_index=673 mapped_index=641 original_aa=S isoform_aa=E shift=-32 vsp_count=1
[PTM_FAIL] code=RESIDUE_MISMATCH parent_id=Q9UEY8 id=Q9UEY8-2 original_index=677 mapped_index=645 original_aa=S isoform_aa=R shift=-32 vsp_count=1
[PTM_FAIL] code=RESIDUE_MISMATCH parent_id=Q9UEY8 id=Q9UEY8-2 original_index=681 mapped_index=649 original_aa=S isoform_aa=L shift=-32 vsp_count=1
[PTM_FAIL] code=RESIDUE_MISMATCH parent_id=Q9UEY8 id=Q9UEY8-2 original_index=683 mapped_index=651 original_aa=S isoform_aa=T shift=-32 vsp_count=1
[PTM_FAIL] code=VSP_DELETION_EVENT parent_id=O15204 id=O15204-2 original_index=61 mapped_index=?
[PTM_FAIL] code=RESIDUE_MISMATCH parent_id=O15204 id=O15204-2 original_index=184 mapped_index=105 original_aa=N isoform_aa=T shift=-79 vsp_count=1
[PTM_FAIL] code=RESIDUE_MISMATCH parent_id=O15204 id=O15204-2 original_index=237 mapped_index=158 original_aa=N isoform_aa=Q shift=-79 vsp_count=1
[PTM_FAIL] code=RESIDUE_MISMATCH parent_id=O15204 id=O15204-2 original_index=466 mapped_index=387 original_aa=N isoform_aa=D shift=-79 vsp_count=1
[PTM_FAIL] code=VSP_DELETION_EVENT parent_id=P00325 id=P00325-2 original_index=2 mapped_index=?
[PTM_FAIL] code=VSP_DELETION_EVENT parent_id=P00325 id=P00325-2 original_index=23 mapped_index=?
[PTM_FAIL] code=VSP_DELETION_EVENT parent_id=P00325 id=P00325-2 original_index=35 mapped_index=?
[PTM_FAIL] code=RESIDUE_MISMATCH parent_id=P08319 id=P08319-2 original_index=121 mapped_index=140 original_aa=S isoform_aa=G shift=19 vsp_count=1
[PTM_FAIL] code=RESIDUE_MISMATCH parent_id=P08319 id=P08319-2 original_index=278 mapped_index=297 original_aa=S isoform_aa=F shift=19 vsp_count=1
[PTM_FAIL] code=VSP_UNRESOLVABLE parent_id=P55263 id=P55263-2 original_index=2 mapped_index=?
[PTM_FAIL] code=RESIDUE_MISMATCH parent_id=P55263 id=P55263-2 original_index=77 mapped_index=60 original_aa=Y isoform_aa=D shift=-17 vsp_count=1
[PTM_FAIL] code=VSP_UNRESOLVABLE parent_id=P55263 id=P55263-4 original_index=2 mapped_index=?
[PTM_FAIL] code=RESIDUE_MISMATCH parent_id=P55263 id=P55263-4 original_index=77 mapped_index=42 original_aa=Y isoform_aa=K shift=-35 vsp_count=1
[PTM_FAIL] code=RESIDUE_MISMATCH parent_id=Q9Y2D8 id=Q9Y2D8-3 original_index=290 mapped_index=263 original_aa=S isoform_aa=Y shift=-27 vsp_count=1
[PTM_FAIL] code=RESIDUE_MISMATCH parent_id=Q9Y2D8 id=Q9Y2D8-3 original_index=293 mapped_index=266 original_aa=S isoform_aa=R shift=-27 vsp_count=1
[PTM_FAIL] code=RESIDUE_MISMATCH parent_id=Q9Y2D8 id=Q9Y2D8-3 original_index=312 mapped_index=285 original_aa=S isoform_aa=K shift=-27 vsp_count=1
[PTM_FAIL] code=RESIDUE_MISMATCH parent_id=Q9Y2D8 id=Q9Y2D8-3 original_index=536 mapped_index=509 original_aa=S isoform_aa=I shift=-27 vsp_count=1
[PTM_FAIL] code=RESIDUE_MISMATCH parent_id=Q9Y2D8 id=Q9Y2D8-3 original_index=540 mapped_index=513 original_aa=S isoform_aa=R shift=-27 vsp_count=1
[PTM_FAIL] code=RESIDUE_MISMATCH parent_id=Q9Y2D8 id=Q9Y2D8-3 original_index=542 mapped_index=515 original_aa=S isoform_aa=P shift=-27 vsp_count=1
[PTM_FAIL] code=RESIDUE_MISMATCH parent_id=Q9GZN8 id=Q9GZN8-2 original_index=147 mapped_index=172 original_aa=T isoform_aa=G shift=25 vsp_count=1
[PTM_FAIL] code=RESIDUE_MISMATCH parent_id=P22570 id=P22570-2 original_index=310 mapped_index=316 original_aa=S isoform_aa=P shift=6 vsp_count=1
[PTM_FAIL] code=RESIDUE_MISMATCH parent_id=P22570 id=P22570-2 original_index=317 mapped_index=323 original_aa=S isoform_aa=A shift=6 vsp_count=1
[PTM_FAIL] code=RESIDUE_MISMATCH parent_id=P22570 id=P22570-3 original_index=310 mapped_index=353 original_aa=S isoform_aa=C shift=43 vsp_count=1
[PTM_FAIL] code=RESIDUE_MISMATCH parent_id=P22570 id=P22570-3 original_index=317 mapped_index=360 original_aa=S isoform_aa=I shift=43 vsp_count=1
[PTM_FAIL] code=RESIDUE_MISMATCH parent_id=P22570 id=P22570-4 original_index=310 mapped_index=258 original_aa=S isoform_aa=D shift=-52 vsp_count=1
[PTM_FAIL] code=RESIDUE_MISMATCH parent_id=P22570 id=P22570-4 original_index=317 mapped_index=265 original_aa=S isoform_aa=K shift=-52 vsp_count=1
[PTM_FAIL] code=RESIDUE_MISMATCH parent_id=P22570 id=P22570-5 original_index=310 mapped_index=302 original_aa=S isoform_aa=A shift=-8 vsp_count=1
[PTM_FAIL] code=RESIDUE_MISMATCH parent_id=P22570 id=P22570-5 original_index=317 mapped_index=309 original_aa=S isoform_aa=R shift=-8 vsp_count=1
[PTM_FAIL] code=RESIDUE_MISMATCH parent_id=P22570 id=P22570-7 original_index=310 mapped_index=341 original_aa=S isoform_aa=R shift=31 vsp_count=1
[PTM_FAIL] code=RESIDUE_MISMATCH parent_id=P22570 id=P22570-7 original_index=317 mapped_index=348 original_aa=S isoform_aa=M shift=31 vsp_count=1
[PTM_FAIL] code=VSP_DELETION_EVENT parent_id=Q6UXC1 id=Q6UXC1-2 original_index=583 mapped_index=?
[PTM_FAIL] code=VSP_DELETION_EVENT parent_id=Q6UXC1 id=Q6UXC1-2 original_index=636 mapped_index=?
[PTM_FAIL] code=RESIDUE_MISMATCH parent_id=Q6UXC1 id=Q6UXC1-2 original_index=835 mapped_index=756 original_aa=N isoform_aa=S shift=-79 vsp_count=1
[PTM_FAIL] code=RESIDUE_MISMATCH parent_id=P42568 id=P42568-2 original_index=288 mapped_index=285 original_aa=S isoform_aa=P shift=-3 vsp_count=1
[PTM_FAIL] code=RESIDUE_MISMATCH parent_id=P42568 id=P42568-2 original_index=294 mapped_index=291 original_aa=S isoform_aa=E shift=-3 vsp_count=1
[PTM_FAIL] code=RESIDUE_MISMATCH parent_id=P42568 id=P42568-2 original_index=412 mapped_index=409 original_aa=S isoform_aa=D shift=-3 vsp_count=1
[PTM_FAIL] code=RESIDUE_MISMATCH parent_id=P42568 id=P42568-2 original_index=419 mapped_index=416 original_aa=S isoform_aa=E shift=-3 vsp_count=1
[PTM_FAIL] code=RESIDUE_MISMATCH parent_id=P42568 id=P42568-2 original_index=483 mapped_index=480 original_aa=S isoform_aa=E shift=-3 vsp_count=1
[PTM_FAIL] code=RESIDUE_MISMATCH parent_id=P42568 id=P42568-2 original_index=339 mapped_index=336 original_aa=K isoform_aa=G shift=-3 vsp_count=1
[PTM_FAIL] code=RESIDUE_MISMATCH parent_id=Q8N556 id=Q8N556-2 original_index=548 mapped_index=632 original_aa=S isoform_aa=L shift=84 vsp_count=1
[PTM_FAIL] code=ISOFORM_OOB parent_id=Q8N556 id=Q8N556-2 original_index=664 mapped_index=748 isoform_len=730 shift=84 vsp_count=1 expected_len=814
[PTM_FAIL] code=ISOFORM_OOB parent_id=Q8N556 id=Q8N556-2 original_index=665 mapped_index=749 isoform_len=730 shift=84 vsp_count=1 expected_len=814
[PTM_FAIL] code=ISOFORM_OOB parent_id=Q8N556 id=Q8N556-2 original_index=668 mapped_index=752 isoform_len=730 shift=84 vsp_count=1 expected_len=814
[PTM_FAIL] code=ISOFORM_OOB parent_id=Q8N556 id=Q8N556-2 original_index=675 mapped_index=759 isoform_len=730 shift=84 vsp_count=1 expected_len=814
[PTM_FAIL] code=ISOFORM_OOB parent_id=Q8N556 id=Q8N556-2 original_index=679 mapped_index=763 isoform_len=730 shift=84 vsp_count=1 expected_len=814
[PTM_FAIL] code=ISOFORM_OOB parent_id=Q8N556 id=Q8N556-2 original_index=687 mapped_index=771 isoform_len=730 shift=84 vsp_count=1 expected_len=814
[PTM_FAIL] code=RESIDUE_MISMATCH parent_id=P51826 id=P51826-2 original_index=755 mapped_index=780 original_aa=S isoform_aa=E shift=25 vsp_count=1
[PTM_FAIL] code=VSP_DELETION_EVENT parent_id=Q8TED9 id=Q8TED9-2 original_index=747 mapped_index=?
[PTM_FAIL] code=VSP_DELETION_EVENT parent_id=Q8TED9 id=Q8TED9-4 original_index=94 mapped_index=?
[PTM_FAIL] code=VSP_DELETION_EVENT parent_id=Q8TED9 id=Q8TED9-4 original_index=98 mapped_index=?
[PTM_FAIL] code=VSP_DELETION_EVENT parent_id=Q8TED9 id=Q8TED9-4 original_index=104 mapped_index=?
[PTM_FAIL] code=VSP_DELETION_EVENT parent_id=Q8TED9 id=Q8TED9-4 original_index=153 mapped_index=?
[PTM_FAIL] code=VSP_DELETION_EVENT parent_id=Q8TED9 id=Q8TED9-4 original_index=329 mapped_index=?
[PTM_FAIL] code=VSP_DELETION_EVENT parent_id=Q8TED9 id=Q8TED9-4 original_index=343 mapped_index=?
[PTM_FAIL] code=RESIDUE_MISMATCH parent_id=Q8TED9 id=Q8TED9-4 original_index=557 mapped_index=172 original_aa=Y isoform_aa=N shift=-385 vsp_count=1
[PTM_FAIL] code=RESIDUE_MISMATCH parent_id=Q8TED9 id=Q8TED9-4 original_index=747 mapped_index=362 original_aa=S isoform_aa=T shift=-385 vsp_count=1
[PTM_FAIL] code=RESIDUE_MISMATCH parent_id=Q9UPQ3 id=Q9UPQ3-2 original_index=521 mapped_index=468 original_aa=S isoform_aa=M shift=-53 vsp_count=1
[PTM_FAIL] code=RESIDUE_MISMATCH parent_id=Q9UPQ3 id=Q9UPQ3-2 original_index=605 mapped_index=552 original_aa=S isoform_aa=E shift=-53 vsp_count=1
[PTM_FAIL] code=RESIDUE_MISMATCH parent_id=Q9UPQ3 id=Q9UPQ3-2 original_index=663 mapped_index=610 original_aa=S isoform_aa=M shift=-53 vsp_count=1
[PTM_FAIL] code=RESIDUE_MISMATCH parent_id=Q9UPQ3 id=Q9UPQ3-2 original_index=836 mapped_index=783 original_aa=T isoform_aa=V shift=-53 vsp_count=1
[PTM_FAIL] code=RESIDUE_MISMATCH parent_id=Q96P47 id=Q96P47-4 original_index=324 mapped_index=360 original_aa=T isoform_aa=S shift=36 vsp_count=1
[PTM_FAIL] code=RESIDUE_MISMATCH parent_id=Q96P47 id=Q96P47-4 original_index=326 mapped_index=362 original_aa=T isoform_aa=G shift=36 vsp_count=1
[PTM_FAIL] code=RESIDUE_MISMATCH parent_id=Q96P47 id=Q96P47-4 original_index=443 mapped_index=479 original_aa=S isoform_aa=L shift=36 vsp_count=1
[PTM_FAIL] code=RESIDUE_MISMATCH parent_id=Q96P47 id=Q96P47-4 original_index=538 mapped_index=574 original_aa=S isoform_aa=V shift=36 vsp_count=1
[PTM_FAIL] code=RESIDUE_MISMATCH parent_id=P52594 id=P52594-2 original_index=362 mapped_index=322 original_aa=S isoform_aa=Q shift=-40 vsp_count=1
[PTM_FAIL] code=RESIDUE_MISMATCH parent_id=P52594 id=P52594-2 original_index=367 mapped_index=327 original_aa=S isoform_aa=Y shift=-40 vsp_count=1
[PTM_FAIL] code=RESIDUE_MISMATCH parent_id=O95394 id=O95394-4 original_index=62 mapped_index=90 original_aa=T isoform_aa=H shift=28 vsp_count=1
[PTM_FAIL] code=RESIDUE_MISMATCH parent_id=O95394 id=O95394-4 original_index=64 mapped_index=92 original_aa=S isoform_aa=T shift=28 vsp_count=1
[PTM_FAIL] code=RESIDUE_MISMATCH parent_id=Q9UKV8 id=Q9UKV8-2 original_index=824 mapped_index=790 original_aa=S isoform_aa=Y shift=-34 vsp_count=1
[PTM_FAIL] code=RESIDUE_MISMATCH parent_id=Q9UKV8 id=Q9UKV8-2 original_index=828 mapped_index=794 original_aa=S isoform_aa=T shift=-34 vsp_count=1
[PTM_FAIL] code=RESIDUE_MISMATCH parent_id=Q9UKV8 id=Q9UKV8-2 original_index=831 mapped_index=797 original_aa=S isoform_aa=V shift=-34 vsp_count=1
[PTM_FAIL] code=RESIDUE_MISMATCH parent_id=Q9UKV8 id=Q9UKV8-2 original_index=834 mapped_index=800 original_aa=S isoform_aa=P shift=-34 vsp_count=1
[PTM_FAIL] code=VSP_DELETION_EVENT parent_id=O60242 id=O60242-2 original_index=619 mapped_index=?
[PTM_FAIL] code=RESIDUE_MISMATCH parent_id=O60242 id=O60242-2 original_index=1220 mapped_index=184 original_aa=S isoform_aa=G shift=-1036 vsp_count=1
[PTM_FAIL] code=RESIDUE_MISMATCH parent_id=O60242 id=O60242-2 original_index=1411 mapped_index=375 original_aa=S isoform_aa=P shift=-1036 vsp_count=1
[PTM_FAIL] code=VSP_DELETION_EVENT parent_id=O60242 id=O60242-2 original_index=51 mapped_index=?
[PTM_FAIL] code=VSP_DELETION_EVENT parent_id=O60242 id=O60242-2 original_index=54 mapped_index=?
[PTM_FAIL] code=VSP_DELETION_EVENT parent_id=O60242 id=O60242-2 original_index=82 mapped_index=?
[PTM_FAIL] code=VSP_DELETION_EVENT parent_id=O60242 id=O60242-2 original_index=105 mapped_index=?
[PTM_FAIL] code=VSP_DELETION_EVENT parent_id=O60242 id=O60242-2 original_index=241 mapped_index=?
[PTM_FAIL] code=VSP_DELETION_EVENT parent_id=O60242 id=O60242-2 original_index=337 mapped_index=?
[PTM_FAIL] code=VSP_DELETION_EVENT parent_id=O60242 id=O60242-2 original_index=418 mapped_index=?
[PTM_FAIL] code=VSP_DELETION_EVENT parent_id=O60242 id=O60242-2 original_index=540 mapped_index=?
[PTM_FAIL] code=VSP_DELETION_EVENT parent_id=O60242 id=O60242-2 original_index=625 mapped_index=?
[PTM_FAIL] code=VSP_DELETION_EVENT parent_id=O60242 id=O60242-2 original_index=779 mapped_index=?
[PTM_FAIL] code=VSP_DELETION_EVENT parent_id=O60242 id=O60242-2 original_index=812 mapped_index=?
[PTM_FAIL] code=VSP_DELETION_EVENT parent_id=O60242 id=O60242-2 original_index=828 mapped_index=?
[PTM_FAIL] code=VSP_DELETION_EVENT parent_id=O60242 id=O60242-2 original_index=937 mapped_index=?
[PTM_FAIL] code=VSP_DELETION_EVENT parent_id=Q14246 id=Q14246-4 original_index=167 mapped_index=?
[PTM_FAIL] code=VSP_DELETION_EVENT parent_id=Q14246 id=Q14246-4 original_index=189 mapped_index=?
[PTM_FAIL] code=VSP_DELETION_EVENT parent_id=Q14246 id=Q14246-4 original_index=194 mapped_index=?
[PTM_FAIL] code=VSP_DELETION_EVENT parent_id=Q14246 id=Q14246-4 original_index=232 mapped_index=?
[PTM_FAIL] code=VSP_DELETION_EVENT parent_id=Q14246 id=Q14246-4 original_index=258 mapped_index=?
[PTM_FAIL] code=VSP_DELETION_EVENT parent_id=Q14246 id=Q14246-4 original_index=312 mapped_index=?
[PTM_FAIL] code=RESIDUE_MISMATCH parent_id=Q14246 id=Q14246-4 original_index=375 mapped_index=198 original_aa=N isoform_aa=F shift=-177 vsp_count=1
[PTM_FAIL] code=RESIDUE_MISMATCH parent_id=Q14246 id=Q14246-4 original_index=448 mapped_index=271 original_aa=N isoform_aa=E shift=-177 vsp_count=1
[PTM_FAIL] code=VSP_DELETION_EVENT parent_id=Q9H9G7 id=Q9H9G7-2 original_index=1 mapped_index=?
[PTM_FAIL] code=RESIDUE_MISMATCH parent_id=Q9H9G7 id=Q9H9G7-2 original_index=825 mapped_index=591 original_aa=S isoform_aa=P shift=-234 vsp_count=1
[PTM_FAIL] code=VSP_DELETION_EVENT parent_id=Q86SQ6 id=Q86SQ6-2 original_index=75 mapped_index=?
[PTM_FAIL] code=RESIDUE_MISMATCH parent_id=Q6QNK2 id=Q6QNK2-4 original_index=90 mapped_index=122 original_aa=N isoform_aa=P shift=32 vsp_count=1
[PTM_FAIL] code=RESIDUE_MISMATCH parent_id=Q6QNK2 id=Q6QNK2-4 original_index=185 mapped_index=217 original_aa=N isoform_aa=A shift=32 vsp_count=1
[PTM_FAIL] code=RESIDUE_MISMATCH parent_id=Q6QNK2 id=Q6QNK2-4 original_index=282 mapped_index=314 original_aa=N isoform_aa=E shift=32 vsp_count=1
[PTM_FAIL] code=RESIDUE_MISMATCH parent_id=Q6QNK2 id=Q6QNK2-4 original_index=302 mapped_index=334 original_aa=N isoform_aa=L shift=32 vsp_count=1
[PTM_FAIL] code=RESIDUE_MISMATCH parent_id=Q6QNK2 id=Q6QNK2-4 original_index=319 mapped_index=351 original_aa=N isoform_aa=I shift=32 vsp_count=1
[PTM_FAIL] code=RESIDUE_MISMATCH parent_id=Q6QNK2 id=Q6QNK2-4 original_index=394 mapped_index=426 original_aa=N isoform_aa=L shift=32 vsp_count=1
[PTM_FAIL] code=RESIDUE_MISMATCH parent_id=Q6QNK2 id=Q6QNK2-4 original_index=476 mapped_index=508 original_aa=N isoform_aa=V shift=32 vsp_count=1
[PTM_FAIL] code=RESIDUE_MISMATCH parent_id=Q6QNK2 id=Q6QNK2-4 original_index=533 mapped_index=565 original_aa=N isoform_aa=A shift=32 vsp_count=1
[PTM_FAIL] code=RESIDUE_MISMATCH parent_id=Q86SQ4 id=Q86SQ4-2 original_index=1165 mapped_index=1137 original_aa=S isoform_aa=A shift=-28 vsp_count=1
[PTM_FAIL] code=RESIDUE_MISMATCH parent_id=Q86SQ4 id=Q86SQ4-2 original_index=438 mapped_index=410 original_aa=N isoform_aa=I shift=-28 vsp_count=1
[PTM_FAIL] code=RESIDUE_MISMATCH parent_id=Q86SQ4 id=Q86SQ4-2 original_index=445 mapped_index=417 original_aa=N isoform_aa=V shift=-28 vsp_count=1
[PTM_FAIL] code=RESIDUE_MISMATCH parent_id=Q86SQ4 id=Q86SQ4-2 original_index=452 mapped_index=424 original_aa=N isoform_aa=H shift=-28 vsp_count=1
[PTM_FAIL] code=RESIDUE_MISMATCH parent_id=Q86SQ4 id=Q86SQ4-2 original_index=485 mapped_index=457 original_aa=N isoform_aa=L shift=-28 vsp_count=1
[PTM_FAIL] code=RESIDUE_MISMATCH parent_id=Q86SQ4 id=Q86SQ4-2 original_index=488 mapped_index=460 original_aa=N isoform_aa=G shift=-28 vsp_count=1
[PTM_FAIL] code=RESIDUE_MISMATCH parent_id=Q86SQ4 id=Q86SQ4-2 original_index=505 mapped_index=477 original_aa=N isoform_aa=V shift=-28 vsp_count=1
[PTM_FAIL] code=RESIDUE_MISMATCH parent_id=Q86SQ4 id=Q86SQ4-2 original_index=563 mapped_index=535 original_aa=N isoform_aa=Y shift=-28 vsp_count=1
[PTM_FAIL] code=RESIDUE_MISMATCH parent_id=Q86SQ4 id=Q86SQ4-2 original_index=593 mapped_index=565 original_aa=N isoform_aa=T shift=-28 vsp_count=1
[PTM_FAIL] code=RESIDUE_MISMATCH parent_id=Q86SQ4 id=Q86SQ4-2 original_index=600 mapped_index=572 original_aa=N isoform_aa=W shift=-28 vsp_count=1
[PTM_FAIL] code=RESIDUE_MISMATCH parent_id=Q86SQ4 id=Q86SQ4-2 original_index=605 mapped_index=577 original_aa=N isoform_aa=I shift=-28 vsp_count=1
[PTM_FAIL] code=RESIDUE_MISMATCH parent_id=Q86SQ4 id=Q86SQ4-2 original_index=667 mapped_index=639 original_aa=N isoform_aa=L shift=-28 vsp_count=1
[PTM_FAIL] code=RESIDUE_MISMATCH parent_id=Q86SQ4 id=Q86SQ4-2 original_index=673 mapped_index=645 original_aa=N isoform_aa=D shift=-28 vsp_count=1
[PTM_FAIL] code=RESIDUE_MISMATCH parent_id=Q86SQ4 id=Q86SQ4-2 original_index=704 mapped_index=676 original_aa=N isoform_aa=T shift=-28 vsp_count=1
[PTM_FAIL] code=RESIDUE_MISMATCH parent_id=Q86SQ4 id=Q86SQ4-2 original_index=750 mapped_index=722 original_aa=N isoform_aa=S shift=-28 vsp_count=1
[PTM_FAIL] code=RESIDUE_MISMATCH parent_id=Q86SQ4 id=Q86SQ4-2 original_index=776 mapped_index=748 original_aa=N isoform_aa=F shift=-28 vsp_count=1
[PTM_FAIL] code=RESIDUE_MISMATCH parent_id=Q86SQ4 id=Q86SQ4-2 original_index=811 mapped_index=783 original_aa=N isoform_aa=K shift=-28 vsp_count=1
[PTM_FAIL] code=RESIDUE_MISMATCH parent_id=Q86SQ4 id=Q86SQ4-2 original_index=818 mapped_index=790 original_aa=N isoform_aa=I shift=-28 vsp_count=1
[PTM_FAIL] code=RESIDUE_MISMATCH parent_id=Q96PE1 id=Q96PE1-2 original_index=1107 mapped_index=890 original_aa=S isoform_aa=I shift=-217 vsp_count=1
[PTM_FAIL] code=VSP_DELETION_EVENT parent_id=Q96PE1 id=Q96PE1-2 original_index=602 mapped_index=?
[PTM_FAIL] code=VSP_DELETION_EVENT parent_id=Q96PE1 id=Q96PE1-2 original_index=690 mapped_index=?
[PTM_FAIL] code=VSP_DELETION_EVENT parent_id=Q96PE1 id=Q96PE1-3 original_index=1107 mapped_index=?
[PTM_FAIL] code=VSP_DELETION_EVENT parent_id=Q96PE1 id=Q96PE1-3 original_index=207 mapped_index=?
[PTM_FAIL] code=VSP_DELETION_EVENT parent_id=Q96PE1 id=Q96PE1-3 original_index=275 mapped_index=?
[PTM_FAIL] code=VSP_DELETION_EVENT parent_id=Q96PE1 id=Q96PE1-3 original_index=602 mapped_index=?
[PTM_FAIL] code=VSP_DELETION_EVENT parent_id=Q96PE1 id=Q96PE1-3 original_index=690 mapped_index=?
[PTM_FAIL] code=RESIDUE_MISMATCH parent_id=Q8IZF2 id=Q8IZF2-3 original_index=1300 mapped_index=1158 original_aa=T isoform_aa=R shift=-142 vsp_count=1
[PTM_FAIL] code=RESIDUE_MISMATCH parent_id=Q8IZF2 id=Q8IZF2-3 original_index=1307 mapped_index=1165 original_aa=S isoform_aa=N shift=-142 vsp_count=1
[PTM_FAIL] code=VSP_UNRESOLVABLE parent_id=Q8IZF2 id=Q8IZF2-3 original_index=301 mapped_index=?
[PTM_FAIL] code=VSP_UNRESOLVABLE parent_id=Q8IZF2 id=Q8IZF2-3 original_index=315 mapped_index=?
[PTM_FAIL] code=VSP_UNRESOLVABLE parent_id=Q8IZF2 id=Q8IZF2-3 original_index=328 mapped_index=?
[PTM_FAIL] code=VSP_UNRESOLVABLE parent_id=Q8IZF2 id=Q8IZF2-3 original_index=398 mapped_index=?
[PTM_FAIL] code=RESIDUE_MISMATCH parent_id=Q8IZF2 id=Q8IZF2-3 original_index=472 mapped_index=330 original_aa=N isoform_aa=T shift=-142 vsp_count=1
[PTM_FAIL] code=RESIDUE_MISMATCH parent_id=Q8IZF2 id=Q8IZF2-3 original_index=487 mapped_index=345 original_aa=N isoform_aa=A shift=-142 vsp_count=1
[PTM_FAIL] code=RESIDUE_MISMATCH parent_id=Q8IZF2 id=Q8IZF2-3 original_index=505 mapped_index=363 original_aa=N isoform_aa=K shift=-142 vsp_count=1
[PTM_FAIL] code=RESIDUE_MISMATCH parent_id=Q8IZF2 id=Q8IZF2-3 original_index=627 mapped_index=485 original_aa=N isoform_aa=G shift=-142 vsp_count=1
[PTM_FAIL] code=RESIDUE_MISMATCH parent_id=Q8IZF2 id=Q8IZF2-3 original_index=649 mapped_index=507 original_aa=N isoform_aa=S shift=-142 vsp_count=1
[PTM_FAIL] code=RESIDUE_MISMATCH parent_id=Q8IZF2 id=Q8IZF2-3 original_index=666 mapped_index=524 original_aa=N isoform_aa=D shift=-142 vsp_count=1
[PTM_FAIL] code=RESIDUE_MISMATCH parent_id=Q8IZF2 id=Q8IZF2-3 original_index=820 mapped_index=678 original_aa=N isoform_aa=E shift=-142 vsp_count=1
[PTM_FAIL] code=RESIDUE_MISMATCH parent_id=Q8IZF2 id=Q8IZF2-3 original_index=931 mapped_index=789 original_aa=N isoform_aa=S shift=-142 vsp_count=1
[PTM_FAIL] code=RESIDUE_MISMATCH parent_id=Q8IZF2 id=Q8IZF2-3 original_index=963 mapped_index=821 original_aa=N isoform_aa=Q shift=-142 vsp_count=1
[PTM_FAIL] code=RESIDUE_MISMATCH parent_id=Q8IZF2 id=Q8IZF2-3 original_index=982 mapped_index=840 original_aa=N isoform_aa=D shift=-142 vsp_count=1
[PTM_FAIL] code=VSP_DELETION_EVENT parent_id=Q9BYV1 id=Q9BYV1-2 original_index=350 mapped_index=?
[PTM_FAIL] code=RESIDUE_MISMATCH parent_id=Q9BYV1 id=Q9BYV1-2 original_index=417 mapped_index=342 original_aa=K isoform_aa=L shift=-75 vsp_count=1
[PTM_FAIL] code=RESIDUE_MISMATCH parent_id=Q9BYV1 id=Q9BYV1-2 original_index=417 mapped_index=342 original_aa=K isoform_aa=L shift=-75 vsp_count=1
[PTM_FAIL] code=RESIDUE_MISMATCH parent_id=Q9BYV1 id=Q9BYV1-2 original_index=420 mapped_index=345 original_aa=K isoform_aa=I shift=-75 vsp_count=1
[PTM_FAIL] code=RESIDUE_MISMATCH parent_id=Q9BYV1 id=Q9BYV1-2 original_index=420 mapped_index=345 original_aa=K isoform_aa=I shift=-75 vsp_count=1
[PTM_FAIL] code=RESIDUE_MISMATCH parent_id=Q9UHX3 id=Q9UHX3-2 original_index=456 mapped_index=445 original_aa=N isoform_aa=L shift=-11 vsp_count=1
[PTM_FAIL] code=RESIDUE_MISMATCH parent_id=Q9UHX3 id=Q9UHX3-2 original_index=460 mapped_index=449 original_aa=N isoform_aa=I shift=-11 vsp_count=1
[PTM_FAIL] code=VSP_DELETION_EVENT parent_id=Q9UHX3 id=Q9UHX3-3 original_index=206 mapped_index=?
[PTM_FAIL] code=RESIDUE_MISMATCH parent_id=Q9UHX3 id=Q9UHX3-3 original_index=298 mapped_index=249 original_aa=N isoform_aa=G shift=-49 vsp_count=1
[PTM_FAIL] code=RESIDUE_MISMATCH parent_id=Q9UHX3 id=Q9UHX3-3 original_index=354 mapped_index=305 original_aa=N isoform_aa=L shift=-49 vsp_count=1
[PTM_FAIL] code=RESIDUE_MISMATCH parent_id=Q9UHX3 id=Q9UHX3-3 original_index=456 mapped_index=407 original_aa=N isoform_aa=I shift=-49 vsp_count=1
[PTM_FAIL] code=RESIDUE_MISMATCH parent_id=Q9UHX3 id=Q9UHX3-3 original_index=460 mapped_index=411 original_aa=N isoform_aa=G shift=-49 vsp_count=1
[PTM_FAIL] code=VSP_DELETION_EVENT parent_id=Q9UHX3 id=Q9UHX3-4 original_index=206 mapped_index=?
[PTM_FAIL] code=RESIDUE_MISMATCH parent_id=Q9UHX3 id=Q9UHX3-4 original_index=298 mapped_index=205 original_aa=N isoform_aa=P shift=-93 vsp_count=1
[PTM_FAIL] code=RESIDUE_MISMATCH parent_id=Q9UHX3 id=Q9UHX3-4 original_index=347 mapped_index=254 original_aa=N isoform_aa=Q shift=-93 vsp_count=1
[PTM_FAIL] code=RESIDUE_MISMATCH parent_id=Q9UHX3 id=Q9UHX3-4 original_index=354 mapped_index=261 original_aa=N isoform_aa=D shift=-93 vsp_count=1
[PTM_FAIL] code=RESIDUE_MISMATCH parent_id=Q9UHX3 id=Q9UHX3-4 original_index=456 mapped_index=363 original_aa=N isoform_aa=L shift=-93 vsp_count=1
[PTM_FAIL] code=RESIDUE_MISMATCH parent_id=Q9UHX3 id=Q9UHX3-4 original_index=460 mapped_index=367 original_aa=N isoform_aa=V shift=-93 vsp_count=1
[PTM_FAIL] code=VSP_DELETION_EVENT parent_id=Q9UHX3 id=Q9UHX3-5 original_index=206 mapped_index=?
[PTM_FAIL] code=RESIDUE_MISMATCH parent_id=Q9UHX3 id=Q9UHX3-5 original_index=298 mapped_index=156 original_aa=N isoform_aa=E shift=-142 vsp_count=1
[PTM_FAIL] code=RESIDUE_MISMATCH parent_id=Q9UHX3 id=Q9UHX3-5 original_index=347 mapped_index=205 original_aa=N isoform_aa=P shift=-142 vsp_count=1
[PTM_FAIL] code=RESIDUE_MISMATCH parent_id=Q9UHX3 id=Q9UHX3-5 original_index=354 mapped_index=212 original_aa=N isoform_aa=D shift=-142 vsp_count=1
[PTM_FAIL] code=RESIDUE_MISMATCH parent_id=Q9UHX3 id=Q9UHX3-5 original_index=456 mapped_index=314 original_aa=N isoform_aa=A shift=-142 vsp_count=1
[PTM_FAIL] code=RESIDUE_MISMATCH parent_id=Q9UHX3 id=Q9UHX3-5 original_index=460 mapped_index=318 original_aa=N isoform_aa=L shift=-142 vsp_count=1
[PTM_FAIL] code=RESIDUE_MISMATCH parent_id=O00468 id=O00468-7 original_index=1835 mapped_index=1831 original_aa=S isoform_aa=L shift=-4 vsp_count=1
[PTM_FAIL] code=RESIDUE_MISMATCH parent_id=Q9BY15 id=Q9BY15-2 original_index=145 mapped_index=93 original_aa=N isoform_aa=Y shift=-52 vsp_count=1
[PTM_FAIL] code=RESIDUE_MISMATCH parent_id=Q9BY15 id=Q9BY15-2 original_index=189 mapped_index=137 original_aa=N isoform_aa=D shift=-52 vsp_count=1
[PTM_FAIL] code=RESIDUE_MISMATCH parent_id=Q9BY15 id=Q9BY15-2 original_index=202 mapped_index=150 original_aa=N isoform_aa=R shift=-52 vsp_count=1
[PTM_FAIL] code=RESIDUE_MISMATCH parent_id=Q9BY15 id=Q9BY15-2 original_index=250 mapped_index=198 original_aa=N isoform_aa=A shift=-52 vsp_count=1
[PTM_FAIL] code=RESIDUE_MISMATCH parent_id=Q9BY15 id=Q9BY15-2 original_index=279 mapped_index=227 original_aa=N isoform_aa=I shift=-52 vsp_count=1
[PTM_FAIL] code=RESIDUE_MISMATCH parent_id=Q9BY15 id=Q9BY15-2 original_index=327 mapped_index=275 original_aa=N isoform_aa=G shift=-52 vsp_count=1
[PTM_FAIL] code=RESIDUE_MISMATCH parent_id=Q9BY15 id=Q9BY15-2 original_index=334 mapped_index=282 original_aa=N isoform_aa=L shift=-52 vsp_count=1
[PTM_FAIL] code=VSP_DELETION_EVENT parent_id=Q9BY15 id=Q9BY15-3 original_index=145 mapped_index=?
[PTM_FAIL] code=VSP_DELETION_EVENT parent_id=Q9BY15 id=Q9BY15-3 original_index=189 mapped_index=?
[PTM_FAIL] code=VSP_DELETION_EVENT parent_id=Q9BY15 id=Q9BY15-3 original_index=202 mapped_index=?
[PTM_FAIL] code=VSP_DELETION_EVENT parent_id=Q9BY15 id=Q9BY15-3 original_index=250 mapped_index=?
[PTM_FAIL] code=VSP_DELETION_EVENT parent_id=Q9BY15 id=Q9BY15-3 original_index=279 mapped_index=?
[PTM_FAIL] code=VSP_DELETION_EVENT parent_id=Q9BY15 id=Q9BY15-3 original_index=327 mapped_index=?
[PTM_FAIL] code=VSP_DELETION_EVENT parent_id=Q9BY15 id=Q9BY15-3 original_index=334 mapped_index=?
[PTM_FAIL] code=RESIDUE_MISMATCH parent_id=O60241 id=O60241-3 original_index=1351 mapped_index=1339 original_aa=Y isoform_aa=W shift=-12 vsp_count=1
[PTM_FAIL] code=RESIDUE_MISMATCH parent_id=O60241 id=O60241-3 original_index=106 mapped_index=94 original_aa=N isoform_aa=A shift=-12 vsp_count=1
[PTM_FAIL] code=RESIDUE_MISMATCH parent_id=O60241 id=O60241-3 original_index=191 mapped_index=179 original_aa=N isoform_aa=A shift=-12 vsp_count=1
[PTM_FAIL] code=RESIDUE_MISMATCH parent_id=O60241 id=O60241-3 original_index=192 mapped_index=180 original_aa=N isoform_aa=F shift=-12 vsp_count=1
[PTM_FAIL] code=RESIDUE_MISMATCH parent_id=O60241 id=O60241-3 original_index=266 mapped_index=254 original_aa=S isoform_aa=G shift=-12 vsp_count=1
[PTM_FAIL] code=RESIDUE_MISMATCH parent_id=O60241 id=O60241-3 original_index=356 mapped_index=344 original_aa=N isoform_aa=L shift=-12 vsp_count=1
[PTM_FAIL] code=RESIDUE_MISMATCH parent_id=O60241 id=O60241-3 original_index=437 mapped_index=425 original_aa=N isoform_aa=W shift=-12 vsp_count=1
[PTM_FAIL] code=RESIDUE_MISMATCH parent_id=O60241 id=O60241-3 original_index=560 mapped_index=548 original_aa=N isoform_aa=A shift=-12 vsp_count=1
[PTM_FAIL] code=RESIDUE_MISMATCH parent_id=O60241 id=O60241-3 original_index=645 mapped_index=633 original_aa=N isoform_aa=S shift=-12 vsp_count=1
[PTM_FAIL] code=RESIDUE_MISMATCH parent_id=O60241 id=O60241-3 original_index=867 mapped_index=855 original_aa=N isoform_aa=E shift=-12 vsp_count=1
[PTM_FAIL] code=RESIDUE_MISMATCH parent_id=O94910 id=O94910-2 original_index=1194 mapped_index=1189 original_aa=R isoform_aa=P shift=-5 vsp_count=1
[PTM_FAIL] code=RESIDUE_MISMATCH parent_id=O94910 id=O94910-2 original_index=1220 mapped_index=1215 original_aa=S isoform_aa=P shift=-5 vsp_count=1
[PTM_FAIL] code=RESIDUE_MISMATCH parent_id=O94910 id=O94910-2 original_index=1473 mapped_index=1468 original_aa=S isoform_aa=M shift=-5 vsp_count=1
[PTM_FAIL] code=RESIDUE_MISMATCH parent_id=O94910 id=O94910-2 original_index=531 mapped_index=526 original_aa=N isoform_aa=G shift=-5 vsp_count=1
[PTM_FAIL] code=RESIDUE_MISMATCH parent_id=O94910 id=O94910-2 original_index=640 mapped_index=635 original_aa=N isoform_aa=S shift=-5 vsp_count=1
[PTM_FAIL] code=RESIDUE_MISMATCH parent_id=O94910 id=O94910-2 original_index=742 mapped_index=737 original_aa=N isoform_aa=F shift=-5 vsp_count=1
[PTM_FAIL] code=RESIDUE_MISMATCH parent_id=O94910 id=O94910-2 original_index=827 mapped_index=822 original_aa=N isoform_aa=R shift=-5 vsp_count=1
[PTM_FAIL] code=VSP_DELETION_EVENT parent_id=Q9Y653 id=Q9Y653-4 original_index=39 mapped_index=?
[PTM_FAIL] code=VSP_DELETION_EVENT parent_id=Q9Y653 id=Q9Y653-4 original_index=148 mapped_index=?
[PTM_FAIL] code=VSP_DELETION_EVENT parent_id=Q9Y653 id=Q9Y653-4 original_index=171 mapped_index=?
[PTM_FAIL] code=RESIDUE_MISMATCH parent_id=Q9Y653 id=Q9Y653-4 original_index=234 mapped_index=64 original_aa=N isoform_aa=A shift=-170 vsp_count=1
[PTM_FAIL] code=RESIDUE_MISMATCH parent_id=Q9Y653 id=Q9Y653-4 original_index=303 mapped_index=133 original_aa=N isoform_aa=P shift=-170 vsp_count=1
[PTM_FAIL] code=RESIDUE_MISMATCH parent_id=Q9Y653 id=Q9Y653-4 original_index=324 mapped_index=154 original_aa=N isoform_aa=A shift=-170 vsp_count=1
[PTM_FAIL] code=VSP_DELETION_EVENT parent_id=Q9Y653 id=Q9Y653-5 original_index=39 mapped_index=?
[PTM_FAIL] code=VSP_DELETION_EVENT parent_id=Q9Y653 id=Q9Y653-5 original_index=148 mapped_index=?
[PTM_FAIL] code=VSP_DELETION_EVENT parent_id=Q9Y653 id=Q9Y653-5 original_index=171 mapped_index=?
[PTM_FAIL] code=RESIDUE_MISMATCH parent_id=Q9Y653 id=Q9Y653-5 original_index=234 mapped_index=59 original_aa=N isoform_aa=E shift=-175 vsp_count=1
[PTM_FAIL] code=RESIDUE_MISMATCH parent_id=Q9Y653 id=Q9Y653-5 original_index=303 mapped_index=128 original_aa=N isoform_aa=S shift=-175 vsp_count=1
[PTM_FAIL] code=RESIDUE_MISMATCH parent_id=Q9Y653 id=Q9Y653-5 original_index=324 mapped_index=149 original_aa=N isoform_aa=I shift=-175 vsp_count=1
[PTM_FAIL] code=RESIDUE_MISMATCH parent_id=Q9Y653 id=Q9Y653-5 original_index=341 mapped_index=166 original_aa=N isoform_aa=H shift=-175 vsp_count=1
[PTM_FAIL] code=RESIDUE_MISMATCH parent_id=O95490 id=O95490-5 original_index=1374 mapped_index=1331 original_aa=S isoform_aa=R shift=-43 vsp_count=1
[PTM_FAIL] code=RESIDUE_MISMATCH parent_id=O95490 id=O95490-5 original_index=1409 mapped_index=1366 original_aa=S isoform_aa=P shift=-43 vsp_count=1
[PTM_FAIL] code=RESIDUE_MISMATCH parent_id=O95490 id=O95490-6 original_index=1374 mapped_index=1389 original_aa=S isoform_aa=D shift=15 vsp_count=1
[PTM_FAIL] code=RESIDUE_MISMATCH parent_id=O95490 id=O95490-6 original_index=1409 mapped_index=1424 original_aa=S isoform_aa=Q shift=15 vsp_count=1
[PTM_FAIL] code=RESIDUE_MISMATCH parent_id=O95490 id=O95490-6 original_index=1430 mapped_index=1445 original_aa=S isoform_aa=E shift=15 vsp_count=1
[PTM_FAIL] code=RESIDUE_MISMATCH parent_id=P48960 id=P48960-2 original_index=815 mapped_index=722 original_aa=S isoform_aa=F shift=-93 vsp_count=1
[PTM_FAIL] code=RESIDUE_MISMATCH parent_id=P48960 id=P48960-2 original_index=816 mapped_index=723 original_aa=T isoform_aa=S shift=-93 vsp_count=1
[PTM_FAIL] code=RESIDUE_MISMATCH parent_id=P48960 id=P48960-2 original_index=818 mapped_index=725 original_aa=S isoform_aa=I shift=-93 vsp_count=1
[PTM_FAIL] code=RESIDUE_MISMATCH parent_id=P48960 id=P48960-2 original_index=825 mapped_index=732 original_aa=T isoform_aa=L shift=-93 vsp_count=1
[PTM_FAIL] code=RESIDUE_MISMATCH parent_id=P48960 id=P48960-2 original_index=831 mapped_index=738 original_aa=S isoform_aa=L shift=-93 vsp_count=1
[PTM_FAIL] code=RESIDUE_MISMATCH parent_id=P48960 id=P48960-2 original_index=833 mapped_index=740 original_aa=S isoform_aa=I shift=-93 vsp_count=1
[PTM_FAIL] code=VSP_DELETION_EVENT parent_id=P48960 id=P48960-2 original_index=203 mapped_index=?
[PTM_FAIL] code=RESIDUE_MISMATCH parent_id=P48960 id=P48960-2 original_index=371 mapped_index=278 original_aa=N isoform_aa=F shift=-93 vsp_count=1
[PTM_FAIL] code=RESIDUE_MISMATCH parent_id=P48960 id=P48960-2 original_index=406 mapped_index=313 original_aa=N isoform_aa=G shift=-93 vsp_count=1
[PTM_FAIL] code=RESIDUE_MISMATCH parent_id=P48960 id=P48960-2 original_index=413 mapped_index=320 original_aa=N isoform_aa=P shift=-93 vsp_count=1
[PTM_FAIL] code=RESIDUE_MISMATCH parent_id=P48960 id=P48960-2 original_index=453 mapped_index=360 original_aa=N isoform_aa=L shift=-93 vsp_count=1
[PTM_FAIL] code=RESIDUE_MISMATCH parent_id=P48960 id=P48960-2 original_index=520 mapped_index=427 original_aa=N isoform_aa=E shift=-93 vsp_count=1
[PTM_FAIL] code=RESIDUE_MISMATCH parent_id=P48960 id=P48960-3 original_index=815 mapped_index=766 original_aa=S isoform_aa=V shift=-49 vsp_count=1
[PTM_FAIL] code=RESIDUE_MISMATCH parent_id=P48960 id=P48960-3 original_index=816 mapped_index=767 original_aa=T isoform_aa=L shift=-49 vsp_count=1
[PTM_FAIL] code=RESIDUE_MISMATCH parent_id=P48960 id=P48960-3 original_index=818 mapped_index=769 original_aa=S isoform_aa=Y shift=-49 vsp_count=1
[PTM_FAIL] code=RESIDUE_MISMATCH parent_id=P48960 id=P48960-3 original_index=825 mapped_index=776 original_aa=T isoform_aa=C shift=-49 vsp_count=1
[PTM_FAIL] code=RESIDUE_MISMATCH parent_id=P48960 id=P48960-3 original_index=831 mapped_index=782 original_aa=S isoform_aa=L shift=-49 vsp_count=1
[PTM_FAIL] code=RESIDUE_MISMATCH parent_id=P48960 id=P48960-3 original_index=833 mapped_index=784 original_aa=S isoform_aa=L shift=-49 vsp_count=1
[PTM_FAIL] code=VSP_DELETION_EVENT parent_id=P48960 id=P48960-3 original_index=203 mapped_index=?
[PTM_FAIL] code=RESIDUE_MISMATCH parent_id=P48960 id=P48960-3 original_index=371 mapped_index=322 original_aa=N isoform_aa=V shift=-49 vsp_count=1
[PTM_FAIL] code=RESIDUE_MISMATCH parent_id=P48960 id=P48960-3 original_index=413 mapped_index=364 original_aa=N isoform_aa=I shift=-49 vsp_count=1
[PTM_FAIL] code=RESIDUE_MISMATCH parent_id=P48960 id=P48960-3 original_index=453 mapped_index=404 original_aa=N isoform_aa=I shift=-49 vsp_count=1
[PTM_FAIL] code=RESIDUE_MISMATCH parent_id=P48960 id=P48960-3 original_index=520 mapped_index=471 original_aa=N isoform_aa=S shift=-49 vsp_count=1
[PTM_FAIL] code=VSP_DELETION_EVENT parent_id=Q8IVF2 id=Q8IVF2-2 original_index=280 mapped_index=?
[PTM_FAIL] code=VSP_DELETION_EVENT parent_id=Q8IVF2 id=Q8IVF2-2 original_index=294 mapped_index=?
[PTM_FAIL] code=VSP_DELETION_EVENT parent_id=Q8IVF2 id=Q8IVF2-2 original_index=593 mapped_index=?
[PTM_FAIL] code=VSP_DELETION_EVENT parent_id=Q8IVF2 id=Q8IVF2-2 original_index=842 mapped_index=?
[PTM_FAIL] code=VSP_DELETION_EVENT parent_id=Q8IVF2 id=Q8IVF2-2 original_index=1007 mapped_index=?
[PTM_FAIL] code=VSP_DELETION_EVENT parent_id=Q8IVF2 id=Q8IVF2-2 original_index=1112 mapped_index=?
[PTM_FAIL] code=VSP_DELETION_EVENT parent_id=Q8IVF2 id=Q8IVF2-2 original_index=1337 mapped_index=?
[PTM_FAIL] code=VSP_DELETION_EVENT parent_id=Q8IVF2 id=Q8IVF2-2 original_index=1418 mapped_index=?
[PTM_FAIL] code=VSP_DELETION_EVENT parent_id=Q8IVF2 id=Q8IVF2-2 original_index=1502 mapped_index=?
[PTM_FAIL] code=VSP_DELETION_EVENT parent_id=Q8IVF2 id=Q8IVF2-2 original_index=1510 mapped_index=?
[PTM_FAIL] code=VSP_DELETION_EVENT parent_id=Q8IVF2 id=Q8IVF2-2 original_index=1667 mapped_index=?
[PTM_FAIL] code=VSP_DELETION_EVENT parent_id=Q8IVF2 id=Q8IVF2-2 original_index=1832 mapped_index=?
[PTM_FAIL] code=VSP_DELETION_EVENT parent_id=Q8IVF2 id=Q8IVF2-2 original_index=1840 mapped_index=?
[PTM_FAIL] code=VSP_DELETION_EVENT parent_id=Q8IVF2 id=Q8IVF2-2 original_index=2162 mapped_index=?
[PTM_FAIL] code=VSP_DELETION_EVENT parent_id=Q8IVF2 id=Q8IVF2-2 original_index=2243 mapped_index=?
[PTM_FAIL] code=VSP_DELETION_EVENT parent_id=Q8IVF2 id=Q8IVF2-2 original_index=2408 mapped_index=?
[PTM_FAIL] code=VSP_DELETION_EVENT parent_id=Q8IVF2 id=Q8IVF2-2 original_index=2492 mapped_index=?
[PTM_FAIL] code=VSP_DELETION_EVENT parent_id=Q8IVF2 id=Q8IVF2-2 original_index=2500 mapped_index=?
[PTM_FAIL] code=VSP_DELETION_EVENT parent_id=Q8IVF2 id=Q8IVF2-2 original_index=2738 mapped_index=?
[PTM_FAIL] code=VSP_DELETION_EVENT parent_id=Q8IVF2 id=Q8IVF2-2 original_index=2822 mapped_index=?
[PTM_FAIL] code=VSP_DELETION_EVENT parent_id=Q8IVF2 id=Q8IVF2-2 original_index=2987 mapped_index=?
[PTM_FAIL] code=VSP_DELETION_EVENT parent_id=Q8IVF2 id=Q8IVF2-2 original_index=3068 mapped_index=?
[PTM_FAIL] code=VSP_DELETION_EVENT parent_id=Q8IVF2 id=Q8IVF2-2 original_index=3152 mapped_index=?
[PTM_FAIL] code=VSP_DELETION_EVENT parent_id=Q8IVF2 id=Q8IVF2-2 original_index=3233 mapped_index=?
[PTM_FAIL] code=VSP_DELETION_EVENT parent_id=Q8IVF2 id=Q8IVF2-2 original_index=3408 mapped_index=?
[PTM_FAIL] code=VSP_DELETION_EVENT parent_id=Q8IVF2 id=Q8IVF2-2 original_index=3812 mapped_index=?
[PTM_FAIL] code=VSP_DELETION_EVENT parent_id=Q8IVF2 id=Q8IVF2-2 original_index=3977 mapped_index=?
[PTM_FAIL] code=VSP_DELETION_EVENT parent_id=Q8IVF2 id=Q8IVF2-2 original_index=4142 mapped_index=?
[PTM_FAIL] code=VSP_DELETION_EVENT parent_id=Q8IVF2 id=Q8IVF2-2 original_index=4307 mapped_index=?
[PTM_FAIL] code=VSP_DELETION_EVENT parent_id=Q8IVF2 id=Q8IVF2-2 original_index=4388 mapped_index=?
[PTM_FAIL] code=VSP_DELETION_EVENT parent_id=Q8IVF2 id=Q8IVF2-2 original_index=4472 mapped_index=?
[PTM_FAIL] code=VSP_DELETION_EVENT parent_id=Q8IVF2 id=Q8IVF2-2 original_index=4477 mapped_index=?
[PTM_FAIL] code=VSP_DELETION_EVENT parent_id=Q8IVF2 id=Q8IVF2-2 original_index=4894 mapped_index=?
[PTM_FAIL] code=VSP_DELETION_EVENT parent_id=Q8IVF2 id=Q8IVF2-2 original_index=4897 mapped_index=?
[PTM_FAIL] code=RESIDUE_MISMATCH parent_id=Q8IVF2 id=Q8IVF2-2 original_index=5707 mapped_index=705 original_aa=S isoform_aa=V shift=-5002 vsp_count=1
[PTM_FAIL] code=VSP_DELETION_EVENT parent_id=Q8IVF2 id=Q8IVF2-2 original_index=116 mapped_index=?
[PTM_FAIL] code=RESIDUE_MISMATCH parent_id=Q8IVF2 id=Q8IVF2-3 original_index=280 mapped_index=180 original_aa=S isoform_aa=Y shift=-100 vsp_count=1
[PTM_FAIL] code=RESIDUE_MISMATCH parent_id=Q8IVF2 id=Q8IVF2-3 original_index=294 mapped_index=194 original_aa=S isoform_aa=L shift=-100 vsp_count=1
[PTM_FAIL] code=RESIDUE_MISMATCH parent_id=Q8IVF2 id=Q8IVF2-3 original_index=593 mapped_index=493 original_aa=S isoform_aa=K shift=-100 vsp_count=1
[PTM_FAIL] code=RESIDUE_MISMATCH parent_id=Q8IVF2 id=Q8IVF2-3 original_index=842 mapped_index=742 original_aa=S isoform_aa=K shift=-100 vsp_count=1
[PTM_FAIL] code=RESIDUE_MISMATCH parent_id=Q8IVF2 id=Q8IVF2-3 original_index=1007 mapped_index=907 original_aa=S isoform_aa=P shift=-100 vsp_count=1
[PTM_FAIL] code=RESIDUE_MISMATCH parent_id=Q8IVF2 id=Q8IVF2-3 original_index=1112 mapped_index=1012 original_aa=S isoform_aa=A shift=-100 vsp_count=1
[PTM_FAIL] code=RESIDUE_MISMATCH parent_id=Q8IVF2 id=Q8IVF2-3 original_index=1337 mapped_index=1237 original_aa=S isoform_aa=P shift=-100 vsp_count=1
[PTM_FAIL] code=RESIDUE_MISMATCH parent_id=Q8IVF2 id=Q8IVF2-3 original_index=1418 mapped_index=1318 original_aa=S isoform_aa=D shift=-100 vsp_count=1
[PTM_FAIL] code=RESIDUE_MISMATCH parent_id=Q8IVF2 id=Q8IVF2-3 original_index=1502 mapped_index=1402 original_aa=S isoform_aa=P shift=-100 vsp_count=1
[PTM_FAIL] code=RESIDUE_MISMATCH parent_id=Q8IVF2 id=Q8IVF2-3 original_index=1510 mapped_index=1410 original_aa=K isoform_aa=H shift=-100 vsp_count=1
[PTM_FAIL] code=RESIDUE_MISMATCH parent_id=Q8IVF2 id=Q8IVF2-3 original_index=1832 mapped_index=1732 original_aa=S isoform_aa=P shift=-100 vsp_count=1
[PTM_FAIL] code=RESIDUE_MISMATCH parent_id=Q8IVF2 id=Q8IVF2-3 original_index=1840 mapped_index=1740 original_aa=K isoform_aa=H shift=-100 vsp_count=1
[PTM_FAIL] code=RESIDUE_MISMATCH parent_id=Q8IVF2 id=Q8IVF2-3 original_index=2162 mapped_index=2062 original_aa=S isoform_aa=P shift=-100 vsp_count=1
[PTM_FAIL] code=RESIDUE_MISMATCH parent_id=Q8IVF2 id=Q8IVF2-3 original_index=2243 mapped_index=2143 original_aa=S isoform_aa=N shift=-100 vsp_count=1
[PTM_FAIL] code=RESIDUE_MISMATCH parent_id=Q8IVF2 id=Q8IVF2-3 original_index=2408 mapped_index=2308 original_aa=S isoform_aa=D shift=-100 vsp_count=1
[PTM_FAIL] code=RESIDUE_MISMATCH parent_id=Q8IVF2 id=Q8IVF2-3 original_index=2492 mapped_index=2392 original_aa=S isoform_aa=P shift=-100 vsp_count=1
[PTM_FAIL] code=RESIDUE_MISMATCH parent_id=Q8IVF2 id=Q8IVF2-3 original_index=2500 mapped_index=2400 original_aa=K isoform_aa=H shift=-100 vsp_count=1
[PTM_FAIL] code=RESIDUE_MISMATCH parent_id=Q8IVF2 id=Q8IVF2-3 original_index=2738 mapped_index=2638 original_aa=S isoform_aa=D shift=-100 vsp_count=1
[PTM_FAIL] code=RESIDUE_MISMATCH parent_id=Q8IVF2 id=Q8IVF2-3 original_index=2822 mapped_index=2722 original_aa=S isoform_aa=P shift=-100 vsp_count=1
[PTM_FAIL] code=RESIDUE_MISMATCH parent_id=Q8IVF2 id=Q8IVF2-3 original_index=2987 mapped_index=2887 original_aa=S isoform_aa=P shift=-100 vsp_count=1
[PTM_FAIL] code=RESIDUE_MISMATCH parent_id=Q8IVF2 id=Q8IVF2-3 original_index=3068 mapped_index=2968 original_aa=S isoform_aa=D shift=-100 vsp_count=1
[PTM_FAIL] code=RESIDUE_MISMATCH parent_id=Q8IVF2 id=Q8IVF2-3 original_index=3152 mapped_index=3052 original_aa=S isoform_aa=P shift=-100 vsp_count=1
[PTM_FAIL] code=RESIDUE_MISMATCH parent_id=Q8IVF2 id=Q8IVF2-3 original_index=3233 mapped_index=3133 original_aa=S isoform_aa=D shift=-100 vsp_count=1
[PTM_FAIL] code=RESIDUE_MISMATCH parent_id=Q8IVF2 id=Q8IVF2-3 original_index=3408 mapped_index=3308 original_aa=S isoform_aa=F shift=-100 vsp_count=1
[PTM_FAIL] code=RESIDUE_MISMATCH parent_id=Q8IVF2 id=Q8IVF2-3 original_index=3812 mapped_index=3712 original_aa=S isoform_aa=P shift=-100 vsp_count=1
[PTM_FAIL] code=RESIDUE_MISMATCH parent_id=Q8IVF2 id=Q8IVF2-3 original_index=3977 mapped_index=3877 original_aa=S isoform_aa=P shift=-100 vsp_count=1
[PTM_FAIL] code=RESIDUE_MISMATCH parent_id=Q8IVF2 id=Q8IVF2-3 original_index=4142 mapped_index=4042 original_aa=S isoform_aa=P shift=-100 vsp_count=1
[PTM_FAIL] code=RESIDUE_MISMATCH parent_id=Q8IVF2 id=Q8IVF2-3 original_index=4307 mapped_index=4207 original_aa=S isoform_aa=P shift=-100 vsp_count=1
[PTM_FAIL] code=RESIDUE_MISMATCH parent_id=Q8IVF2 id=Q8IVF2-3 original_index=4388 mapped_index=4288 original_aa=S isoform_aa=D shift=-100 vsp_count=1
[PTM_FAIL] code=RESIDUE_MISMATCH parent_id=Q8IVF2 id=Q8IVF2-3 original_index=4472 mapped_index=4372 original_aa=S isoform_aa=H shift=-100 vsp_count=1
[PTM_FAIL] code=RESIDUE_MISMATCH parent_id=Q8IVF2 id=Q8IVF2-3 original_index=4477 mapped_index=4377 original_aa=S isoform_aa=L shift=-100 vsp_count=1
[PTM_FAIL] code=RESIDUE_MISMATCH parent_id=Q8IVF2 id=Q8IVF2-3 original_index=4894 mapped_index=4794 original_aa=S isoform_aa=K shift=-100 vsp_count=1
[PTM_FAIL] code=RESIDUE_MISMATCH parent_id=Q8IVF2 id=Q8IVF2-3 original_index=4897 mapped_index=4797 original_aa=S isoform_aa=V shift=-100 vsp_count=1
[PTM_FAIL] code=RESIDUE_MISMATCH parent_id=Q8IVF2 id=Q8IVF2-3 original_index=5707 mapped_index=5607 original_aa=S isoform_aa=E shift=-100 vsp_count=1
[PTM_FAIL] code=RESIDUE_MISMATCH parent_id=Q8IVF2 id=Q8IVF2-3 original_index=116 mapped_index=16 original_aa=K isoform_aa=P shift=-100 vsp_count=1
[PTM_FAIL] code=RESIDUE_MISMATCH parent_id=Q8IZP9 id=Q8IZP9-2 original_index=1010 mapped_index=1007 original_aa=S isoform_aa=K shift=-3 vsp_count=1
[PTM_FAIL] code=RESIDUE_MISMATCH parent_id=Q8IZP9 id=Q8IZP9-2 original_index=85 mapped_index=82 original_aa=N isoform_aa=L shift=-3 vsp_count=1
[PTM_FAIL] code=RESIDUE_MISMATCH parent_id=Q8IZP9 id=Q8IZP9-2 original_index=99 mapped_index=96 original_aa=N isoform_aa=K shift=-3 vsp_count=1
[PTM_FAIL] code=RESIDUE_MISMATCH parent_id=Q8IZP9 id=Q8IZP9-2 original_index=117 mapped_index=114 original_aa=N isoform_aa=S shift=-3 vsp_count=1
[PTM_FAIL] code=RESIDUE_MISMATCH parent_id=Q8IZP9 id=Q8IZP9-2 original_index=144 mapped_index=141 original_aa=N isoform_aa=H shift=-3 vsp_count=1
[PTM_FAIL] code=RESIDUE_MISMATCH parent_id=Q8IZP9 id=Q8IZP9-2 original_index=162 mapped_index=159 original_aa=N isoform_aa=S shift=-3 vsp_count=1
[PTM_FAIL] code=RESIDUE_MISMATCH parent_id=Q8IZP9 id=Q8IZP9-2 original_index=186 mapped_index=183 original_aa=N isoform_aa=S shift=-3 vsp_count=1
[PTM_FAIL] code=RESIDUE_MISMATCH parent_id=Q8IZP9 id=Q8IZP9-2 original_index=194 mapped_index=191 original_aa=N isoform_aa=I shift=-3 vsp_count=1
[PTM_FAIL] code=RESIDUE_MISMATCH parent_id=Q8IZP9 id=Q8IZP9-2 original_index=357 mapped_index=354 original_aa=N isoform_aa=A shift=-3 vsp_count=1
[PTM_FAIL] code=RESIDUE_MISMATCH parent_id=Q8IZP9 id=Q8IZP9-2 original_index=370 mapped_index=367 original_aa=N isoform_aa=D shift=-3 vsp_count=1
[PTM_FAIL] code=RESIDUE_MISMATCH parent_id=Q8IZP9 id=Q8IZP9-2 original_index=435 mapped_index=432 original_aa=N isoform_aa=L shift=-3 vsp_count=1
[PTM_FAIL] code=RESIDUE_MISMATCH parent_id=Q8IZP9 id=Q8IZP9-2 original_index=456 mapped_index=453 original_aa=N isoform_aa=I shift=-3 vsp_count=1
[PTM_FAIL] code=RESIDUE_MISMATCH parent_id=Q8IZP9 id=Q8IZP9-2 original_index=461 mapped_index=458 original_aa=N isoform_aa=S shift=-3 vsp_count=1
[PTM_FAIL] code=RESIDUE_MISMATCH parent_id=Q8IZP9 id=Q8IZP9-2 original_index=528 mapped_index=525 original_aa=N isoform_aa=S shift=-3 vsp_count=1
[PTM_FAIL] code=RESIDUE_MISMATCH parent_id=Q8IZP9 id=Q8IZP9-2 original_index=542 mapped_index=539 original_aa=N isoform_aa=S shift=-3 vsp_count=1
[PTM_FAIL] code=RESIDUE_MISMATCH parent_id=Q8IZP9 id=Q8IZP9-2 original_index=547 mapped_index=544 original_aa=N isoform_aa=T shift=-3 vsp_count=1
[PTM_FAIL] code=RESIDUE_MISMATCH parent_id=Q8IZP9 id=Q8IZP9-2 original_index=551 mapped_index=548 original_aa=N isoform_aa=L shift=-3 vsp_count=1
[PTM_FAIL] code=RESIDUE_MISMATCH parent_id=Q8IZP9 id=Q8IZP9-2 original_index=597 mapped_index=594 original_aa=N isoform_aa=R shift=-3 vsp_count=1
[PTM_FAIL] code=RESIDUE_MISMATCH parent_id=Q8IZP9 id=Q8IZP9-2 original_index=857 mapped_index=854 original_aa=N isoform_aa=G shift=-3 vsp_count=1
[PTM_FAIL] code=RESIDUE_MISMATCH parent_id=Q8IZP9 id=Q8IZP9-3 original_index=1010 mapped_index=994 original_aa=S isoform_aa=C shift=-16 vsp_count=1
[PTM_FAIL] code=RESIDUE_MISMATCH parent_id=Q8IZP9 id=Q8IZP9-3 original_index=85 mapped_index=69 original_aa=N isoform_aa=V shift=-16 vsp_count=1
[PTM_FAIL] code=RESIDUE_MISMATCH parent_id=Q8IZP9 id=Q8IZP9-3 original_index=99 mapped_index=83 original_aa=N isoform_aa=P shift=-16 vsp_count=1
[PTM_FAIL] code=RESIDUE_MISMATCH parent_id=Q8IZP9 id=Q8IZP9-3 original_index=111 mapped_index=95 original_aa=N isoform_aa=V shift=-16 vsp_count=1
[PTM_FAIL] code=RESIDUE_MISMATCH parent_id=Q8IZP9 id=Q8IZP9-3 original_index=117 mapped_index=101 original_aa=N isoform_aa=S shift=-16 vsp_count=1
[PTM_FAIL] code=RESIDUE_MISMATCH parent_id=Q8IZP9 id=Q8IZP9-3 original_index=144 mapped_index=128 original_aa=N isoform_aa=F shift=-16 vsp_count=1
[PTM_FAIL] code=RESIDUE_MISMATCH parent_id=Q8IZP9 id=Q8IZP9-3 original_index=162 mapped_index=146 original_aa=N isoform_aa=T shift=-16 vsp_count=1
[PTM_FAIL] code=RESIDUE_MISMATCH parent_id=Q8IZP9 id=Q8IZP9-3 original_index=186 mapped_index=170 original_aa=N isoform_aa=E shift=-16 vsp_count=1
[PTM_FAIL] code=RESIDUE_MISMATCH parent_id=Q8IZP9 id=Q8IZP9-3 original_index=194 mapped_index=178 original_aa=N isoform_aa=T shift=-16 vsp_count=1
[PTM_FAIL] code=RESIDUE_MISMATCH parent_id=Q8IZP9 id=Q8IZP9-3 original_index=357 mapped_index=341 original_aa=N isoform_aa=V shift=-16 vsp_count=1
[PTM_FAIL] code=RESIDUE_MISMATCH parent_id=Q8IZP9 id=Q8IZP9-3 original_index=370 mapped_index=354 original_aa=N isoform_aa=A shift=-16 vsp_count=1
[PTM_FAIL] code=RESIDUE_MISMATCH parent_id=Q8IZP9 id=Q8IZP9-3 original_index=435 mapped_index=419 original_aa=N isoform_aa=L shift=-16 vsp_count=1
[PTM_FAIL] code=RESIDUE_MISMATCH parent_id=Q8IZP9 id=Q8IZP9-3 original_index=438 mapped_index=422 original_aa=N isoform_aa=R shift=-16 vsp_count=1
[PTM_FAIL] code=RESIDUE_MISMATCH parent_id=Q8IZP9 id=Q8IZP9-3 original_index=456 mapped_index=440 original_aa=N isoform_aa=T shift=-16 vsp_count=1
[PTM_FAIL] code=RESIDUE_MISMATCH parent_id=Q8IZP9 id=Q8IZP9-3 original_index=461 mapped_index=445 original_aa=N isoform_aa=S shift=-16 vsp_count=1
[PTM_FAIL] code=RESIDUE_MISMATCH parent_id=Q8IZP9 id=Q8IZP9-3 original_index=528 mapped_index=512 original_aa=N isoform_aa=F shift=-16 vsp_count=1
[PTM_FAIL] code=RESIDUE_MISMATCH parent_id=Q8IZP9 id=Q8IZP9-3 original_index=542 mapped_index=526 original_aa=N isoform_aa=L shift=-16 vsp_count=1
[PTM_FAIL] code=RESIDUE_MISMATCH parent_id=Q8IZP9 id=Q8IZP9-3 original_index=547 mapped_index=531 original_aa=N isoform_aa=L shift=-16 vsp_count=1
[PTM_FAIL] code=RESIDUE_MISMATCH parent_id=Q8IZP9 id=Q8IZP9-3 original_index=551 mapped_index=535 original_aa=N isoform_aa=V shift=-16 vsp_count=1
[PTM_FAIL] code=RESIDUE_MISMATCH parent_id=Q8IZP9 id=Q8IZP9-3 original_index=597 mapped_index=581 original_aa=N isoform_aa=R shift=-16 vsp_count=1
[PTM_FAIL] code=RESIDUE_MISMATCH parent_id=Q8IZP9 id=Q8IZP9-3 original_index=857 mapped_index=841 original_aa=N isoform_aa=L shift=-16 vsp_count=1
[PTM_FAIL] code=RESIDUE_MISMATCH parent_id=Q8IZP9 id=Q8IZP9-4 original_index=1010 mapped_index=996 original_aa=S isoform_aa=G shift=-14 vsp_count=1
[PTM_FAIL] code=VSP_DELETION_EVENT parent_id=Q8IZP9 id=Q8IZP9-4 original_index=99 mapped_index=?
[PTM_FAIL] code=RESIDUE_MISMATCH parent_id=Q8IZP9 id=Q8IZP9-4 original_index=111 mapped_index=97 original_aa=N isoform_aa=T shift=-14 vsp_count=1
[PTM_FAIL] code=RESIDUE_MISMATCH parent_id=Q8IZP9 id=Q8IZP9-4 original_index=117 mapped_index=103 original_aa=N isoform_aa=V shift=-14 vsp_count=1
[PTM_FAIL] code=RESIDUE_MISMATCH parent_id=Q8IZP9 id=Q8IZP9-4 original_index=144 mapped_index=130 original_aa=N isoform_aa=Y shift=-14 vsp_count=1
[PTM_FAIL] code=RESIDUE_MISMATCH parent_id=Q8IZP9 id=Q8IZP9-4 original_index=162 mapped_index=148 original_aa=N isoform_aa=T shift=-14 vsp_count=1
[PTM_FAIL] code=RESIDUE_MISMATCH parent_id=Q8IZP9 id=Q8IZP9-4 original_index=186 mapped_index=172 original_aa=N isoform_aa=Y shift=-14 vsp_count=1
[PTM_FAIL] code=RESIDUE_MISMATCH parent_id=Q8IZP9 id=Q8IZP9-4 original_index=194 mapped_index=180 original_aa=N isoform_aa=E shift=-14 vsp_count=1
[PTM_FAIL] code=RESIDUE_MISMATCH parent_id=Q8IZP9 id=Q8IZP9-4 original_index=357 mapped_index=343 original_aa=N isoform_aa=A shift=-14 vsp_count=1
[PTM_FAIL] code=RESIDUE_MISMATCH parent_id=Q8IZP9 id=Q8IZP9-4 original_index=370 mapped_index=356 original_aa=N isoform_aa=V shift=-14 vsp_count=1
[PTM_FAIL] code=RESIDUE_MISMATCH parent_id=Q8IZP9 id=Q8IZP9-4 original_index=435 mapped_index=421 original_aa=N isoform_aa=Q shift=-14 vsp_count=1
[PTM_FAIL] code=RESIDUE_MISMATCH parent_id=Q8IZP9 id=Q8IZP9-4 original_index=438 mapped_index=424 original_aa=N isoform_aa=L shift=-14 vsp_count=1
[PTM_FAIL] code=RESIDUE_MISMATCH parent_id=Q8IZP9 id=Q8IZP9-4 original_index=456 mapped_index=442 original_aa=N isoform_aa=S shift=-14 vsp_count=1
[PTM_FAIL] code=RESIDUE_MISMATCH parent_id=Q8IZP9 id=Q8IZP9-4 original_index=461 mapped_index=447 original_aa=N isoform_aa=S shift=-14 vsp_count=1
[PTM_FAIL] code=RESIDUE_MISMATCH parent_id=Q8IZP9 id=Q8IZP9-4 original_index=528 mapped_index=514 original_aa=N isoform_aa=F shift=-14 vsp_count=1
[PTM_FAIL] code=RESIDUE_MISMATCH parent_id=Q8IZP9 id=Q8IZP9-4 original_index=547 mapped_index=533 original_aa=N isoform_aa=S shift=-14 vsp_count=1
[PTM_FAIL] code=RESIDUE_MISMATCH parent_id=Q8IZP9 id=Q8IZP9-4 original_index=551 mapped_index=537 original_aa=N isoform_aa=S shift=-14 vsp_count=1
[PTM_FAIL] code=RESIDUE_MISMATCH parent_id=Q8IZP9 id=Q8IZP9-4 original_index=597 mapped_index=583 original_aa=N isoform_aa=G shift=-14 vsp_count=1
[PTM_FAIL] code=RESIDUE_MISMATCH parent_id=Q8IZP9 id=Q8IZP9-4 original_index=857 mapped_index=843 original_aa=N isoform_aa=G shift=-14 vsp_count=1
[PTM_FAIL] code=RESIDUE_MISMATCH parent_id=Q8IZP9 id=Q8IZP9-5 original_index=1010 mapped_index=986 original_aa=S isoform_aa=M shift=-24 vsp_count=1
[PTM_FAIL] code=RESIDUE_MISMATCH parent_id=Q8IZP9 id=Q8IZP9-5 original_index=85 mapped_index=61 original_aa=N isoform_aa=P shift=-24 vsp_count=1
[PTM_FAIL] code=RESIDUE_MISMATCH parent_id=Q8IZP9 id=Q8IZP9-5 original_index=111 mapped_index=87 original_aa=N isoform_aa=T shift=-24 vsp_count=1
[PTM_FAIL] code=RESIDUE_MISMATCH parent_id=Q8IZP9 id=Q8IZP9-5 original_index=117 mapped_index=93 original_aa=N isoform_aa=T shift=-24 vsp_count=1
[PTM_FAIL] code=RESIDUE_MISMATCH parent_id=Q8IZP9 id=Q8IZP9-5 original_index=144 mapped_index=120 original_aa=N isoform_aa=A shift=-24 vsp_count=1
[PTM_FAIL] code=RESIDUE_MISMATCH parent_id=Q8IZP9 id=Q8IZP9-5 original_index=162 mapped_index=138 original_aa=N isoform_aa=Q shift=-24 vsp_count=1
[PTM_FAIL] code=RESIDUE_MISMATCH parent_id=Q8IZP9 id=Q8IZP9-5 original_index=194 mapped_index=170 original_aa=N isoform_aa=E shift=-24 vsp_count=1
[PTM_FAIL] code=RESIDUE_MISMATCH parent_id=Q8IZP9 id=Q8IZP9-5 original_index=357 mapped_index=333 original_aa=N isoform_aa=H shift=-24 vsp_count=1
[PTM_FAIL] code=RESIDUE_MISMATCH parent_id=Q8IZP9 id=Q8IZP9-5 original_index=370 mapped_index=346 original_aa=N isoform_aa=S shift=-24 vsp_count=1
[PTM_FAIL] code=RESIDUE_MISMATCH parent_id=Q8IZP9 id=Q8IZP9-5 original_index=435 mapped_index=411 original_aa=N isoform_aa=S shift=-24 vsp_count=1
[PTM_FAIL] code=RESIDUE_MISMATCH parent_id=Q8IZP9 id=Q8IZP9-5 original_index=438 mapped_index=414 original_aa=N isoform_aa=D shift=-24 vsp_count=1
[PTM_FAIL] code=RESIDUE_MISMATCH parent_id=Q8IZP9 id=Q8IZP9-5 original_index=456 mapped_index=432 original_aa=N isoform_aa=L shift=-24 vsp_count=1
[PTM_FAIL] code=RESIDUE_MISMATCH parent_id=Q8IZP9 id=Q8IZP9-5 original_index=461 mapped_index=437 original_aa=N isoform_aa=S shift=-24 vsp_count=1
[PTM_FAIL] code=RESIDUE_MISMATCH parent_id=Q8IZP9 id=Q8IZP9-5 original_index=528 mapped_index=504 original_aa=N isoform_aa=M shift=-24 vsp_count=1
[PTM_FAIL] code=RESIDUE_MISMATCH parent_id=Q8IZP9 id=Q8IZP9-5 original_index=542 mapped_index=518 original_aa=N isoform_aa=P shift=-24 vsp_count=1
[PTM_FAIL] code=RESIDUE_MISMATCH parent_id=Q8IZP9 id=Q8IZP9-5 original_index=547 mapped_index=523 original_aa=N isoform_aa=D shift=-24 vsp_count=1
[PTM_FAIL] code=RESIDUE_MISMATCH parent_id=Q8IZP9 id=Q8IZP9-5 original_index=551 mapped_index=527 original_aa=N isoform_aa=E shift=-24 vsp_count=1
[PTM_FAIL] code=RESIDUE_MISMATCH parent_id=Q8IZP9 id=Q8IZP9-5 original_index=597 mapped_index=573 original_aa=N isoform_aa=W shift=-24 vsp_count=1
[PTM_FAIL] code=RESIDUE_MISMATCH parent_id=Q8IZP9 id=Q8IZP9-5 original_index=857 mapped_index=833 original_aa=N isoform_aa=R shift=-24 vsp_count=1
[PTM_FAIL] code=RESIDUE_MISMATCH parent_id=Q8IZP9 id=Q8IZP9-6 original_index=1010 mapped_index=988 original_aa=S isoform_aa=N shift=-22 vsp_count=1
[PTM_FAIL] code=VSP_UNRESOLVABLE parent_id=Q8IZP9 id=Q8IZP9-6 original_index=85 mapped_index=?
[PTM_FAIL] code=VSP_UNRESOLVABLE parent_id=Q8IZP9 id=Q8IZP9-6 original_index=99 mapped_index=?
[PTM_FAIL] code=RESIDUE_MISMATCH parent_id=Q8IZP9 id=Q8IZP9-6 original_index=111 mapped_index=89 original_aa=N isoform_aa=K shift=-22 vsp_count=1
[PTM_FAIL] code=RESIDUE_MISMATCH parent_id=Q8IZP9 id=Q8IZP9-6 original_index=117 mapped_index=95 original_aa=N isoform_aa=V shift=-22 vsp_count=1
[PTM_FAIL] code=RESIDUE_MISMATCH parent_id=Q8IZP9 id=Q8IZP9-6 original_index=144 mapped_index=122 original_aa=N isoform_aa=F shift=-22 vsp_count=1
[PTM_FAIL] code=RESIDUE_MISMATCH parent_id=Q8IZP9 id=Q8IZP9-6 original_index=162 mapped_index=140 original_aa=N isoform_aa=Q shift=-22 vsp_count=1
[PTM_FAIL] code=RESIDUE_MISMATCH parent_id=Q8IZP9 id=Q8IZP9-6 original_index=186 mapped_index=164 original_aa=N isoform_aa=T shift=-22 vsp_count=1
[PTM_FAIL] code=RESIDUE_MISMATCH parent_id=Q8IZP9 id=Q8IZP9-6 original_index=194 mapped_index=172 original_aa=N isoform_aa=Y shift=-22 vsp_count=1
[PTM_FAIL] code=RESIDUE_MISMATCH parent_id=Q8IZP9 id=Q8IZP9-6 original_index=357 mapped_index=335 original_aa=N isoform_aa=S shift=-22 vsp_count=1
[PTM_FAIL] code=RESIDUE_MISMATCH parent_id=Q8IZP9 id=Q8IZP9-6 original_index=370 mapped_index=348 original_aa=N isoform_aa=P shift=-22 vsp_count=1
[PTM_FAIL] code=RESIDUE_MISMATCH parent_id=Q8IZP9 id=Q8IZP9-6 original_index=435 mapped_index=413 original_aa=N isoform_aa=P shift=-22 vsp_count=1
[PTM_FAIL] code=RESIDUE_MISMATCH parent_id=Q8IZP9 id=Q8IZP9-6 original_index=438 mapped_index=416 original_aa=N isoform_aa=L shift=-22 vsp_count=1
[PTM_FAIL] code=RESIDUE_MISMATCH parent_id=Q8IZP9 id=Q8IZP9-6 original_index=456 mapped_index=434 original_aa=N isoform_aa=L shift=-22 vsp_count=1
[PTM_FAIL] code=RESIDUE_MISMATCH parent_id=Q8IZP9 id=Q8IZP9-6 original_index=461 mapped_index=439 original_aa=N isoform_aa=T shift=-22 vsp_count=1
[PTM_FAIL] code=RESIDUE_MISMATCH parent_id=Q8IZP9 id=Q8IZP9-6 original_index=528 mapped_index=506 original_aa=N isoform_aa=L shift=-22 vsp_count=1
[PTM_FAIL] code=RESIDUE_MISMATCH parent_id=Q8IZP9 id=Q8IZP9-6 original_index=542 mapped_index=520 original_aa=N isoform_aa=L shift=-22 vsp_count=1
[PTM_FAIL] code=RESIDUE_MISMATCH parent_id=Q8IZP9 id=Q8IZP9-6 original_index=547 mapped_index=525 original_aa=N isoform_aa=S shift=-22 vsp_count=1
[PTM_FAIL] code=RESIDUE_MISMATCH parent_id=Q8IZP9 id=Q8IZP9-6 original_index=551 mapped_index=529 original_aa=N isoform_aa=L shift=-22 vsp_count=1
[PTM_FAIL] code=RESIDUE_MISMATCH parent_id=Q8IZP9 id=Q8IZP9-6 original_index=597 mapped_index=575 original_aa=N isoform_aa=L shift=-22 vsp_count=1
[PTM_FAIL] code=RESIDUE_MISMATCH parent_id=Q8IZP9 id=Q8IZP9-6 original_index=857 mapped_index=835 original_aa=N isoform_aa=I shift=-22 vsp_count=1
[PTM_FAIL] code=RESIDUE_MISMATCH parent_id=Q8IZP9 id=Q8IZP9-7 original_index=1010 mapped_index=980 original_aa=S isoform_aa=F shift=-30 vsp_count=1
[PTM_FAIL] code=VSP_UNRESOLVABLE parent_id=Q8IZP9 id=Q8IZP9-7 original_index=85 mapped_index=?
[PTM_FAIL] code=VSP_UNRESOLVABLE parent_id=Q8IZP9 id=Q8IZP9-7 original_index=99 mapped_index=?
[PTM_FAIL] code=RESIDUE_MISMATCH parent_id=Q8IZP9 id=Q8IZP9-7 original_index=111 mapped_index=81 original_aa=N isoform_aa=L shift=-30 vsp_count=1
[PTM_FAIL] code=RESIDUE_MISMATCH parent_id=Q8IZP9 id=Q8IZP9-7 original_index=117 mapped_index=87 original_aa=N isoform_aa=T shift=-30 vsp_count=1
[PTM_FAIL] code=RESIDUE_MISMATCH parent_id=Q8IZP9 id=Q8IZP9-7 original_index=144 mapped_index=114 original_aa=N isoform_aa=S shift=-30 vsp_count=1
[PTM_FAIL] code=RESIDUE_MISMATCH parent_id=Q8IZP9 id=Q8IZP9-7 original_index=162 mapped_index=132 original_aa=N isoform_aa=K shift=-30 vsp_count=1
[PTM_FAIL] code=RESIDUE_MISMATCH parent_id=Q8IZP9 id=Q8IZP9-7 original_index=186 mapped_index=156 original_aa=N isoform_aa=L shift=-30 vsp_count=1
[PTM_FAIL] code=RESIDUE_MISMATCH parent_id=Q8IZP9 id=Q8IZP9-7 original_index=194 mapped_index=164 original_aa=N isoform_aa=T shift=-30 vsp_count=1
[PTM_FAIL] code=RESIDUE_MISMATCH parent_id=Q8IZP9 id=Q8IZP9-7 original_index=357 mapped_index=327 original_aa=N isoform_aa=S shift=-30 vsp_count=1
[PTM_FAIL] code=RESIDUE_MISMATCH parent_id=Q8IZP9 id=Q8IZP9-7 original_index=370 mapped_index=340 original_aa=N isoform_aa=P shift=-30 vsp_count=1
[PTM_FAIL] code=RESIDUE_MISMATCH parent_id=Q8IZP9 id=Q8IZP9-7 original_index=435 mapped_index=405 original_aa=N isoform_aa=V shift=-30 vsp_count=1
[PTM_FAIL] code=RESIDUE_MISMATCH parent_id=Q8IZP9 id=Q8IZP9-7 original_index=438 mapped_index=408 original_aa=N isoform_aa=L shift=-30 vsp_count=1
[PTM_FAIL] code=RESIDUE_MISMATCH parent_id=Q8IZP9 id=Q8IZP9-7 original_index=456 mapped_index=426 original_aa=N isoform_aa=V shift=-30 vsp_count=1
[PTM_FAIL] code=RESIDUE_MISMATCH parent_id=Q8IZP9 id=Q8IZP9-7 original_index=461 mapped_index=431 original_aa=N isoform_aa=G shift=-30 vsp_count=1
[PTM_FAIL] code=RESIDUE_MISMATCH parent_id=Q8IZP9 id=Q8IZP9-7 original_index=542 mapped_index=512 original_aa=N isoform_aa=F shift=-30 vsp_count=1
[PTM_FAIL] code=RESIDUE_MISMATCH parent_id=Q8IZP9 id=Q8IZP9-7 original_index=547 mapped_index=517 original_aa=N isoform_aa=T shift=-30 vsp_count=1
[PTM_FAIL] code=RESIDUE_MISMATCH parent_id=Q8IZP9 id=Q8IZP9-7 original_index=551 mapped_index=521 original_aa=N isoform_aa=F shift=-30 vsp_count=1
[PTM_FAIL] code=RESIDUE_MISMATCH parent_id=Q8IZP9 id=Q8IZP9-7 original_index=597 mapped_index=567 original_aa=N isoform_aa=T shift=-30 vsp_count=1
[PTM_FAIL] code=RESIDUE_MISMATCH parent_id=Q8IZP9 id=Q8IZP9-7 original_index=857 mapped_index=827 original_aa=N isoform_aa=T shift=-30 vsp_count=1
[PTM_FAIL] code=RESIDUE_MISMATCH parent_id=Q8IZP9 id=Q8IZP9-8 original_index=1010 mapped_index=972 original_aa=S isoform_aa=N shift=-38 vsp_count=1
[PTM_FAIL] code=VSP_UNRESOLVABLE parent_id=Q8IZP9 id=Q8IZP9-8 original_index=85 mapped_index=?
[PTM_FAIL] code=VSP_UNRESOLVABLE parent_id=Q8IZP9 id=Q8IZP9-8 original_index=99 mapped_index=?
[PTM_FAIL] code=RESIDUE_MISMATCH parent_id=Q8IZP9 id=Q8IZP9-8 original_index=111 mapped_index=73 original_aa=N isoform_aa=S shift=-38 vsp_count=1
[PTM_FAIL] code=RESIDUE_MISMATCH parent_id=Q8IZP9 id=Q8IZP9-8 original_index=117 mapped_index=79 original_aa=N isoform_aa=L shift=-38 vsp_count=1
[PTM_FAIL] code=RESIDUE_MISMATCH parent_id=Q8IZP9 id=Q8IZP9-8 original_index=144 mapped_index=106 original_aa=N isoform_aa=Q shift=-38 vsp_count=1
[PTM_FAIL] code=RESIDUE_MISMATCH parent_id=Q8IZP9 id=Q8IZP9-8 original_index=162 mapped_index=124 original_aa=N isoform_aa=G shift=-38 vsp_count=1
[PTM_FAIL] code=RESIDUE_MISMATCH parent_id=Q8IZP9 id=Q8IZP9-8 original_index=186 mapped_index=148 original_aa=N isoform_aa=T shift=-38 vsp_count=1
[PTM_FAIL] code=RESIDUE_MISMATCH parent_id=Q8IZP9 id=Q8IZP9-8 original_index=194 mapped_index=156 original_aa=N isoform_aa=L shift=-38 vsp_count=1
[PTM_FAIL] code=RESIDUE_MISMATCH parent_id=Q8IZP9 id=Q8IZP9-8 original_index=357 mapped_index=319 original_aa=N isoform_aa=P shift=-38 vsp_count=1
[PTM_FAIL] code=RESIDUE_MISMATCH parent_id=Q8IZP9 id=Q8IZP9-8 original_index=370 mapped_index=332 original_aa=N isoform_aa=T shift=-38 vsp_count=1
[PTM_FAIL] code=RESIDUE_MISMATCH parent_id=Q8IZP9 id=Q8IZP9-8 original_index=435 mapped_index=397 original_aa=N isoform_aa=L shift=-38 vsp_count=1
[PTM_FAIL] code=RESIDUE_MISMATCH parent_id=Q8IZP9 id=Q8IZP9-8 original_index=438 mapped_index=400 original_aa=N isoform_aa=E shift=-38 vsp_count=1
[PTM_FAIL] code=RESIDUE_MISMATCH parent_id=Q8IZP9 id=Q8IZP9-8 original_index=456 mapped_index=418 original_aa=N isoform_aa=P shift=-38 vsp_count=1
[PTM_FAIL] code=RESIDUE_MISMATCH parent_id=Q8IZP9 id=Q8IZP9-8 original_index=461 mapped_index=423 original_aa=N isoform_aa=L shift=-38 vsp_count=1
[PTM_FAIL] code=RESIDUE_MISMATCH parent_id=Q8IZP9 id=Q8IZP9-8 original_index=528 mapped_index=490 original_aa=N isoform_aa=T shift=-38 vsp_count=1
[PTM_FAIL] code=RESIDUE_MISMATCH parent_id=Q8IZP9 id=Q8IZP9-8 original_index=542 mapped_index=504 original_aa=N isoform_aa=M shift=-38 vsp_count=1
[PTM_FAIL] code=RESIDUE_MISMATCH parent_id=Q8IZP9 id=Q8IZP9-8 original_index=547 mapped_index=509 original_aa=N isoform_aa=R shift=-38 vsp_count=1
[PTM_FAIL] code=RESIDUE_MISMATCH parent_id=Q8IZP9 id=Q8IZP9-8 original_index=597 mapped_index=559 original_aa=N isoform_aa=I shift=-38 vsp_count=1
[PTM_FAIL] code=RESIDUE_MISMATCH parent_id=Q8IZP9 id=Q8IZP9-8 original_index=857 mapped_index=819 original_aa=N isoform_aa=K shift=-38 vsp_count=1
[PTM_FAIL] code=RESIDUE_MISMATCH parent_id=Q8IZP9 id=Q8IZP9-9 original_index=1010 mapped_index=959 original_aa=S isoform_aa=A shift=-51 vsp_count=1
[PTM_FAIL] code=RESIDUE_MISMATCH parent_id=A9YTQ3 id=A9YTQ3-2 original_index=577 mapped_index=595 original_aa=K isoform_aa=V shift=18 vsp_count=1
[PTM_FAIL] code=RESIDUE_MISMATCH parent_id=A9YTQ3 id=A9YTQ3-2 original_index=660 mapped_index=678 original_aa=K isoform_aa=P shift=18 vsp_count=1
[PTM_FAIL] code=VSP_DELETION_EVENT parent_id=Q96BJ3 id=Q96BJ3-2 original_index=144 mapped_index=?
[PTM_FAIL] code=ISOFORM_OOB parent_id=Q9BQI0 id=Q9BQI0-2 original_index=134 mapped_index=160 isoform_len=150 shift=26 vsp_count=1 expected_len=176
[PTM_FAIL] code=RESIDUE_MISMATCH parent_id=Q9BQI0 id=Q9BQI0-3 original_index=134 mapped_index=126 original_aa=S isoform_aa=F shift=-8 vsp_count=1
[PTM_FAIL] code=VSP_DELETION_EVENT parent_id=O95831 id=O95831-2 original_index=105 mapped_index=?
[PTM_FAIL] code=VSP_DELETION_EVENT parent_id=O95831 id=O95831-2 original_index=109 mapped_index=?
[PTM_FAIL] code=VSP_DELETION_EVENT parent_id=O95831 id=O95831-2 original_index=116 mapped_index=?
[PTM_FAIL] code=VSP_DELETION_EVENT parent_id=O95831 id=O95831-2 original_index=118 mapped_index=?
[PTM_FAIL] code=VSP_DELETION_EVENT parent_id=O95831 id=O95831-2 original_index=268 mapped_index=?
[PTM_FAIL] code=VSP_DELETION_EVENT parent_id=O95831 id=O95831-2 original_index=292 mapped_index=?
[PTM_FAIL] code=RESIDUE_MISMATCH parent_id=O95831 id=O95831-2 original_index=371 mapped_index=84 original_aa=S isoform_aa=A shift=-287 vsp_count=1
[PTM_FAIL] code=RESIDUE_MISMATCH parent_id=O95831 id=O95831-2 original_index=388 mapped_index=101 original_aa=K isoform_aa=G shift=-287 vsp_count=1
[PTM_FAIL] code=RESIDUE_MISMATCH parent_id=O95831 id=O95831-2 original_index=521 mapped_index=234 original_aa=T isoform_aa=V shift=-287 vsp_count=1
[PTM_FAIL] code=RESIDUE_MISMATCH parent_id=O95831 id=O95831-2 original_index=524 mapped_index=237 original_aa=S isoform_aa=D shift=-287 vsp_count=1
[PTM_FAIL] code=RESIDUE_MISMATCH parent_id=O95831 id=O95831-2 original_index=530 mapped_index=243 original_aa=S isoform_aa=V shift=-287 vsp_count=1
[PTM_FAIL] code=RESIDUE_MISMATCH parent_id=O95831 id=O95831-2 original_index=593 mapped_index=306 original_aa=K isoform_aa=I shift=-287 vsp_count=1
[PTM_FAIL] code=VSP_DELETION_EVENT parent_id=O95831 id=O95831-2 original_index=255 mapped_index=?
[PTM_FAIL] code=RESIDUE_MISMATCH parent_id=O95831 id=O95831-3 original_index=105 mapped_index=101 original_aa=T isoform_aa=G shift=-4 vsp_count=1
[PTM_FAIL] code=RESIDUE_MISMATCH parent_id=O95831 id=O95831-3 original_index=109 mapped_index=105 original_aa=K isoform_aa=T shift=-4 vsp_count=1
[PTM_FAIL] code=RESIDUE_MISMATCH parent_id=O95831 id=O95831-3 original_index=116 mapped_index=112 original_aa=S isoform_aa=K shift=-4 vsp_count=1
[PTM_FAIL] code=RESIDUE_MISMATCH parent_id=O95831 id=O95831-3 original_index=118 mapped_index=114 original_aa=S isoform_aa=A shift=-4 vsp_count=1
[PTM_FAIL] code=RESIDUE_MISMATCH parent_id=O95831 id=O95831-3 original_index=268 mapped_index=264 original_aa=S isoform_aa=P shift=-4 vsp_count=1
[PTM_FAIL] code=RESIDUE_MISMATCH parent_id=O95831 id=O95831-3 original_index=292 mapped_index=288 original_aa=S isoform_aa=G shift=-4 vsp_count=1
[PTM_FAIL] code=RESIDUE_MISMATCH parent_id=O95831 id=O95831-3 original_index=371 mapped_index=367 original_aa=S isoform_aa=A shift=-4 vsp_count=1
[PTM_FAIL] code=RESIDUE_MISMATCH parent_id=O95831 id=O95831-3 original_index=521 mapped_index=517 original_aa=T isoform_aa=P shift=-4 vsp_count=1
[PTM_FAIL] code=RESIDUE_MISMATCH parent_id=O95831 id=O95831-3 original_index=524 mapped_index=520 original_aa=S isoform_aa=A shift=-4 vsp_count=1
[PTM_FAIL] code=RESIDUE_MISMATCH parent_id=O95831 id=O95831-3 original_index=530 mapped_index=526 original_aa=S isoform_aa=T shift=-4 vsp_count=1
[PTM_FAIL] code=RESIDUE_MISMATCH parent_id=O95831 id=O95831-3 original_index=593 mapped_index=589 original_aa=K isoform_aa=R shift=-4 vsp_count=1
[PTM_FAIL] code=RESIDUE_MISMATCH parent_id=O95831 id=O95831-3 original_index=255 mapped_index=251 original_aa=K isoform_aa=I shift=-4 vsp_count=1
[PTM_FAIL] code=VSP_DELETION_EVENT parent_id=O95831 id=O95831-5 original_index=105 mapped_index=?
[PTM_FAIL] code=VSP_DELETION_EVENT parent_id=O95831 id=O95831-5 original_index=109 mapped_index=?
[PTM_FAIL] code=VSP_DELETION_EVENT parent_id=O95831 id=O95831-5 original_index=116 mapped_index=?
[PTM_FAIL] code=VSP_DELETION_EVENT parent_id=O95831 id=O95831-5 original_index=118 mapped_index=?
[PTM_FAIL] code=VSP_DELETION_EVENT parent_id=O95831 id=O95831-5 original_index=268 mapped_index=?
[PTM_FAIL] code=VSP_DELETION_EVENT parent_id=O95831 id=O95831-5 original_index=292 mapped_index=?
[PTM_FAIL] code=RESIDUE_MISMATCH parent_id=O95831 id=O95831-5 original_index=371 mapped_index=19 original_aa=S isoform_aa=L shift=-352 vsp_count=1
[PTM_FAIL] code=RESIDUE_MISMATCH parent_id=O95831 id=O95831-5 original_index=388 mapped_index=36 original_aa=K isoform_aa=G shift=-352 vsp_count=1
[PTM_FAIL] code=RESIDUE_MISMATCH parent_id=O95831 id=O95831-5 original_index=521 mapped_index=169 original_aa=T isoform_aa=P shift=-352 vsp_count=1
[PTM_FAIL] code=RESIDUE_MISMATCH parent_id=O95831 id=O95831-5 original_index=524 mapped_index=172 original_aa=S isoform_aa=R shift=-352 vsp_count=1
[PTM_FAIL] code=RESIDUE_MISMATCH parent_id=O95831 id=O95831-5 original_index=530 mapped_index=178 original_aa=S isoform_aa=E shift=-352 vsp_count=1
[PTM_FAIL] code=RESIDUE_MISMATCH parent_id=O95831 id=O95831-5 original_index=593 mapped_index=241 original_aa=K isoform_aa=N shift=-352 vsp_count=1
[PTM_FAIL] code=VSP_DELETION_EVENT parent_id=O95831 id=O95831-5 original_index=255 mapped_index=?
[PTM_FAIL] code=VSP_DELETION_EVENT parent_id=P55008 id=P55008-2 original_index=2 mapped_index=?
[PTM_FAIL] code=VSP_DELETION_EVENT parent_id=P55008 id=P55008-2 original_index=11 mapped_index=?
[PTM_FAIL] code=VSP_DELETION_EVENT parent_id=P55008 id=P55008-2 original_index=39 mapped_index=?
[PTM_FAIL] code=VSP_DELETION_EVENT parent_id=Q96IF1 id=Q96IF1-2 original_index=79 mapped_index=?
[PTM_FAIL] code=VSP_DELETION_EVENT parent_id=Q96IF1 id=Q96IF1-2 original_index=119 mapped_index=?
[PTM_FAIL] code=VSP_DELETION_EVENT parent_id=Q96IF1 id=Q96IF1-2 original_index=133 mapped_index=?
[PTM_FAIL] code=VSP_DELETION_EVENT parent_id=Q96IF1 id=Q96IF1-2 original_index=175 mapped_index=?
[PTM_FAIL] code=VSP_DELETION_EVENT parent_id=Q96IF1 id=Q96IF1-2 original_index=263 mapped_index=?
[PTM_FAIL] code=RESIDUE_MISMATCH parent_id=C9JRZ8 id=C9JRZ8-2 original_index=125 mapped_index=153 original_aa=K isoform_aa=L shift=28 vsp_count=1
[PTM_FAIL] code=RESIDUE_MISMATCH parent_id=C9JRZ8 id=C9JRZ8-2 original_index=263 mapped_index=291 original_aa=K isoform_aa=S shift=28 vsp_count=1
[PTM_FAIL] code=RESIDUE_MISMATCH parent_id=Q12904 id=Q12904-2 original_index=2 mapped_index=26 original_aa=A isoform_aa=K shift=24 vsp_count=1
[PTM_FAIL] code=RESIDUE_MISMATCH parent_id=Q12904 id=Q12904-2 original_index=140 mapped_index=164 original_aa=S isoform_aa=T shift=24 vsp_count=1
[PTM_FAIL] code=RESIDUE_MISMATCH parent_id=Q12904 id=Q12904-2 original_index=269 mapped_index=293 original_aa=K isoform_aa=F shift=24 vsp_count=1
[PTM_FAIL] code=RESIDUE_MISMATCH parent_id=Q12904 id=Q12904-2 original_index=137 mapped_index=161 original_aa=K isoform_aa=C shift=24 vsp_count=1
[PTM_FAIL] code=RESIDUE_MISMATCH parent_id=Q5JQC9 id=Q5JQC9-2 original_index=96 mapped_index=87 original_aa=S isoform_aa=K shift=-9 vsp_count=1
[PTM_FAIL] code=RESIDUE_MISMATCH parent_id=Q5JQC9 id=Q5JQC9-2 original_index=130 mapped_index=121 original_aa=S isoform_aa=Y shift=-9 vsp_count=1
[PTM_FAIL] code=RESIDUE_MISMATCH parent_id=Q5JQC9 id=Q5JQC9-2 original_index=190 mapped_index=181 original_aa=S isoform_aa=A shift=-9 vsp_count=1
[PTM_FAIL] code=RESIDUE_MISMATCH parent_id=Q5JQC9 id=Q5JQC9-2 original_index=213 mapped_index=204 original_aa=S isoform_aa=A shift=-9 vsp_count=1
[PTM_FAIL] code=RESIDUE_MISMATCH parent_id=Q5JQC9 id=Q5JQC9-2 original_index=226 mapped_index=217 original_aa=S isoform_aa=L shift=-9 vsp_count=1
[PTM_FAIL] code=RESIDUE_MISMATCH parent_id=Q5JQC9 id=Q5JQC9-2 original_index=272 mapped_index=263 original_aa=S isoform_aa=P shift=-9 vsp_count=1
[PTM_FAIL] code=RESIDUE_MISMATCH parent_id=Q5JQC9 id=Q5JQC9-2 original_index=300 mapped_index=291 original_aa=S isoform_aa=E shift=-9 vsp_count=1
[PTM_FAIL] code=RESIDUE_MISMATCH parent_id=Q5JQC9 id=Q5JQC9-2 original_index=303 mapped_index=294 original_aa=Y isoform_aa=R shift=-9 vsp_count=1
[PTM_FAIL] code=RESIDUE_MISMATCH parent_id=Q5JQC9 id=Q5JQC9-2 original_index=304 mapped_index=295 original_aa=S isoform_aa=E shift=-9 vsp_count=1
[PTM_FAIL] code=RESIDUE_MISMATCH parent_id=Q5JQC9 id=Q5JQC9-2 original_index=307 mapped_index=298 original_aa=S isoform_aa=Q shift=-9 vsp_count=1
[PTM_FAIL] code=RESIDUE_MISMATCH parent_id=Q5JQC9 id=Q5JQC9-2 original_index=342 mapped_index=333 original_aa=S isoform_aa=L shift=-9 vsp_count=1
[PTM_FAIL] code=RESIDUE_MISMATCH parent_id=Q5JQC9 id=Q5JQC9-2 original_index=432 mapped_index=423 original_aa=S isoform_aa=M shift=-9 vsp_count=1
[PTM_FAIL] code=RESIDUE_MISMATCH parent_id=Q5JQC9 id=Q5JQC9-2 original_index=443 mapped_index=434 original_aa=S isoform_aa=L shift=-9 vsp_count=1
[PTM_FAIL] code=RESIDUE_MISMATCH parent_id=Q5JQC9 id=Q5JQC9-2 original_index=445 mapped_index=436 original_aa=S isoform_aa=G shift=-9 vsp_count=1
[PTM_FAIL] code=RESIDUE_MISMATCH parent_id=Q5JQC9 id=Q5JQC9-2 original_index=447 mapped_index=438 original_aa=S isoform_aa=E shift=-9 vsp_count=1
[PTM_FAIL] code=RESIDUE_MISMATCH parent_id=Q5JQC9 id=Q5JQC9-2 original_index=450 mapped_index=441 original_aa=S isoform_aa=T shift=-9 vsp_count=1
[PTM_FAIL] code=RESIDUE_MISMATCH parent_id=Q5JQC9 id=Q5JQC9-2 original_index=492 mapped_index=483 original_aa=S isoform_aa=K shift=-9 vsp_count=1
[PTM_FAIL] code=RESIDUE_MISMATCH parent_id=Q5JQC9 id=Q5JQC9-2 original_index=506 mapped_index=497 original_aa=T isoform_aa=G shift=-9 vsp_count=1
[PTM_FAIL] code=RESIDUE_MISMATCH parent_id=Q5JQC9 id=Q5JQC9-2 original_index=536 mapped_index=527 original_aa=S isoform_aa=D shift=-9 vsp_count=1
[PTM_FAIL] code=RESIDUE_MISMATCH parent_id=Q5JQC9 id=Q5JQC9-2 original_index=581 mapped_index=572 original_aa=S isoform_aa=G shift=-9 vsp_count=1
[PTM_FAIL] code=RESIDUE_MISMATCH parent_id=Q5JQC9 id=Q5JQC9-2 original_index=627 mapped_index=618 original_aa=S isoform_aa=H shift=-9 vsp_count=1
[PTM_FAIL] code=RESIDUE_MISMATCH parent_id=Q5JQC9 id=Q5JQC9-2 original_index=703 mapped_index=694 original_aa=S isoform_aa=G shift=-9 vsp_count=1
[PTM_FAIL] code=VSP_UNRESOLVABLE parent_id=Q7Z591 id=Q7Z591-2 original_index=52 mapped_index=?
[PTM_FAIL] code=RESIDUE_MISMATCH parent_id=Q7Z591 id=Q7Z591-2 original_index=316 mapped_index=235 original_aa=S isoform_aa=L shift=-81 vsp_count=1
[PTM_FAIL] code=RESIDUE_MISMATCH parent_id=Q7Z591 id=Q7Z591-2 original_index=499 mapped_index=418 original_aa=S isoform_aa=K shift=-81 vsp_count=1
[PTM_FAIL] code=RESIDUE_MISMATCH parent_id=Q7Z591 id=Q7Z591-2 original_index=534 mapped_index=453 original_aa=S isoform_aa=L shift=-81 vsp_count=1
[PTM_FAIL] code=RESIDUE_MISMATCH parent_id=Q7Z591 id=Q7Z591-2 original_index=767 mapped_index=686 original_aa=S isoform_aa=Q shift=-81 vsp_count=1
[PTM_FAIL] code=RESIDUE_MISMATCH parent_id=Q7Z591 id=Q7Z591-2 original_index=770 mapped_index=689 original_aa=S isoform_aa=H shift=-81 vsp_count=1
[PTM_FAIL] code=RESIDUE_MISMATCH parent_id=Q7Z591 id=Q7Z591-2 original_index=886 mapped_index=805 original_aa=S isoform_aa=P shift=-81 vsp_count=1
[PTM_FAIL] code=RESIDUE_MISMATCH parent_id=Q7Z591 id=Q7Z591-2 original_index=997 mapped_index=916 original_aa=S isoform_aa=W shift=-81 vsp_count=1
[PTM_FAIL] code=RESIDUE_MISMATCH parent_id=Q7Z591 id=Q7Z591-2 original_index=1172 mapped_index=1091 original_aa=S isoform_aa=L shift=-81 vsp_count=1
[PTM_FAIL] code=RESIDUE_MISMATCH parent_id=Q7Z591 id=Q7Z591-2 original_index=1173 mapped_index=1092 original_aa=S isoform_aa=E shift=-81 vsp_count=1
[PTM_FAIL] code=RESIDUE_MISMATCH parent_id=Q7Z591 id=Q7Z591-2 original_index=1228 mapped_index=1147 original_aa=S isoform_aa=E shift=-81 vsp_count=1
[PTM_FAIL] code=RESIDUE_MISMATCH parent_id=Q7Z591 id=Q7Z591-2 original_index=1377 mapped_index=1296 original_aa=S isoform_aa=A shift=-81 vsp_count=1
[PTM_FAIL] code=RESIDUE_MISMATCH parent_id=Q7Z591 id=Q7Z591-2 original_index=1387 mapped_index=1306 original_aa=S isoform_aa=P shift=-81 vsp_count=1
[PTM_FAIL] code=RESIDUE_MISMATCH parent_id=Q7Z591 id=Q7Z591-2 original_index=1424 mapped_index=1343 original_aa=S isoform_aa=I shift=-81 vsp_count=1
[PTM_FAIL] code=VSP_DELETION_EVENT parent_id=Q7Z591 id=Q7Z591-3 original_index=848 mapped_index=?
[PTM_FAIL] code=VSP_DELETION_EVENT parent_id=Q7Z591 id=Q7Z591-3 original_index=886 mapped_index=?
[PTM_FAIL] code=VSP_DELETION_EVENT parent_id=Q7Z591 id=Q7Z591-3 original_index=997 mapped_index=?
[PTM_FAIL] code=VSP_DELETION_EVENT parent_id=Q7Z591 id=Q7Z591-3 original_index=1010 mapped_index=?
[PTM_FAIL] code=VSP_DELETION_EVENT parent_id=Q7Z591 id=Q7Z591-3 original_index=1172 mapped_index=?
[PTM_FAIL] code=VSP_DELETION_EVENT parent_id=Q7Z591 id=Q7Z591-3 original_index=1173 mapped_index=?
[PTM_FAIL] code=VSP_DELETION_EVENT parent_id=Q7Z591 id=Q7Z591-3 original_index=1228 mapped_index=?
[PTM_FAIL] code=VSP_DELETION_EVENT parent_id=Q7Z591 id=Q7Z591-3 original_index=1377 mapped_index=?
[PTM_FAIL] code=VSP_DELETION_EVENT parent_id=Q7Z591 id=Q7Z591-3 original_index=1387 mapped_index=?
[PTM_FAIL] code=VSP_DELETION_EVENT parent_id=Q7Z591 id=Q7Z591-3 original_index=1424 mapped_index=?
[PTM_FAIL] code=VSP_DELETION_EVENT parent_id=Q7Z591 id=Q7Z591-5 original_index=52 mapped_index=?
[PTM_FAIL] code=VSP_DELETION_EVENT parent_id=Q7Z591 id=Q7Z591-5 original_index=316 mapped_index=?
[PTM_FAIL] code=VSP_DELETION_EVENT parent_id=Q7Z591 id=Q7Z591-5 original_index=499 mapped_index=?
[PTM_FAIL] code=VSP_DELETION_EVENT parent_id=Q7Z591 id=Q7Z591-5 original_index=534 mapped_index=?
[PTM_FAIL] code=RESIDUE_MISMATCH parent_id=Q7Z591 id=Q7Z591-5 original_index=767 mapped_index=14 original_aa=S isoform_aa=G shift=-753 vsp_count=1
[PTM_FAIL] code=RESIDUE_MISMATCH parent_id=Q7Z591 id=Q7Z591-5 original_index=770 mapped_index=17 original_aa=S isoform_aa=K shift=-753 vsp_count=1
[PTM_FAIL] code=RESIDUE_MISMATCH parent_id=Q7Z591 id=Q7Z591-5 original_index=848 mapped_index=95 original_aa=S isoform_aa=A shift=-753 vsp_count=1
[PTM_FAIL] code=RESIDUE_MISMATCH parent_id=Q7Z591 id=Q7Z591-5 original_index=886 mapped_index=133 original_aa=S isoform_aa=E shift=-753 vsp_count=1
[PTM_FAIL] code=RESIDUE_MISMATCH parent_id=Q7Z591 id=Q7Z591-5 original_index=997 mapped_index=244 original_aa=S isoform_aa=L shift=-753 vsp_count=1
[PTM_FAIL] code=RESIDUE_MISMATCH parent_id=Q7Z591 id=Q7Z591-5 original_index=1010 mapped_index=257 original_aa=S isoform_aa=A shift=-753 vsp_count=1
[PTM_FAIL] code=RESIDUE_MISMATCH parent_id=Q7Z591 id=Q7Z591-5 original_index=1172 mapped_index=419 original_aa=S isoform_aa=D shift=-753 vsp_count=1
[PTM_FAIL] code=RESIDUE_MISMATCH parent_id=Q7Z591 id=Q7Z591-5 original_index=1173 mapped_index=420 original_aa=S isoform_aa=T shift=-753 vsp_count=1
[PTM_FAIL] code=RESIDUE_MISMATCH parent_id=Q7Z591 id=Q7Z591-5 original_index=1228 mapped_index=475 original_aa=S isoform_aa=L shift=-753 vsp_count=1
[PTM_FAIL] code=RESIDUE_MISMATCH parent_id=Q7Z591 id=Q7Z591-5 original_index=1377 mapped_index=624 original_aa=S isoform_aa=P shift=-753 vsp_count=1
[PTM_FAIL] code=RESIDUE_MISMATCH parent_id=Q7Z591 id=Q7Z591-5 original_index=1387 mapped_index=634 original_aa=S isoform_aa=R shift=-753 vsp_count=1
[PTM_FAIL] code=VSP_DELETION_EVENT parent_id=Q7Z591 id=Q7Z591-7 original_index=52 mapped_index=?
[PTM_FAIL] code=RESIDUE_MISMATCH parent_id=Q7Z591 id=Q7Z591-7 original_index=316 mapped_index=197 original_aa=S isoform_aa=P shift=-119 vsp_count=1
[PTM_FAIL] code=RESIDUE_MISMATCH parent_id=Q7Z591 id=Q7Z591-7 original_index=499 mapped_index=380 original_aa=S isoform_aa=K shift=-119 vsp_count=1
[PTM_FAIL] code=RESIDUE_MISMATCH parent_id=Q7Z591 id=Q7Z591-7 original_index=534 mapped_index=415 original_aa=S isoform_aa=A shift=-119 vsp_count=1
[PTM_FAIL] code=RESIDUE_MISMATCH parent_id=Q7Z591 id=Q7Z591-7 original_index=767 mapped_index=648 original_aa=S isoform_aa=L shift=-119 vsp_count=1
[PTM_FAIL] code=RESIDUE_MISMATCH parent_id=Q7Z591 id=Q7Z591-7 original_index=770 mapped_index=651 original_aa=S isoform_aa=C shift=-119 vsp_count=1
[PTM_FAIL] code=RESIDUE_MISMATCH parent_id=Q7Z591 id=Q7Z591-7 original_index=848 mapped_index=729 original_aa=S isoform_aa=V shift=-119 vsp_count=1
[PTM_FAIL] code=RESIDUE_MISMATCH parent_id=Q7Z591 id=Q7Z591-7 original_index=997 mapped_index=878 original_aa=S isoform_aa=K shift=-119 vsp_count=1
[PTM_FAIL] code=RESIDUE_MISMATCH parent_id=Q7Z591 id=Q7Z591-7 original_index=1010 mapped_index=891 original_aa=S isoform_aa=E shift=-119 vsp_count=1
[PTM_FAIL] code=RESIDUE_MISMATCH parent_id=Q7Z591 id=Q7Z591-7 original_index=1172 mapped_index=1053 original_aa=S isoform_aa=A shift=-119 vsp_count=1
[PTM_FAIL] code=RESIDUE_MISMATCH parent_id=Q7Z591 id=Q7Z591-7 original_index=1173 mapped_index=1054 original_aa=S isoform_aa=P shift=-119 vsp_count=1
[PTM_FAIL] code=RESIDUE_MISMATCH parent_id=Q7Z591 id=Q7Z591-7 original_index=1228 mapped_index=1109 original_aa=S isoform_aa=A shift=-119 vsp_count=1
[PTM_FAIL] code=RESIDUE_MISMATCH parent_id=Q7Z591 id=Q7Z591-7 original_index=1377 mapped_index=1258 original_aa=S isoform_aa=G shift=-119 vsp_count=1
[PTM_FAIL] code=RESIDUE_MISMATCH parent_id=Q7Z591 id=Q7Z591-7 original_index=1387 mapped_index=1268 original_aa=S isoform_aa=T shift=-119 vsp_count=1
[PTM_FAIL] code=RESIDUE_MISMATCH parent_id=Q7Z591 id=Q7Z591-7 original_index=1424 mapped_index=1305 original_aa=S isoform_aa=T shift=-119 vsp_count=1
[PTM_FAIL] code=VSP_DELETION_EVENT parent_id=Q7Z591 id=Q7Z591-8 original_index=52 mapped_index=?
[PTM_FAIL] code=VSP_DELETION_EVENT parent_id=Q7Z591 id=Q7Z591-8 original_index=316 mapped_index=?
[PTM_FAIL] code=VSP_DELETION_EVENT parent_id=Q7Z591 id=Q7Z591-8 original_index=499 mapped_index=?
[PTM_FAIL] code=VSP_DELETION_EVENT parent_id=Q7Z591 id=Q7Z591-8 original_index=534 mapped_index=?
[PTM_FAIL] code=RESIDUE_MISMATCH parent_id=Q7Z591 id=Q7Z591-8 original_index=767 mapped_index=227 original_aa=S isoform_aa=Q shift=-540 vsp_count=1
[PTM_FAIL] code=RESIDUE_MISMATCH parent_id=Q7Z591 id=Q7Z591-8 original_index=770 mapped_index=230 original_aa=S isoform_aa=A shift=-540 vsp_count=1
[PTM_FAIL] code=RESIDUE_MISMATCH parent_id=Q7Z591 id=Q7Z591-8 original_index=848 mapped_index=308 original_aa=S isoform_aa=P shift=-540 vsp_count=1
[PTM_FAIL] code=RESIDUE_MISMATCH parent_id=Q7Z591 id=Q7Z591-8 original_index=886 mapped_index=346 original_aa=S isoform_aa=A shift=-540 vsp_count=1
[PTM_FAIL] code=RESIDUE_MISMATCH parent_id=Q7Z591 id=Q7Z591-8 original_index=997 mapped_index=457 original_aa=S isoform_aa=Y shift=-540 vsp_count=1
[PTM_FAIL] code=RESIDUE_MISMATCH parent_id=Q7Z591 id=Q7Z591-8 original_index=1010 mapped_index=470 original_aa=S isoform_aa=G shift=-540 vsp_count=1
[PTM_FAIL] code=RESIDUE_MISMATCH parent_id=Q7Z591 id=Q7Z591-8 original_index=1172 mapped_index=632 original_aa=S isoform_aa=P shift=-540 vsp_count=1
[PTM_FAIL] code=RESIDUE_MISMATCH parent_id=Q7Z591 id=Q7Z591-8 original_index=1173 mapped_index=633 original_aa=S isoform_aa=G shift=-540 vsp_count=1
[PTM_FAIL] code=RESIDUE_MISMATCH parent_id=Q7Z591 id=Q7Z591-8 original_index=1228 mapped_index=688 original_aa=S isoform_aa=T shift=-540 vsp_count=1
[PTM_FAIL] code=RESIDUE_MISMATCH parent_id=Q7Z591 id=Q7Z591-8 original_index=1377 mapped_index=837 original_aa=S isoform_aa=M shift=-540 vsp_count=1
[PTM_FAIL] code=RESIDUE_MISMATCH parent_id=Q7Z591 id=Q7Z591-8 original_index=1387 mapped_index=847 original_aa=S isoform_aa=A shift=-540 vsp_count=1
[PTM_FAIL] code=RESIDUE_MISMATCH parent_id=Q7Z591 id=Q7Z591-8 original_index=1424 mapped_index=884 original_aa=S isoform_aa=Q shift=-540 vsp_count=1
[PTM_FAIL] code=RESIDUE_MISMATCH parent_id=Q12802 id=Q12802-2 original_index=1602 mapped_index=1606 original_aa=S isoform_aa=L shift=4 vsp_count=1
[PTM_FAIL] code=RESIDUE_MISMATCH parent_id=Q12802 id=Q12802-2 original_index=1642 mapped_index=1646 original_aa=S isoform_aa=L shift=4 vsp_count=1
[PTM_FAIL] code=RESIDUE_MISMATCH parent_id=Q12802 id=Q12802-2 original_index=1645 mapped_index=1649 original_aa=S isoform_aa=E shift=4 vsp_count=1
[PTM_FAIL] code=RESIDUE_MISMATCH parent_id=Q12802 id=Q12802-2 original_index=1647 mapped_index=1651 original_aa=S isoform_aa=L shift=4 vsp_count=1
[PTM_FAIL] code=RESIDUE_MISMATCH parent_id=Q12802 id=Q12802-2 original_index=1670 mapped_index=1674 original_aa=K isoform_aa=F shift=4 vsp_count=1
[PTM_FAIL] code=RESIDUE_MISMATCH parent_id=Q12802 id=Q12802-2 original_index=1876 mapped_index=1880 original_aa=S isoform_aa=L shift=4 vsp_count=1
[PTM_FAIL] code=RESIDUE_MISMATCH parent_id=Q12802 id=Q12802-2 original_index=1895 mapped_index=1899 original_aa=S isoform_aa=V shift=4 vsp_count=1
[PTM_FAIL] code=RESIDUE_MISMATCH parent_id=Q12802 id=Q12802-2 original_index=1929 mapped_index=1933 original_aa=S isoform_aa=L shift=4 vsp_count=1
[PTM_FAIL] code=RESIDUE_MISMATCH parent_id=Q12802 id=Q12802-2 original_index=1930 mapped_index=1934 original_aa=T isoform_aa=N shift=4 vsp_count=1
[PTM_FAIL] code=RESIDUE_MISMATCH parent_id=Q12802 id=Q12802-2 original_index=1932 mapped_index=1936 original_aa=S isoform_aa=I shift=4 vsp_count=1
[PTM_FAIL] code=RESIDUE_MISMATCH parent_id=Q12802 id=Q12802-2 original_index=1945 mapped_index=1949 original_aa=S isoform_aa=E shift=4 vsp_count=1
[PTM_FAIL] code=RESIDUE_MISMATCH parent_id=Q12802 id=Q12802-2 original_index=2345 mapped_index=2349 original_aa=S isoform_aa=E shift=4 vsp_count=1
[PTM_FAIL] code=RESIDUE_MISMATCH parent_id=Q12802 id=Q12802-2 original_index=2467 mapped_index=2471 original_aa=T isoform_aa=F shift=4 vsp_count=1
[PTM_FAIL] code=RESIDUE_MISMATCH parent_id=Q12802 id=Q12802-2 original_index=2473 mapped_index=2477 original_aa=S isoform_aa=N shift=4 vsp_count=1
[PTM_FAIL] code=RESIDUE_MISMATCH parent_id=Q12802 id=Q12802-2 original_index=2566 mapped_index=2570 original_aa=S isoform_aa=E shift=4 vsp_count=1
[PTM_FAIL] code=RESIDUE_MISMATCH parent_id=Q12802 id=Q12802-2 original_index=2703 mapped_index=2707 original_aa=S isoform_aa=P shift=4 vsp_count=1
[PTM_FAIL] code=RESIDUE_MISMATCH parent_id=Q12802 id=Q12802-2 original_index=2709 mapped_index=2713 original_aa=S isoform_aa=P shift=4 vsp_count=1
[PTM_FAIL] code=RESIDUE_MISMATCH parent_id=Q12802 id=Q12802-2 original_index=2728 mapped_index=2732 original_aa=S isoform_aa=N shift=4 vsp_count=1
[PTM_FAIL] code=VSP_DELETION_EVENT parent_id=P31751 id=P31751-2 original_index=309 mapped_index=?
[PTM_FAIL] code=RESIDUE_MISMATCH parent_id=P31751 id=P31751-2 original_index=447 mapped_index=404 original_aa=S isoform_aa=M shift=-43 vsp_count=1
[PTM_FAIL] code=RESIDUE_MISMATCH parent_id=P31751 id=P31751-2 original_index=451 mapped_index=408 original_aa=T isoform_aa=F shift=-43 vsp_count=1
[PTM_FAIL] code=RESIDUE_MISMATCH parent_id=P31751 id=P31751-2 original_index=474 mapped_index=431 original_aa=S isoform_aa=T shift=-43 vsp_count=1
[PTM_FAIL] code=RESIDUE_MISMATCH parent_id=P31751 id=P31751-2 original_index=478 mapped_index=435 original_aa=S isoform_aa=D shift=-43 vsp_count=1
[PTM_FAIL] code=VSP_DELETION_EVENT parent_id=P31751 id=P31751-2 original_index=306 mapped_index=?
[PTM_FAIL] code=VSP_DELETION_EVENT parent_id=P31751 id=P31751-2 original_index=313 mapped_index=?
[PTM_FAIL] code=RESIDUE_MISMATCH parent_id=P31751 id=P31751-2 original_index=474 mapped_index=431 original_aa=S isoform_aa=T shift=-43 vsp_count=1
[PTM_FAIL] code=RESIDUE_MISMATCH parent_id=Q99996 id=Q99996-3 original_index=3690 mapped_index=3682 original_aa=S isoform_aa=N shift=-8 vsp_count=1
[PTM_FAIL] code=RESIDUE_MISMATCH parent_id=Q99996 id=Q99996-3 original_index=3842 mapped_index=3834 original_aa=S isoform_aa=R shift=-8 vsp_count=1
[PTM_FAIL] code=RESIDUE_MISMATCH parent_id=Q99996 id=Q99996-3 original_index=3865 mapped_index=3857 original_aa=S isoform_aa=F shift=-8 vsp_count=1
[PTM_FAIL] code=RESIDUE_MISMATCH parent_id=Q99996 id=Q99996-3 original_index=3897 mapped_index=3889 original_aa=S isoform_aa=R shift=-8 vsp_count=1
[PTM_FAIL] code=RESIDUE_MISMATCH parent_id=Q9ULX6 id=Q9ULX6-2 original_index=208 mapped_index=147 original_aa=R isoform_aa=S shift=-61 vsp_count=1
[PTM_FAIL] code=RESIDUE_MISMATCH parent_id=Q9ULX6 id=Q9ULX6-2 original_index=208 mapped_index=147 original_aa=R isoform_aa=S shift=-61 vsp_count=1
[PTM_FAIL] code=RESIDUE_MISMATCH parent_id=Q9ULX6 id=Q9ULX6-2 original_index=217 mapped_index=156 original_aa=R isoform_aa=A shift=-61 vsp_count=1
[PTM_FAIL] code=RESIDUE_MISMATCH parent_id=Q9ULX6 id=Q9ULX6-2 original_index=237 mapped_index=176 original_aa=R isoform_aa=F shift=-61 vsp_count=1
[PTM_FAIL] code=RESIDUE_MISMATCH parent_id=Q9ULX6 id=Q9ULX6-2 original_index=247 mapped_index=186 original_aa=R isoform_aa=D shift=-61 vsp_count=1
[PTM_FAIL] code=RESIDUE_MISMATCH parent_id=Q9ULX6 id=Q9ULX6-2 original_index=257 mapped_index=196 original_aa=K isoform_aa=G shift=-61 vsp_count=1
[PTM_FAIL] code=RESIDUE_MISMATCH parent_id=Q9ULX6 id=Q9ULX6-2 original_index=267 mapped_index=206 original_aa=T isoform_aa=G shift=-61 vsp_count=1
[PTM_FAIL] code=RESIDUE_MISMATCH parent_id=Q9ULX6 id=Q9ULX6-2 original_index=283 mapped_index=222 original_aa=S isoform_aa=F shift=-61 vsp_count=1
[PTM_FAIL] code=RESIDUE_MISMATCH parent_id=Q9ULX6 id=Q9ULX6-2 original_index=292 mapped_index=231 original_aa=T isoform_aa=G shift=-61 vsp_count=1
[PTM_FAIL] code=RESIDUE_MISMATCH parent_id=Q9ULX6 id=Q9ULX6-2 original_index=297 mapped_index=236 original_aa=S isoform_aa=M shift=-61 vsp_count=1
[PTM_FAIL] code=RESIDUE_MISMATCH parent_id=Q9ULX6 id=Q9ULX6-2 original_index=552 mapped_index=491 original_aa=S isoform_aa=I shift=-61 vsp_count=1
[PTM_FAIL] code=VSP_DELETION_EVENT parent_id=Q96B36 id=Q96B36-2 original_index=51 mapped_index=?
[PTM_FAIL] code=VSP_DELETION_EVENT parent_id=Q96B36 id=Q96B36-2 original_index=88 mapped_index=?
[PTM_FAIL] code=VSP_DELETION_EVENT parent_id=Q96B36 id=Q96B36-2 original_index=92 mapped_index=?
[PTM_FAIL] code=VSP_DELETION_EVENT parent_id=Q96B36 id=Q96B36-2 original_index=116 mapped_index=?
[PTM_FAIL] code=RESIDUE_MISMATCH parent_id=Q96B36 id=Q96B36-2 original_index=183 mapped_index=53 original_aa=S isoform_aa=A shift=-130 vsp_count=1
[PTM_FAIL] code=RESIDUE_MISMATCH parent_id=Q96B36 id=Q96B36-2 original_index=202 mapped_index=72 original_aa=S isoform_aa=A shift=-130 vsp_count=1
[PTM_FAIL] code=RESIDUE_MISMATCH parent_id=Q96B36 id=Q96B36-2 original_index=203 mapped_index=73 original_aa=S isoform_aa=T shift=-130 vsp_count=1
[PTM_FAIL] code=RESIDUE_MISMATCH parent_id=Q96B36 id=Q96B36-2 original_index=211 mapped_index=81 original_aa=S isoform_aa=P shift=-130 vsp_count=1
[PTM_FAIL] code=RESIDUE_MISMATCH parent_id=Q96B36 id=Q96B36-2 original_index=212 mapped_index=82 original_aa=S isoform_aa=P shift=-130 vsp_count=1
[PTM_FAIL] code=RESIDUE_MISMATCH parent_id=Q96B36 id=Q96B36-2 original_index=221 mapped_index=91 original_aa=S isoform_aa=P shift=-130 vsp_count=1
[PTM_FAIL] code=RESIDUE_MISMATCH parent_id=Q96B36 id=Q96B36-2 original_index=246 mapped_index=116 original_aa=T isoform_aa=S shift=-130 vsp_count=1
[PTM_FAIL] code=RESIDUE_MISMATCH parent_id=Q96B36 id=Q96B36-3 original_index=51 mapped_index=71 original_aa=R isoform_aa=A shift=20 vsp_count=1
[PTM_FAIL] code=RESIDUE_MISMATCH parent_id=Q96B36 id=Q96B36-3 original_index=88 mapped_index=108 original_aa=S isoform_aa=D shift=20 vsp_count=1
[PTM_FAIL] code=RESIDUE_MISMATCH parent_id=Q96B36 id=Q96B36-3 original_index=92 mapped_index=112 original_aa=S isoform_aa=E shift=20 vsp_count=1
[PTM_FAIL] code=RESIDUE_MISMATCH parent_id=Q96B36 id=Q96B36-3 original_index=116 mapped_index=136 original_aa=S isoform_aa=T shift=20 vsp_count=1
[PTM_FAIL] code=RESIDUE_MISMATCH parent_id=Q96B36 id=Q96B36-3 original_index=202 mapped_index=222 original_aa=S isoform_aa=M shift=20 vsp_count=1
[PTM_FAIL] code=RESIDUE_MISMATCH parent_id=Q96B36 id=Q96B36-3 original_index=203 mapped_index=223 original_aa=S isoform_aa=R shift=20 vsp_count=1
[PTM_FAIL] code=RESIDUE_MISMATCH parent_id=Q96B36 id=Q96B36-3 original_index=211 mapped_index=231 original_aa=S isoform_aa=E shift=20 vsp_count=1
[PTM_FAIL] code=RESIDUE_MISMATCH parent_id=Q96B36 id=Q96B36-3 original_index=212 mapped_index=232 original_aa=S isoform_aa=D shift=20 vsp_count=1
[PTM_FAIL] code=RESIDUE_MISMATCH parent_id=Q96B36 id=Q96B36-3 original_index=221 mapped_index=241 original_aa=S isoform_aa=R shift=20 vsp_count=1
[PTM_FAIL] code=ISOFORM_OOB parent_id=Q96B36 id=Q96B36-3 original_index=246 mapped_index=266 isoform_len=256 shift=20 vsp_count=1 expected_len=276
[PTM_FAIL] code=VSP_DELETION_EVENT parent_id=P31749 id=P31749-2 original_index=14 mapped_index=?
[PTM_FAIL] code=VSP_DELETION_EVENT parent_id=P31749 id=P31749-2 original_index=20 mapped_index=?
[PTM_FAIL] code=RESIDUE_MISMATCH parent_id=P31749 id=P31749-2 original_index=124 mapped_index=62 original_aa=S isoform_aa=L shift=-62 vsp_count=1
[PTM_FAIL] code=RESIDUE_MISMATCH parent_id=P31749 id=P31749-2 original_index=126 mapped_index=64 original_aa=S isoform_aa=K shift=-62 vsp_count=1
[PTM_FAIL] code=RESIDUE_MISMATCH parent_id=P31749 id=P31749-2 original_index=129 mapped_index=67 original_aa=S isoform_aa=R shift=-62 vsp_count=1
[PTM_FAIL] code=RESIDUE_MISMATCH parent_id=P31749 id=P31749-2 original_index=176 mapped_index=114 original_aa=Y isoform_aa=E shift=-62 vsp_count=1
[PTM_FAIL] code=RESIDUE_MISMATCH parent_id=P31749 id=P31749-2 original_index=308 mapped_index=246 original_aa=T isoform_aa=S shift=-62 vsp_count=1
[PTM_FAIL] code=RESIDUE_MISMATCH parent_id=P31749 id=P31749-2 original_index=448 mapped_index=386 original_aa=T isoform_aa=K shift=-62 vsp_count=1
[PTM_FAIL] code=RESIDUE_MISMATCH parent_id=P31749 id=P31749-2 original_index=450 mapped_index=388 original_aa=T isoform_aa=P shift=-62 vsp_count=1
[PTM_FAIL] code=RESIDUE_MISMATCH parent_id=P31749 id=P31749-2 original_index=473 mapped_index=411 original_aa=S isoform_aa=I shift=-62 vsp_count=1
[PTM_FAIL] code=RESIDUE_MISMATCH parent_id=P31749 id=P31749-2 original_index=474 mapped_index=412 original_aa=Y isoform_aa=V shift=-62 vsp_count=1
[PTM_FAIL] code=RESIDUE_MISMATCH parent_id=P31749 id=P31749-2 original_index=477 mapped_index=415 original_aa=S isoform_aa=H shift=-62 vsp_count=1
[PTM_FAIL] code=RESIDUE_MISMATCH parent_id=P31749 id=P31749-2 original_index=479 mapped_index=417 original_aa=T isoform_aa=Y shift=-62 vsp_count=1
[PTM_FAIL] code=RESIDUE_MISMATCH parent_id=P31749 id=P31749-2 original_index=126 mapped_index=64 original_aa=S isoform_aa=K shift=-62 vsp_count=1
[PTM_FAIL] code=RESIDUE_MISMATCH parent_id=P31749 id=P31749-2 original_index=129 mapped_index=67 original_aa=S isoform_aa=R shift=-62 vsp_count=1
[PTM_FAIL] code=RESIDUE_MISMATCH parent_id=P31749 id=P31749-2 original_index=305 mapped_index=243 original_aa=T isoform_aa=R shift=-62 vsp_count=1
[PTM_FAIL] code=RESIDUE_MISMATCH parent_id=P31749 id=P31749-2 original_index=312 mapped_index=250 original_aa=T isoform_aa=A shift=-62 vsp_count=1
[PTM_FAIL] code=RESIDUE_MISMATCH parent_id=P31749 id=P31749-2 original_index=473 mapped_index=411 original_aa=S isoform_aa=I shift=-62 vsp_count=1
[PTM_FAIL] code=RESIDUE_MISMATCH parent_id=P31749 id=P31749-2 original_index=284 mapped_index=222 original_aa=K isoform_aa=R shift=-62 vsp_count=1
[PTM_FAIL] code=VSP_UNRESOLVABLE parent_id=Q9Y243 id=Q9Y243-2 original_index=472 mapped_index=?
[PTM_FAIL] code=VSP_UNRESOLVABLE parent_id=Q9Y243 id=Q9Y243-2 original_index=472 mapped_index=?
[PTM_FAIL] code=RESIDUE_MISMATCH parent_id=P49419 id=P49419-2 original_index=94 mapped_index=66 original_aa=K isoform_aa=I shift=-28 vsp_count=1
[PTM_FAIL] code=RESIDUE_MISMATCH parent_id=P49419 id=P49419-2 original_index=94 mapped_index=66 original_aa=K isoform_aa=I shift=-28 vsp_count=1
[PTM_FAIL] code=RESIDUE_MISMATCH parent_id=P49419 id=P49419-2 original_index=462 mapped_index=434 original_aa=K isoform_aa=Y shift=-28 vsp_count=1
[PTM_FAIL] code=RESIDUE_MISMATCH parent_id=P49419 id=P49419-2 original_index=500 mapped_index=472 original_aa=K isoform_aa=G shift=-28 vsp_count=1
[PTM_FAIL] code=RESIDUE_MISMATCH parent_id=P49419 id=P49419-2 original_index=537 mapped_index=509 original_aa=K isoform_aa=G shift=-28 vsp_count=1
[PTM_FAIL] code=VSP_DELETION_EVENT parent_id=P49419 id=P49419-2 original_index=2 mapped_index=?
[PTM_FAIL] code=RESIDUE_MISMATCH parent_id=P49419 id=P49419-4 original_index=462 mapped_index=398 original_aa=K isoform_aa=G shift=-64 vsp_count=1
[PTM_FAIL] code=RESIDUE_MISMATCH parent_id=P49419 id=P49419-4 original_index=500 mapped_index=436 original_aa=K isoform_aa=F shift=-64 vsp_count=1
[PTM_FAIL] code=RESIDUE_MISMATCH parent_id=P49419 id=P49419-4 original_index=537 mapped_index=473 original_aa=K isoform_aa=P shift=-64 vsp_count=1
[PTM_FAIL] code=VSP_DELETION_EVENT parent_id=P30038 id=P30038-2 original_index=31 mapped_index=?
[PTM_FAIL] code=VSP_DELETION_EVENT parent_id=P30038 id=P30038-2 original_index=44 mapped_index=?
[PTM_FAIL] code=VSP_DELETION_EVENT parent_id=P30038 id=P30038-2 original_index=52 mapped_index=?
[PTM_FAIL] code=RESIDUE_MISMATCH parent_id=P30038 id=P30038-2 original_index=93 mapped_index=33 original_aa=K isoform_aa=A shift=-60 vsp_count=1
[PTM_FAIL] code=RESIDUE_MISMATCH parent_id=P30038 id=P30038-2 original_index=93 mapped_index=33 original_aa=K isoform_aa=A shift=-60 vsp_count=1
[PTM_FAIL] code=RESIDUE_MISMATCH parent_id=P30038 id=P30038-2 original_index=99 mapped_index=39 original_aa=K isoform_aa=A shift=-60 vsp_count=1
[PTM_FAIL] code=RESIDUE_MISMATCH parent_id=P30038 id=P30038-2 original_index=99 mapped_index=39 original_aa=K isoform_aa=A shift=-60 vsp_count=1
[PTM_FAIL] code=RESIDUE_MISMATCH parent_id=P30038 id=P30038-2 original_index=114 mapped_index=54 original_aa=K isoform_aa=L shift=-60 vsp_count=1
[PTM_FAIL] code=RESIDUE_MISMATCH parent_id=P30038 id=P30038-2 original_index=114 mapped_index=54 original_aa=K isoform_aa=L shift=-60 vsp_count=1
[PTM_FAIL] code=RESIDUE_MISMATCH parent_id=P30038 id=P30038-2 original_index=130 mapped_index=70 original_aa=K isoform_aa=D shift=-60 vsp_count=1
[PTM_FAIL] code=RESIDUE_MISMATCH parent_id=P30038 id=P30038-2 original_index=130 mapped_index=70 original_aa=K isoform_aa=D shift=-60 vsp_count=1
[PTM_FAIL] code=RESIDUE_MISMATCH parent_id=P30038 id=P30038-2 original_index=175 mapped_index=115 original_aa=K isoform_aa=E shift=-60 vsp_count=1
[PTM_FAIL] code=RESIDUE_MISMATCH parent_id=P30038 id=P30038-2 original_index=175 mapped_index=115 original_aa=K isoform_aa=E shift=-60 vsp_count=1
[PTM_FAIL] code=RESIDUE_MISMATCH parent_id=P30038 id=P30038-2 original_index=318 mapped_index=258 original_aa=K isoform_aa=I shift=-60 vsp_count=1
[PTM_FAIL] code=RESIDUE_MISMATCH parent_id=P30038 id=P30038-2 original_index=347 mapped_index=287 original_aa=K isoform_aa=S shift=-60 vsp_count=1
[PTM_FAIL] code=RESIDUE_MISMATCH parent_id=P30038 id=P30038-2 original_index=365 mapped_index=305 original_aa=K isoform_aa=F shift=-60 vsp_count=1
[PTM_FAIL] code=RESIDUE_MISMATCH parent_id=P30038 id=P30038-2 original_index=376 mapped_index=316 original_aa=K isoform_aa=G shift=-60 vsp_count=1
[PTM_FAIL] code=RESIDUE_MISMATCH parent_id=P30038 id=P30038-2 original_index=395 mapped_index=335 original_aa=K isoform_aa=G shift=-60 vsp_count=1
[PTM_FAIL] code=RESIDUE_MISMATCH parent_id=P30038 id=P30038-2 original_index=509 mapped_index=449 original_aa=K isoform_aa=F shift=-60 vsp_count=1
[PTM_FAIL] code=RESIDUE_MISMATCH parent_id=P30038 id=P30038-2 original_index=509 mapped_index=449 original_aa=K isoform_aa=F shift=-60 vsp_count=1
[PTM_FAIL] code=RESIDUE_MISMATCH parent_id=P30038 id=P30038-2 original_index=531 mapped_index=471 original_aa=K isoform_aa=D shift=-60 vsp_count=1
[PTM_FAIL] code=RESIDUE_MISMATCH parent_id=P30038 id=P30038-2 original_index=552 mapped_index=492 original_aa=K isoform_aa=E shift=-60 vsp_count=1
[PTM_FAIL] code=RESIDUE_MISMATCH parent_id=P30038 id=P30038-3 original_index=462 mapped_index=411 original_aa=K isoform_aa=P shift=-51 vsp_count=1
[PTM_FAIL] code=RESIDUE_MISMATCH parent_id=P30038 id=P30038-3 original_index=509 mapped_index=458 original_aa=K isoform_aa=Y shift=-51 vsp_count=1
[PTM_FAIL] code=RESIDUE_MISMATCH parent_id=P30038 id=P30038-3 original_index=509 mapped_index=458 original_aa=K isoform_aa=Y shift=-51 vsp_count=1
[PTM_FAIL] code=RESIDUE_MISMATCH parent_id=P30038 id=P30038-3 original_index=531 mapped_index=480 original_aa=K isoform_aa=G shift=-51 vsp_count=1
[PTM_FAIL] code=RESIDUE_MISMATCH parent_id=P30038 id=P30038-3 original_index=552 mapped_index=501 original_aa=K isoform_aa=A shift=-51 vsp_count=1
[PTM_FAIL] code=RESIDUE_MISMATCH parent_id=Q9H2A2 id=Q9H2A2-2 original_index=362 mapped_index=308 original_aa=S isoform_aa=V shift=-54 vsp_count=1
[PTM_FAIL] code=RESIDUE_MISMATCH parent_id=Q9H2A2 id=Q9H2A2-4 original_index=362 mapped_index=312 original_aa=S isoform_aa=R shift=-50 vsp_count=1
[PTM_FAIL] code=RESIDUE_MISMATCH parent_id=O75891 id=O75891-2 original_index=354 mapped_index=253 original_aa=S isoform_aa=G shift=-101 vsp_count=1
[PTM_FAIL] code=RESIDUE_MISMATCH parent_id=O75891 id=O75891-2 original_index=629 mapped_index=528 original_aa=S isoform_aa=Q shift=-101 vsp_count=1
[PTM_FAIL] code=RESIDUE_MISMATCH parent_id=O75891 id=O75891-2 original_index=631 mapped_index=530 original_aa=S isoform_aa=F shift=-101 vsp_count=1
[PTM_FAIL] code=RESIDUE_MISMATCH parent_id=O75891 id=O75891-2 original_index=660 mapped_index=559 original_aa=K isoform_aa=T shift=-101 vsp_count=1
[PTM_FAIL] code=RESIDUE_MISMATCH parent_id=O75891 id=O75891-2 original_index=767 mapped_index=666 original_aa=K isoform_aa=N shift=-101 vsp_count=1
[PTM_FAIL] code=RESIDUE_MISMATCH parent_id=O75891 id=O75891-2 original_index=825 mapped_index=724 original_aa=S isoform_aa=V shift=-101 vsp_count=1
[PTM_FAIL] code=RESIDUE_MISMATCH parent_id=O75891 id=O75891-2 original_index=882 mapped_index=781 original_aa=K isoform_aa=R shift=-101 vsp_count=1
[PTM_FAIL] code=RESIDUE_MISMATCH parent_id=O75891 id=O75891-3 original_index=9 mapped_index=19 original_aa=S isoform_aa=L shift=10 vsp_count=1
[PTM_FAIL] code=RESIDUE_MISMATCH parent_id=O75891 id=O75891-3 original_index=354 mapped_index=364 original_aa=S isoform_aa=V shift=10 vsp_count=1
[PTM_FAIL] code=RESIDUE_MISMATCH parent_id=O75891 id=O75891-3 original_index=629 mapped_index=639 original_aa=S isoform_aa=D shift=10 vsp_count=1
[PTM_FAIL] code=RESIDUE_MISMATCH parent_id=O75891 id=O75891-3 original_index=631 mapped_index=641 original_aa=S isoform_aa=P shift=10 vsp_count=1
[PTM_FAIL] code=RESIDUE_MISMATCH parent_id=O75891 id=O75891-3 original_index=660 mapped_index=670 original_aa=K isoform_aa=V shift=10 vsp_count=1
[PTM_FAIL] code=RESIDUE_MISMATCH parent_id=O75891 id=O75891-3 original_index=767 mapped_index=777 original_aa=K isoform_aa=N shift=10 vsp_count=1
[PTM_FAIL] code=RESIDUE_MISMATCH parent_id=O75891 id=O75891-3 original_index=825 mapped_index=835 original_aa=S isoform_aa=A shift=10 vsp_count=1
[PTM_FAIL] code=RESIDUE_MISMATCH parent_id=O75891 id=O75891-3 original_index=882 mapped_index=892 original_aa=K isoform_aa=Y shift=10 vsp_count=1
[PTM_FAIL] code=RESIDUE_MISMATCH parent_id=O94788 id=O94788-2 original_index=351 mapped_index=313 original_aa=S isoform_aa=F shift=-38 vsp_count=1
[PTM_FAIL] code=RESIDUE_MISMATCH parent_id=O94788 id=O94788-3 original_index=168 mapped_index=147 original_aa=Y isoform_aa=F shift=-21 vsp_count=1
[PTM_FAIL] code=RESIDUE_MISMATCH parent_id=O94788 id=O94788-3 original_index=351 mapped_index=330 original_aa=S isoform_aa=E shift=-21 vsp_count=1
[PTM_FAIL] code=RESIDUE_MISMATCH parent_id=O94788 id=O94788-4 original_index=168 mapped_index=72 original_aa=Y isoform_aa=A shift=-96 vsp_count=1
[PTM_FAIL] code=RESIDUE_MISMATCH parent_id=O94788 id=O94788-4 original_index=351 mapped_index=255 original_aa=S isoform_aa=G shift=-96 vsp_count=1
[PTM_FAIL] code=VSP_DELETION_EVENT parent_id=P49189 id=P49189-2 original_index=2 mapped_index=?
[PTM_FAIL] code=VSP_DELETION_EVENT parent_id=P49189 id=P49189-2 original_index=30 mapped_index=?
[PTM_FAIL] code=VSP_DELETION_EVENT parent_id=P49189 id=P49189-2 original_index=30 mapped_index=?
[PTM_FAIL] code=VSP_DELETION_EVENT parent_id=P49189 id=P49189-2 original_index=59 mapped_index=?
[PTM_FAIL] code=RESIDUE_MISMATCH parent_id=P49189 id=P49189-2 original_index=298 mapped_index=228 original_aa=K isoform_aa=V shift=-70 vsp_count=1
[PTM_FAIL] code=RESIDUE_MISMATCH parent_id=P49189 id=P49189-2 original_index=303 mapped_index=233 original_aa=K isoform_aa=S shift=-70 vsp_count=1
[PTM_FAIL] code=RESIDUE_MISMATCH parent_id=P49189 id=P49189-2 original_index=303 mapped_index=233 original_aa=K isoform_aa=S shift=-70 vsp_count=1
[PTM_FAIL] code=RESIDUE_MISMATCH parent_id=P49189 id=P49189-3 original_index=30 mapped_index=54 original_aa=K isoform_aa=A shift=24 vsp_count=1
[PTM_FAIL] code=RESIDUE_MISMATCH parent_id=P49189 id=P49189-3 original_index=30 mapped_index=54 original_aa=K isoform_aa=A shift=24 vsp_count=1
[PTM_FAIL] code=RESIDUE_MISMATCH parent_id=P49189 id=P49189-3 original_index=59 mapped_index=83 original_aa=K isoform_aa=I shift=24 vsp_count=1
[PTM_FAIL] code=RESIDUE_MISMATCH parent_id=P49189 id=P49189-3 original_index=298 mapped_index=322 original_aa=K isoform_aa=L shift=24 vsp_count=1
[PTM_FAIL] code=RESIDUE_MISMATCH parent_id=P49189 id=P49189-3 original_index=303 mapped_index=327 original_aa=K isoform_aa=M shift=24 vsp_count=1
[PTM_FAIL] code=RESIDUE_MISMATCH parent_id=P49189 id=P49189-3 original_index=303 mapped_index=327 original_aa=K isoform_aa=M shift=24 vsp_count=1
[PTM_FAIL] code=RESIDUE_MISMATCH parent_id=Q8TD30 id=Q8TD30-2 original_index=341 mapped_index=241 original_aa=K isoform_aa=W shift=-100 vsp_count=1
[PTM_FAIL] code=RESIDUE_MISMATCH parent_id=Q8TD30 id=Q8TD30-2 original_index=415 mapped_index=315 original_aa=K isoform_aa=S shift=-100 vsp_count=1
[PTM_FAIL] code=RESIDUE_MISMATCH parent_id=Q8TD30 id=Q8TD30-2 original_index=505 mapped_index=405 original_aa=K isoform_aa=E shift=-100 vsp_count=1
[PTM_FAIL] code=RESIDUE_MISMATCH parent_id=Q8TD30 id=Q8TD30-2 original_index=512 mapped_index=412 original_aa=K isoform_aa=N shift=-100 vsp_count=1
[PTM_FAIL] code=VSP_DELETION_EVENT parent_id=P02768 id=P02768-2 original_index=82 mapped_index=?
[PTM_FAIL] code=VSP_DELETION_EVENT parent_id=P02768 id=P02768-2 original_index=89 mapped_index=?
[PTM_FAIL] code=VSP_DELETION_EVENT parent_id=P02768 id=P02768-2 original_index=107 mapped_index=?
[PTM_FAIL] code=VSP_DELETION_EVENT parent_id=P02768 id=P02768-2 original_index=229 mapped_index=?
[PTM_FAIL] code=RESIDUE_MISMATCH parent_id=P02768 id=P02768-2 original_index=297 mapped_index=105 original_aa=S isoform_aa=R shift=-192 vsp_count=1
[PTM_FAIL] code=RESIDUE_MISMATCH parent_id=P02768 id=P02768-2 original_index=443 mapped_index=251 original_aa=S isoform_aa=E shift=-192 vsp_count=1
[PTM_FAIL] code=RESIDUE_MISMATCH parent_id=P02768 id=P02768-2 original_index=444 mapped_index=252 original_aa=T isoform_aa=F shift=-192 vsp_count=1
[PTM_FAIL] code=RESIDUE_MISMATCH parent_id=P02768 id=P02768-2 original_index=446 mapped_index=254 original_aa=T isoform_aa=E shift=-192 vsp_count=1
[PTM_FAIL] code=RESIDUE_MISMATCH parent_id=P02768 id=P02768-2 original_index=460 mapped_index=268 original_aa=K isoform_aa=E shift=-192 vsp_count=1
[PTM_FAIL] code=RESIDUE_MISMATCH parent_id=P02768 id=P02768-2 original_index=513 mapped_index=321 original_aa=S isoform_aa=E shift=-192 vsp_count=1
[PTM_FAIL] code=RESIDUE_MISMATCH parent_id=P02768 id=P02768-2 original_index=543 mapped_index=351 original_aa=K isoform_aa=L shift=-192 vsp_count=1
[PTM_FAIL] code=RESIDUE_MISMATCH parent_id=P02768 id=P02768-2 original_index=558 mapped_index=366 original_aa=K isoform_aa=S shift=-192 vsp_count=1
[PTM_FAIL] code=VSP_DELETION_EVENT parent_id=P02768 id=P02768-2 original_index=75 mapped_index=?
[PTM_FAIL] code=VSP_DELETION_EVENT parent_id=P02768 id=P02768-2 original_index=161 mapped_index=?
[PTM_FAIL] code=VSP_DELETION_EVENT parent_id=P02768 id=P02768-2 original_index=186 mapped_index=?
[PTM_FAIL] code=VSP_DELETION_EVENT parent_id=P02768 id=P02768-2 original_index=223 mapped_index=?
[PTM_FAIL] code=RESIDUE_MISMATCH parent_id=P02768 id=P02768-2 original_index=249 mapped_index=57 original_aa=K isoform_aa=Q shift=-192 vsp_count=1
[PTM_FAIL] code=RESIDUE_MISMATCH parent_id=P02768 id=P02768-2 original_index=300 mapped_index=108 original_aa=K isoform_aa=Y shift=-192 vsp_count=1
[PTM_FAIL] code=RESIDUE_MISMATCH parent_id=P02768 id=P02768-2 original_index=305 mapped_index=113 original_aa=K isoform_aa=D shift=-192 vsp_count=1
[PTM_FAIL] code=RESIDUE_MISMATCH parent_id=P02768 id=P02768-2 original_index=337 mapped_index=145 original_aa=K isoform_aa=D shift=-192 vsp_count=1
[PTM_FAIL] code=RESIDUE_MISMATCH parent_id=P02768 id=P02768-2 original_index=341 mapped_index=149 original_aa=K isoform_aa=T shift=-192 vsp_count=1
[PTM_FAIL] code=RESIDUE_MISMATCH parent_id=P02768 id=P02768-2 original_index=342 mapped_index=150 original_aa=N isoform_aa=A shift=-192 vsp_count=1
[PTM_FAIL] code=RESIDUE_MISMATCH parent_id=P02768 id=P02768-2 original_index=347 mapped_index=155 original_aa=K isoform_aa=E shift=-192 vsp_count=1
[PTM_FAIL] code=RESIDUE_MISMATCH parent_id=P02768 id=P02768-2 original_index=402 mapped_index=210 original_aa=K isoform_aa=R shift=-192 vsp_count=1
[PTM_FAIL] code=RESIDUE_MISMATCH parent_id=P02768 id=P02768-2 original_index=437 mapped_index=245 original_aa=K isoform_aa=Q shift=-192 vsp_count=1
[PTM_FAIL] code=RESIDUE_MISMATCH parent_id=P02768 id=P02768-2 original_index=463 mapped_index=271 original_aa=K isoform_aa=H shift=-192 vsp_count=1
[PTM_FAIL] code=RESIDUE_MISMATCH parent_id=P02768 id=P02768-2 original_index=468 mapped_index=276 original_aa=K isoform_aa=E shift=-192 vsp_count=1
[PTM_FAIL] code=RESIDUE_MISMATCH parent_id=P02768 id=P02768-2 original_index=518 mapped_index=326 original_aa=D isoform_aa=L shift=-192 vsp_count=1
[PTM_FAIL] code=RESIDUE_MISMATCH parent_id=P02768 id=P02768-2 original_index=549 mapped_index=357 original_aa=K isoform_aa=E shift=-192 vsp_count=1
[PTM_FAIL] code=RESIDUE_MISMATCH parent_id=P02768 id=P02768-2 original_index=558 mapped_index=366 original_aa=K isoform_aa=S shift=-192 vsp_count=1
[PTM_FAIL] code=RESIDUE_MISMATCH parent_id=P02768 id=P02768-2 original_index=560 mapped_index=368 original_aa=K isoform_aa=V shift=-192 vsp_count=1
[PTM_FAIL] code=RESIDUE_MISMATCH parent_id=P02768 id=P02768-2 original_index=569 mapped_index=377 original_aa=K isoform_aa=Y shift=-192 vsp_count=1
[PTM_FAIL] code=RESIDUE_MISMATCH parent_id=P02768 id=P02768-2 original_index=597 mapped_index=405 original_aa=K isoform_aa=V shift=-192 vsp_count=1
[PTM_FAIL] code=VSP_DELETION_EVENT parent_id=P02768 id=P02768-3 original_index=229 mapped_index=?
[PTM_FAIL] code=VSP_DELETION_EVENT parent_id=P02768 id=P02768-3 original_index=297 mapped_index=?
[PTM_FAIL] code=RESIDUE_MISMATCH parent_id=P02768 id=P02768-3 original_index=443 mapped_index=230 original_aa=S isoform_aa=F shift=-213 vsp_count=1
[PTM_FAIL] code=RESIDUE_MISMATCH parent_id=P02768 id=P02768-3 original_index=444 mapped_index=231 original_aa=T isoform_aa=G shift=-213 vsp_count=1
[PTM_FAIL] code=RESIDUE_MISMATCH parent_id=P02768 id=P02768-3 original_index=446 mapped_index=233 original_aa=T isoform_aa=R shift=-213 vsp_count=1
[PTM_FAIL] code=RESIDUE_MISMATCH parent_id=P02768 id=P02768-3 original_index=460 mapped_index=247 original_aa=K isoform_aa=F shift=-213 vsp_count=1
[PTM_FAIL] code=RESIDUE_MISMATCH parent_id=P02768 id=P02768-3 original_index=513 mapped_index=300 original_aa=S isoform_aa=K shift=-213 vsp_count=1
[PTM_FAIL] code=RESIDUE_MISMATCH parent_id=P02768 id=P02768-3 original_index=543 mapped_index=330 original_aa=K isoform_aa=A shift=-213 vsp_count=1
[PTM_FAIL] code=RESIDUE_MISMATCH parent_id=P02768 id=P02768-3 original_index=558 mapped_index=345 original_aa=K isoform_aa=E shift=-213 vsp_count=1
[PTM_FAIL] code=VSP_DELETION_EVENT parent_id=P02768 id=P02768-3 original_index=186 mapped_index=?
[PTM_FAIL] code=VSP_DELETION_EVENT parent_id=P02768 id=P02768-3 original_index=223 mapped_index=?
[PTM_FAIL] code=VSP_DELETION_EVENT parent_id=P02768 id=P02768-3 original_index=249 mapped_index=?
[PTM_FAIL] code=VSP_DELETION_EVENT parent_id=P02768 id=P02768-3 original_index=257 mapped_index=?
[PTM_FAIL] code=VSP_DELETION_EVENT parent_id=P02768 id=P02768-3 original_index=300 mapped_index=?
[PTM_FAIL] code=VSP_DELETION_EVENT parent_id=P02768 id=P02768-3 original_index=305 mapped_index=?
[PTM_FAIL] code=VSP_DELETION_EVENT parent_id=P02768 id=P02768-3 original_index=337 mapped_index=?
[PTM_FAIL] code=VSP_DELETION_EVENT parent_id=P02768 id=P02768-3 original_index=341 mapped_index=?
[PTM_FAIL] code=VSP_DELETION_EVENT parent_id=P02768 id=P02768-3 original_index=342 mapped_index=?
[PTM_FAIL] code=VSP_DELETION_EVENT parent_id=P02768 id=P02768-3 original_index=347 mapped_index=?
[PTM_FAIL] code=VSP_DELETION_EVENT parent_id=P02768 id=P02768-3 original_index=375 mapped_index=?
[PTM_FAIL] code=RESIDUE_MISMATCH parent_id=P02768 id=P02768-3 original_index=402 mapped_index=189 original_aa=K isoform_aa=F shift=-213 vsp_count=1
[PTM_FAIL] code=RESIDUE_MISMATCH parent_id=P02768 id=P02768-3 original_index=437 mapped_index=224 original_aa=K isoform_aa=C shift=-213 vsp_count=1
[PTM_FAIL] code=RESIDUE_MISMATCH parent_id=P02768 id=P02768-3 original_index=463 mapped_index=250 original_aa=K isoform_aa=A shift=-213 vsp_count=1
[PTM_FAIL] code=RESIDUE_MISMATCH parent_id=P02768 id=P02768-3 original_index=468 mapped_index=255 original_aa=K isoform_aa=V shift=-213 vsp_count=1
[PTM_FAIL] code=RESIDUE_MISMATCH parent_id=P02768 id=P02768-3 original_index=518 mapped_index=305 original_aa=D isoform_aa=K shift=-213 vsp_count=1
[PTM_FAIL] code=RESIDUE_MISMATCH parent_id=P02768 id=P02768-3 original_index=549 mapped_index=336 original_aa=K isoform_aa=S shift=-213 vsp_count=1
[PTM_FAIL] code=RESIDUE_MISMATCH parent_id=P02768 id=P02768-3 original_index=558 mapped_index=345 original_aa=K isoform_aa=E shift=-213 vsp_count=1
[PTM_FAIL] code=RESIDUE_MISMATCH parent_id=P02768 id=P02768-3 original_index=569 mapped_index=356 original_aa=K isoform_aa=Y shift=-213 vsp_count=1
[PTM_FAIL] code=RESIDUE_MISMATCH parent_id=P02768 id=P02768-3 original_index=597 mapped_index=384 original_aa=K isoform_aa=C shift=-213 vsp_count=1
[PTM_FAIL] code=VSP_DELETION_EVENT parent_id=P05091 id=P05091-2 original_index=78 mapped_index=?
[PTM_FAIL] code=RESIDUE_MISMATCH parent_id=P05091 id=P05091-2 original_index=159 mapped_index=112 original_aa=K isoform_aa=I shift=-47 vsp_count=1
[PTM_FAIL] code=RESIDUE_MISMATCH parent_id=P05091 id=P05091-2 original_index=368 mapped_index=321 original_aa=K isoform_aa=A shift=-47 vsp_count=1
[PTM_FAIL] code=RESIDUE_MISMATCH parent_id=P05091 id=P05091-2 original_index=383 mapped_index=336 original_aa=K isoform_aa=V shift=-47 vsp_count=1
[PTM_FAIL] code=RESIDUE_MISMATCH parent_id=P05091 id=P05091-2 original_index=426 mapped_index=379 original_aa=K isoform_aa=Q shift=-47 vsp_count=1
[PTM_FAIL] code=RESIDUE_MISMATCH parent_id=P05091 id=P05091-2 original_index=428 mapped_index=381 original_aa=K isoform_aa=G shift=-47 vsp_count=1
[PTM_FAIL] code=RESIDUE_MISMATCH parent_id=P05091 id=P05091-2 original_index=451 mapped_index=404 original_aa=K isoform_aa=G shift=-47 vsp_count=1
[PTM_FAIL] code=RESIDUE_MISMATCH parent_id=P04075 id=P04075-2 original_index=9 mapped_index=63 original_aa=T isoform_aa=L shift=54 vsp_count=1
[PTM_FAIL] code=RESIDUE_MISMATCH parent_id=P04075 id=P04075-2 original_index=36 mapped_index=90 original_aa=S isoform_aa=D shift=54 vsp_count=1
[PTM_FAIL] code=RESIDUE_MISMATCH parent_id=P04075 id=P04075-2 original_index=39 mapped_index=93 original_aa=S isoform_aa=P shift=54 vsp_count=1
[PTM_FAIL] code=RESIDUE_MISMATCH parent_id=P04075 id=P04075-2 original_index=42 mapped_index=96 original_aa=K isoform_aa=Q shift=54 vsp_count=1
[PTM_FAIL] code=RESIDUE_MISMATCH parent_id=P04075 id=P04075-2 original_index=108 mapped_index=162 original_aa=K isoform_aa=L shift=54 vsp_count=1
[PTM_FAIL] code=RESIDUE_MISMATCH parent_id=P04075 id=P04075-2 original_index=111 mapped_index=165 original_aa=K isoform_aa=M shift=54 vsp_count=1
[PTM_FAIL] code=RESIDUE_MISMATCH parent_id=P04075 id=P04075-2 original_index=111 mapped_index=165 original_aa=K isoform_aa=M shift=54 vsp_count=1
[PTM_FAIL] code=RESIDUE_MISMATCH parent_id=P04075 id=P04075-2 original_index=132 mapped_index=186 original_aa=S isoform_aa=I shift=54 vsp_count=1
[PTM_FAIL] code=RESIDUE_MISMATCH parent_id=P04075 id=P04075-2 original_index=147 mapped_index=201 original_aa=K isoform_aa=R shift=54 vsp_count=1
[PTM_FAIL] code=RESIDUE_MISMATCH parent_id=P04075 id=P04075-2 original_index=272 mapped_index=326 original_aa=S isoform_aa=E shift=54 vsp_count=1
[PTM_FAIL] code=ISOFORM_OOB parent_id=P04075 id=P04075-2 original_index=312 mapped_index=366 isoform_len=364 shift=54 vsp_count=1 expected_len=418
[PTM_FAIL] code=ISOFORM_OOB parent_id=P04075 id=P04075-2 original_index=330 mapped_index=384 isoform_len=364 shift=54 vsp_count=1 expected_len=418
[PTM_FAIL] code=RESIDUE_MISMATCH parent_id=P04075 id=P04075-2 original_index=42 mapped_index=96 original_aa=K isoform_aa=Q shift=54 vsp_count=1
[PTM_FAIL] code=RESIDUE_MISMATCH parent_id=P04075 id=P04075-2 original_index=42 mapped_index=96 original_aa=K isoform_aa=Q shift=54 vsp_count=1
[PTM_FAIL] code=RESIDUE_MISMATCH parent_id=Q9BT22 id=Q9BT22-2 original_index=242 mapped_index=131 original_aa=S isoform_aa=N shift=-111 vsp_count=1
[PTM_FAIL] code=VSP_UNRESOLVABLE parent_id=Q92685 id=Q92685-2 original_index=13 mapped_index=?
[PTM_FAIL] code=VSP_DELETION_EVENT parent_id=Q9H6U8 id=Q9H6U8-2 original_index=77 mapped_index=?
[PTM_FAIL] code=RESIDUE_MISMATCH parent_id=Q9H6U8 id=Q9H6U8-2 original_index=593 mapped_index=422 original_aa=N isoform_aa=G shift=-171 vsp_count=1
[PTM_FAIL] code=RESIDUE_MISMATCH parent_id=Q9H6U8 id=Q9H6U8-3 original_index=593 mapped_index=600 original_aa=N isoform_aa=R shift=7 vsp_count=1
[PTM_FAIL] code=VSP_UNRESOLVABLE parent_id=Q6P6C2 id=Q6P6C2-3 original_index=2 mapped_index=?
[PTM_FAIL] code=RESIDUE_MISMATCH parent_id=Q6P6C2 id=Q6P6C2-3 original_index=64 mapped_index=53 original_aa=S isoform_aa=V shift=-11 vsp_count=1
[PTM_FAIL] code=RESIDUE_MISMATCH parent_id=Q6P6C2 id=Q6P6C2-3 original_index=69 mapped_index=58 original_aa=S isoform_aa=R shift=-11 vsp_count=1
[PTM_FAIL] code=RESIDUE_MISMATCH parent_id=Q6P6C2 id=Q6P6C2-3 original_index=87 mapped_index=76 original_aa=S isoform_aa=L shift=-11 vsp_count=1
[PTM_FAIL] code=RESIDUE_MISMATCH parent_id=Q6P6C2 id=Q6P6C2-3 original_index=132 mapped_index=121 original_aa=K isoform_aa=E shift=-11 vsp_count=1
[PTM_FAIL] code=RESIDUE_MISMATCH parent_id=Q6P6C2 id=Q6P6C2-3 original_index=235 mapped_index=224 original_aa=K isoform_aa=S shift=-11 vsp_count=1
[PTM_FAIL] code=RESIDUE_MISMATCH parent_id=Q6P6C2 id=Q6P6C2-3 original_index=325 mapped_index=314 original_aa=S isoform_aa=N shift=-11 vsp_count=1
[PTM_FAIL] code=RESIDUE_MISMATCH parent_id=Q6P6C2 id=Q6P6C2-3 original_index=371 mapped_index=360 original_aa=S isoform_aa=G shift=-11 vsp_count=1
[PTM_FAIL] code=RESIDUE_MISMATCH parent_id=Q6P6C2 id=Q6P6C2-3 original_index=384 mapped_index=373 original_aa=S isoform_aa=E shift=-11 vsp_count=1
[PTM_FAIL] code=RESIDUE_MISMATCH parent_id=Q6P6C2 id=Q6P6C2-3 original_index=57 mapped_index=46 original_aa=K isoform_aa=A shift=-11 vsp_count=1
[PTM_FAIL] code=RESIDUE_MISMATCH parent_id=Q6P6C2 id=Q6P6C2-3 original_index=86 mapped_index=75 original_aa=K isoform_aa=Q shift=-11 vsp_count=1
[PTM_FAIL] code=RESIDUE_MISMATCH parent_id=Q6P6C2 id=Q6P6C2-3 original_index=321 mapped_index=310 original_aa=K isoform_aa=R shift=-11 vsp_count=1
[PTM_FAIL] code=RESIDUE_MISMATCH parent_id=Q6P6C2 id=Q6P6C2-3 original_index=328 mapped_index=317 original_aa=K isoform_aa=D shift=-11 vsp_count=1
[PTM_FAIL] code=VSP_DELETION_EVENT parent_id=P55789 id=P55789-2 original_index=59 mapped_index=?
[PTM_FAIL] code=RESIDUE_MISMATCH parent_id=P35858 id=P35858-2 original_index=64 mapped_index=102 original_aa=N isoform_aa=F shift=38 vsp_count=1
[PTM_FAIL] code=RESIDUE_MISMATCH parent_id=P35858 id=P35858-2 original_index=96 mapped_index=134 original_aa=N isoform_aa=L shift=38 vsp_count=1
[PTM_FAIL] code=RESIDUE_MISMATCH parent_id=P35858 id=P35858-2 original_index=368 mapped_index=406 original_aa=N isoform_aa=F shift=38 vsp_count=1
[PTM_FAIL] code=RESIDUE_MISMATCH parent_id=P35858 id=P35858-2 original_index=515 mapped_index=553 original_aa=N isoform_aa=Q shift=38 vsp_count=1
[PTM_FAIL] code=ISOFORM_OOB parent_id=P35858 id=P35858-2 original_index=580 mapped_index=618 isoform_len=605 shift=38 vsp_count=1 expected_len=643
[PTM_FAIL] code=VSP_DELETION_EVENT parent_id=Q9NP70 id=Q9NP70-2 original_index=112 mapped_index=?
[PTM_FAIL] code=RESIDUE_MISMATCH parent_id=P19021 id=P19021-2 original_index=918 mapped_index=811 original_aa=S isoform_aa=K shift=-107 vsp_count=1
[PTM_FAIL] code=RESIDUE_MISMATCH parent_id=P19021 id=P19021-2 original_index=929 mapped_index=822 original_aa=S isoform_aa=I shift=-107 vsp_count=1
[PTM_FAIL] code=RESIDUE_MISMATCH parent_id=P19021 id=P19021-2 original_index=942 mapped_index=835 original_aa=S isoform_aa=E shift=-107 vsp_count=1
[PTM_FAIL] code=RESIDUE_MISMATCH parent_id=P19021 id=P19021-2 original_index=946 mapped_index=839 original_aa=S isoform_aa=E shift=-107 vsp_count=1
[PTM_FAIL] code=RESIDUE_MISMATCH parent_id=P19021 id=P19021-2 original_index=957 mapped_index=850 original_aa=S isoform_aa=M shift=-107 vsp_count=1
[PTM_FAIL] code=RESIDUE_MISMATCH parent_id=P19021 id=P19021-2 original_index=762 mapped_index=655 original_aa=N isoform_aa=R shift=-107 vsp_count=1
[PTM_FAIL] code=RESIDUE_MISMATCH parent_id=P19021 id=P19021-2 original_index=893 mapped_index=786 original_aa=R isoform_aa=V shift=-107 vsp_count=1
[PTM_FAIL] code=RESIDUE_MISMATCH parent_id=P19021 id=P19021-3 original_index=918 mapped_index=850 original_aa=S isoform_aa=M shift=-68 vsp_count=1
[PTM_FAIL] code=RESIDUE_MISMATCH parent_id=P19021 id=P19021-3 original_index=929 mapped_index=861 original_aa=S isoform_aa=G shift=-68 vsp_count=1
[PTM_FAIL] code=RESIDUE_MISMATCH parent_id=P19021 id=P19021-3 original_index=942 mapped_index=874 original_aa=S isoform_aa=V shift=-68 vsp_count=1
[PTM_FAIL] code=RESIDUE_MISMATCH parent_id=P19021 id=P19021-3 original_index=943 mapped_index=875 original_aa=T isoform_aa=I shift=-68 vsp_count=1
[PTM_FAIL] code=RESIDUE_MISMATCH parent_id=P19021 id=P19021-3 original_index=946 mapped_index=878 original_aa=S isoform_aa=V shift=-68 vsp_count=1
[PTM_FAIL] code=RESIDUE_MISMATCH parent_id=P19021 id=P19021-3 original_index=957 mapped_index=889 original_aa=S isoform_aa=W shift=-68 vsp_count=1
[PTM_FAIL] code=VSP_DELETION_EVENT parent_id=P19021 id=P19021-3 original_index=893 mapped_index=?
[PTM_FAIL] code=VSP_DELETION_EVENT parent_id=P19021 id=P19021-3 original_index=875 mapped_index=?
[PTM_FAIL] code=RESIDUE_MISMATCH parent_id=P19021 id=P19021-4 original_index=918 mapped_index=832 original_aa=S isoform_aa=A shift=-86 vsp_count=1
[PTM_FAIL] code=RESIDUE_MISMATCH parent_id=P19021 id=P19021-4 original_index=929 mapped_index=843 original_aa=S isoform_aa=T shift=-86 vsp_count=1
[PTM_FAIL] code=RESIDUE_MISMATCH parent_id=P19021 id=P19021-4 original_index=942 mapped_index=856 original_aa=S isoform_aa=L shift=-86 vsp_count=1
[PTM_FAIL] code=RESIDUE_MISMATCH parent_id=P19021 id=P19021-4 original_index=943 mapped_index=857 original_aa=T isoform_aa=I shift=-86 vsp_count=1
[PTM_FAIL] code=RESIDUE_MISMATCH parent_id=P19021 id=P19021-4 original_index=946 mapped_index=860 original_aa=S isoform_aa=P shift=-86 vsp_count=1
[PTM_FAIL] code=RESIDUE_MISMATCH parent_id=P19021 id=P19021-4 original_index=957 mapped_index=871 original_aa=S isoform_aa=T shift=-86 vsp_count=1
[PTM_FAIL] code=VSP_DELETION_EVENT parent_id=P19021 id=P19021-4 original_index=893 mapped_index=?
[PTM_FAIL] code=VSP_DELETION_EVENT parent_id=P19021 id=P19021-4 original_index=875 mapped_index=?
[PTM_FAIL] code=RESIDUE_MISMATCH parent_id=P19021 id=P19021-5 original_index=918 mapped_index=919 original_aa=S isoform_aa=G shift=1 vsp_count=1
[PTM_FAIL] code=RESIDUE_MISMATCH parent_id=P19021 id=P19021-5 original_index=929 mapped_index=930 original_aa=S isoform_aa=R shift=1 vsp_count=1
[PTM_FAIL] code=RESIDUE_MISMATCH parent_id=P19021 id=P19021-5 original_index=942 mapped_index=943 original_aa=S isoform_aa=T shift=1 vsp_count=1
[PTM_FAIL] code=RESIDUE_MISMATCH parent_id=P19021 id=P19021-5 original_index=943 mapped_index=944 original_aa=T isoform_aa=E shift=1 vsp_count=1
[PTM_FAIL] code=RESIDUE_MISMATCH parent_id=P19021 id=P19021-5 original_index=946 mapped_index=947 original_aa=S isoform_aa=D shift=1 vsp_count=1
[PTM_FAIL] code=RESIDUE_MISMATCH parent_id=P19021 id=P19021-5 original_index=957 mapped_index=958 original_aa=S isoform_aa=E shift=1 vsp_count=1
[PTM_FAIL] code=RESIDUE_MISMATCH parent_id=P19021 id=P19021-6 original_index=918 mapped_index=900 original_aa=S isoform_aa=H shift=-18 vsp_count=1
[PTM_FAIL] code=RESIDUE_MISMATCH parent_id=P19021 id=P19021-6 original_index=929 mapped_index=911 original_aa=S isoform_aa=G shift=-18 vsp_count=1
[PTM_FAIL] code=RESIDUE_MISMATCH parent_id=P19021 id=P19021-6 original_index=942 mapped_index=924 original_aa=S isoform_aa=G shift=-18 vsp_count=1
[PTM_FAIL] code=RESIDUE_MISMATCH parent_id=P19021 id=P19021-6 original_index=943 mapped_index=925 original_aa=T isoform_aa=N shift=-18 vsp_count=1
[PTM_FAIL] code=RESIDUE_MISMATCH parent_id=P19021 id=P19021-6 original_index=946 mapped_index=928 original_aa=S isoform_aa=A shift=-18 vsp_count=1
[PTM_FAIL] code=RESIDUE_MISMATCH parent_id=P19021 id=P19021-6 original_index=957 mapped_index=939 original_aa=S isoform_aa=D shift=-18 vsp_count=1
[PTM_FAIL] code=VSP_DELETION_EVENT parent_id=Q8N7J2 id=Q8N7J2-2 original_index=355 mapped_index=?
[PTM_FAIL] code=VSP_DELETION_EVENT parent_id=Q8N7J2 id=Q8N7J2-2 original_index=358 mapped_index=?
[PTM_FAIL] code=VSP_DELETION_EVENT parent_id=Q99217 id=Q99217-2 original_index=32 mapped_index=?
[PTM_FAIL] code=RESIDUE_MISMATCH parent_id=Q8IY63 id=Q8IY63-2 original_index=241 mapped_index=191 original_aa=S isoform_aa=Y shift=-50 vsp_count=1
[PTM_FAIL] code=RESIDUE_MISMATCH parent_id=Q8IY63 id=Q8IY63-2 original_index=269 mapped_index=219 original_aa=S isoform_aa=Y shift=-50 vsp_count=1
[PTM_FAIL] code=RESIDUE_MISMATCH parent_id=Q8IY63 id=Q8IY63-2 original_index=295 mapped_index=245 original_aa=S isoform_aa=H shift=-50 vsp_count=1
[PTM_FAIL] code=RESIDUE_MISMATCH parent_id=Q8IY63 id=Q8IY63-2 original_index=720 mapped_index=670 original_aa=S isoform_aa=V shift=-50 vsp_count=1
[PTM_FAIL] code=RESIDUE_MISMATCH parent_id=Q8IY63 id=Q8IY63-2 original_index=793 mapped_index=743 original_aa=S isoform_aa=Q shift=-50 vsp_count=1
[PTM_FAIL] code=RESIDUE_MISMATCH parent_id=Q8IY63 id=Q8IY63-2 original_index=805 mapped_index=755 original_aa=S isoform_aa=I shift=-50 vsp_count=1
[PTM_FAIL] code=RESIDUE_MISMATCH parent_id=Q8IY63 id=Q8IY63-2 original_index=828 mapped_index=778 original_aa=S isoform_aa=K shift=-50 vsp_count=1
[PTM_FAIL] code=RESIDUE_MISMATCH parent_id=Q8IY63 id=Q8IY63-2 original_index=900 mapped_index=850 original_aa=S isoform_aa=P shift=-50 vsp_count=1
[PTM_FAIL] code=RESIDUE_MISMATCH parent_id=Q8IY63 id=Q8IY63-2 original_index=902 mapped_index=852 original_aa=T isoform_aa=S shift=-50 vsp_count=1
[PTM_FAIL] code=VSP_DELETION_EVENT parent_id=Q9Y4X0 id=Q9Y4X0-4 original_index=16 mapped_index=?
[PTM_FAIL] code=RESIDUE_MISMATCH parent_id=Q9Y2J4 id=Q9Y2J4-2 original_index=759 mapped_index=760 original_aa=S isoform_aa=L shift=1 vsp_count=1
[PTM_FAIL] code=RESIDUE_MISMATCH parent_id=Q9Y2J4 id=Q9Y2J4-2 original_index=762 mapped_index=763 original_aa=S isoform_aa=V shift=1 vsp_count=1
[PTM_FAIL] code=RESIDUE_MISMATCH parent_id=Q9Y2J4 id=Q9Y2J4-3 original_index=759 mapped_index=757 original_aa=S isoform_aa=A shift=-2 vsp_count=1
[PTM_FAIL] code=RESIDUE_MISMATCH parent_id=Q9Y2J4 id=Q9Y2J4-3 original_index=762 mapped_index=760 original_aa=S isoform_aa=L shift=-2 vsp_count=1
[PTM_FAIL] code=RESIDUE_MISMATCH parent_id=Q9Y2J4 id=Q9Y2J4-4 original_index=107 mapped_index=165 original_aa=Y isoform_aa=L shift=58 vsp_count=1
[PTM_FAIL] code=ISOFORM_OOB parent_id=Q9Y2J4 id=Q9Y2J4-4 original_index=759 mapped_index=817 isoform_len=779 shift=58 vsp_count=1 expected_len=837
[PTM_FAIL] code=ISOFORM_OOB parent_id=Q9Y2J4 id=Q9Y2J4-4 original_index=762 mapped_index=820 isoform_len=779 shift=58 vsp_count=1 expected_len=837
[PTM_FAIL] code=RESIDUE_MISMATCH parent_id=Q9Y2J4 id=Q9Y2J4-4 original_index=347 mapped_index=405 original_aa=K isoform_aa=L shift=58 vsp_count=1
[PTM_FAIL] code=RESIDUE_MISMATCH parent_id=Q9Y2J4 id=Q9Y2J4-4 original_index=408 mapped_index=466 original_aa=K isoform_aa=Q shift=58 vsp_count=1
[PTM_FAIL] code=RESIDUE_MISMATCH parent_id=Q4VCS5 id=Q4VCS5-2 original_index=594 mapped_index=185 original_aa=K isoform_aa=T shift=-409 vsp_count=1
[PTM_FAIL] code=RESIDUE_MISMATCH parent_id=Q4VCS5 id=Q4VCS5-2 original_index=595 mapped_index=186 original_aa=K isoform_aa=S shift=-409 vsp_count=1
[PTM_FAIL] code=RESIDUE_MISMATCH parent_id=P23109 id=P23109-2 original_index=81 mapped_index=77 original_aa=T isoform_aa=Q shift=-4 vsp_count=1
[PTM_FAIL] code=RESIDUE_MISMATCH parent_id=P23109 id=P23109-2 original_index=85 mapped_index=81 original_aa=S isoform_aa=T shift=-4 vsp_count=1
[PTM_FAIL] code=RESIDUE_MISMATCH parent_id=P23109 id=P23109-2 original_index=216 mapped_index=212 original_aa=Y isoform_aa=D shift=-4 vsp_count=1
[PTM_FAIL] code=RESIDUE_MISMATCH parent_id=P49418 id=P49418-2 original_index=506 mapped_index=464 original_aa=S isoform_aa=E shift=-42 vsp_count=1
[PTM_FAIL] code=RESIDUE_MISMATCH parent_id=P49418 id=P49418-2 original_index=638 mapped_index=596 original_aa=S isoform_aa=P shift=-42 vsp_count=1
[PTM_FAIL] code=RESIDUE_MISMATCH parent_id=P28838 id=P28838-2 original_index=42 mapped_index=11 original_aa=S isoform_aa=R shift=-31 vsp_count=1
[PTM_FAIL] code=RESIDUE_MISMATCH parent_id=P28838 id=P28838-2 original_index=45 mapped_index=14 original_aa=K isoform_aa=V shift=-31 vsp_count=1
[PTM_FAIL] code=RESIDUE_MISMATCH parent_id=P28838 id=P28838-2 original_index=54 mapped_index=23 original_aa=S isoform_aa=G shift=-31 vsp_count=1
[PTM_FAIL] code=RESIDUE_MISMATCH parent_id=P28838 id=P28838-2 original_index=61 mapped_index=30 original_aa=K isoform_aa=A shift=-31 vsp_count=1
[PTM_FAIL] code=RESIDUE_MISMATCH parent_id=P28838 id=P28838-2 original_index=103 mapped_index=72 original_aa=K isoform_aa=N shift=-31 vsp_count=1
[PTM_FAIL] code=RESIDUE_MISMATCH parent_id=P28838 id=P28838-2 original_index=180 mapped_index=149 original_aa=S isoform_aa=Q shift=-31 vsp_count=1
[PTM_FAIL] code=RESIDUE_MISMATCH parent_id=P28838 id=P28838-2 original_index=194 mapped_index=163 original_aa=S isoform_aa=D shift=-31 vsp_count=1
[PTM_FAIL] code=RESIDUE_MISMATCH parent_id=P28838 id=P28838-2 original_index=221 mapped_index=190 original_aa=K isoform_aa=V shift=-31 vsp_count=1
[PTM_FAIL] code=RESIDUE_MISMATCH parent_id=P28838 id=P28838-2 original_index=221 mapped_index=190 original_aa=K isoform_aa=V shift=-31 vsp_count=1
[PTM_FAIL] code=RESIDUE_MISMATCH parent_id=P28838 id=P28838-2 original_index=238 mapped_index=207 original_aa=S isoform_aa=A shift=-31 vsp_count=1
[PTM_FAIL] code=RESIDUE_MISMATCH parent_id=P28838 id=P28838-2 original_index=455 mapped_index=424 original_aa=K isoform_aa=E shift=-31 vsp_count=1
[PTM_FAIL] code=RESIDUE_MISMATCH parent_id=P28838 id=P28838-2 original_index=455 mapped_index=424 original_aa=K isoform_aa=E shift=-31 vsp_count=1
[PTM_FAIL] code=RESIDUE_MISMATCH parent_id=P28838 id=P28838-2 original_index=476 mapped_index=445 original_aa=K isoform_aa=C shift=-31 vsp_count=1
[PTM_FAIL] code=RESIDUE_MISMATCH parent_id=P28838 id=P28838-2 original_index=489 mapped_index=458 original_aa=K isoform_aa=S shift=-31 vsp_count=1
[PTM_FAIL] code=RESIDUE_MISMATCH parent_id=P28838 id=P28838-2 original_index=489 mapped_index=458 original_aa=K isoform_aa=S shift=-31 vsp_count=1
[PTM_FAIL] code=VSP_UNRESOLVABLE parent_id=Q01433 id=Q01433-4 original_index=22 mapped_index=?
[PTM_FAIL] code=VSP_UNRESOLVABLE parent_id=Q01433 id=Q01433-4 original_index=45 mapped_index=?
[PTM_FAIL] code=VSP_UNRESOLVABLE parent_id=Q01433 id=Q01433-4 original_index=46 mapped_index=?
[PTM_FAIL] code=VSP_UNRESOLVABLE parent_id=Q01433 id=Q01433-4 original_index=64 mapped_index=?
[PTM_FAIL] code=RESIDUE_MISMATCH parent_id=Q01433 id=Q01433-4 original_index=80 mapped_index=59 original_aa=S isoform_aa=L shift=-21 vsp_count=1
[PTM_FAIL] code=RESIDUE_MISMATCH parent_id=Q01433 id=Q01433-4 original_index=91 mapped_index=70 original_aa=Y isoform_aa=K shift=-21 vsp_count=1
[PTM_FAIL] code=RESIDUE_MISMATCH parent_id=Q01433 id=Q01433-4 original_index=97 mapped_index=76 original_aa=S isoform_aa=L shift=-21 vsp_count=1
[PTM_FAIL] code=RESIDUE_MISMATCH parent_id=Q01433 id=Q01433-4 original_index=114 mapped_index=93 original_aa=S isoform_aa=F shift=-21 vsp_count=1
[PTM_FAIL] code=RESIDUE_MISMATCH parent_id=Q01433 id=Q01433-4 original_index=134 mapped_index=113 original_aa=T isoform_aa=I shift=-21 vsp_count=1
[PTM_FAIL] code=RESIDUE_MISMATCH parent_id=Q01433 id=Q01433-4 original_index=136 mapped_index=115 original_aa=S isoform_aa=Q shift=-21 vsp_count=1
[PTM_FAIL] code=RESIDUE_MISMATCH parent_id=Q01433 id=Q01433-4 original_index=138 mapped_index=117 original_aa=S isoform_aa=V shift=-21 vsp_count=1
[PTM_FAIL] code=VSP_DELETION_EVENT parent_id=Q01433 id=Q01433-5 original_index=22 mapped_index=?
[PTM_FAIL] code=VSP_DELETION_EVENT parent_id=Q01433 id=Q01433-5 original_index=45 mapped_index=?
[PTM_FAIL] code=VSP_DELETION_EVENT parent_id=Q01433 id=Q01433-5 original_index=46 mapped_index=?
[PTM_FAIL] code=VSP_DELETION_EVENT parent_id=Q01433 id=Q01433-5 original_index=64 mapped_index=?
[PTM_FAIL] code=RESIDUE_MISMATCH parent_id=Q01433 id=Q01433-5 original_index=80 mapped_index=16 original_aa=S isoform_aa=P shift=-64 vsp_count=1
[PTM_FAIL] code=RESIDUE_MISMATCH parent_id=Q01433 id=Q01433-5 original_index=91 mapped_index=27 original_aa=Y isoform_aa=T shift=-64 vsp_count=1
[PTM_FAIL] code=RESIDUE_MISMATCH parent_id=Q01433 id=Q01433-5 original_index=97 mapped_index=33 original_aa=S isoform_aa=R shift=-64 vsp_count=1
[PTM_FAIL] code=RESIDUE_MISMATCH parent_id=Q01433 id=Q01433-5 original_index=114 mapped_index=50 original_aa=S isoform_aa=P shift=-64 vsp_count=1
[PTM_FAIL] code=RESIDUE_MISMATCH parent_id=Q01433 id=Q01433-5 original_index=134 mapped_index=70 original_aa=T isoform_aa=K shift=-64 vsp_count=1
[PTM_FAIL] code=RESIDUE_MISMATCH parent_id=Q01433 id=Q01433-5 original_index=136 mapped_index=72 original_aa=S isoform_aa=I shift=-64 vsp_count=1
[PTM_FAIL] code=RESIDUE_MISMATCH parent_id=Q01433 id=Q01433-5 original_index=138 mapped_index=74 original_aa=S isoform_aa=E shift=-64 vsp_count=1
[PTM_FAIL] code=RESIDUE_MISMATCH parent_id=Q01432 id=Q01432-4 original_index=85 mapped_index=94 original_aa=S isoform_aa=Q shift=9 vsp_count=1
[PTM_FAIL] code=RESIDUE_MISMATCH parent_id=Q01432 id=Q01432-4 original_index=107 mapped_index=116 original_aa=S isoform_aa=A shift=9 vsp_count=1
[PTM_FAIL] code=RESIDUE_MISMATCH parent_id=Q01432 id=Q01432-5 original_index=85 mapped_index=92 original_aa=S isoform_aa=P shift=7 vsp_count=1
[PTM_FAIL] code=RESIDUE_MISMATCH parent_id=Q01432 id=Q01432-5 original_index=107 mapped_index=114 original_aa=S isoform_aa=T shift=7 vsp_count=1
[PTM_FAIL] code=VSP_DELETION_EVENT parent_id=Q01432 id=Q01432-6 original_index=85 mapped_index=?
[PTM_FAIL] code=VSP_DELETION_EVENT parent_id=Q01432 id=Q01432-6 original_index=107 mapped_index=?
[PTM_FAIL] code=VSP_DELETION_EVENT parent_id=Q9C0C7 id=Q9C0C7-2 original_index=747 mapped_index=?
[PTM_FAIL] code=RESIDUE_MISMATCH parent_id=Q9C0C7 id=Q9C0C7-2 original_index=1043 mapped_index=983 original_aa=S isoform_aa=Q shift=-60 vsp_count=1
[PTM_FAIL] code=RESIDUE_MISMATCH parent_id=Q9C0C7 id=Q9C0C7-2 original_index=1205 mapped_index=1145 original_aa=S isoform_aa=E shift=-60 vsp_count=1
[PTM_FAIL] code=RESIDUE_MISMATCH parent_id=Q9C0C7 id=Q9C0C7-3 original_index=747 mapped_index=718 original_aa=R isoform_aa=P shift=-29 vsp_count=1
[PTM_FAIL] code=RESIDUE_MISMATCH parent_id=Q9C0C7 id=Q9C0C7-3 original_index=1043 mapped_index=1014 original_aa=S isoform_aa=A shift=-29 vsp_count=1
[PTM_FAIL] code=RESIDUE_MISMATCH parent_id=Q9C0C7 id=Q9C0C7-3 original_index=1205 mapped_index=1176 original_aa=S isoform_aa=G shift=-29 vsp_count=1
[PTM_FAIL] code=VSP_DELETION_EVENT parent_id=Q9C0C7 id=Q9C0C7-4 original_index=328 mapped_index=?
[PTM_FAIL] code=RESIDUE_MISMATCH parent_id=Q9C0C7 id=Q9C0C7-4 original_index=394 mapped_index=304 original_aa=S isoform_aa=H shift=-90 vsp_count=1
[PTM_FAIL] code=RESIDUE_MISMATCH parent_id=Q9C0C7 id=Q9C0C7-4 original_index=443 mapped_index=353 original_aa=S isoform_aa=E shift=-90 vsp_count=1
[PTM_FAIL] code=RESIDUE_MISMATCH parent_id=Q9C0C7 id=Q9C0C7-4 original_index=635 mapped_index=545 original_aa=S isoform_aa=P shift=-90 vsp_count=1
[PTM_FAIL] code=RESIDUE_MISMATCH parent_id=Q9C0C7 id=Q9C0C7-4 original_index=639 mapped_index=549 original_aa=S isoform_aa=P shift=-90 vsp_count=1
[PTM_FAIL] code=RESIDUE_MISMATCH parent_id=Q9C0C7 id=Q9C0C7-4 original_index=747 mapped_index=657 original_aa=R isoform_aa=W shift=-90 vsp_count=1
[PTM_FAIL] code=RESIDUE_MISMATCH parent_id=Q9C0C7 id=Q9C0C7-4 original_index=1043 mapped_index=953 original_aa=S isoform_aa=G shift=-90 vsp_count=1
[PTM_FAIL] code=RESIDUE_MISMATCH parent_id=Q9C0C7 id=Q9C0C7-4 original_index=1205 mapped_index=1115 original_aa=S isoform_aa=E shift=-90 vsp_count=1
[PTM_FAIL] code=RESIDUE_MISMATCH parent_id=Q8N6S4 id=Q8N6S4-2 original_index=411 mapped_index=376 original_aa=S isoform_aa=E shift=-35 vsp_count=1
[PTM_FAIL] code=VSP_DELETION_EVENT parent_id=Q86YJ7 id=Q86YJ7-2 original_index=1 mapped_index=?
[PTM_FAIL] code=RESIDUE_MISMATCH parent_id=Q6ZTN6 id=Q6ZTN6-1 original_index=552 mapped_index=465 original_aa=S isoform_aa=P shift=-87 vsp_count=1
[PTM_FAIL] code=RESIDUE_MISMATCH parent_id=Q6ZTN6 id=Q6ZTN6-1 original_index=556 mapped_index=469 original_aa=T isoform_aa=S shift=-87 vsp_count=1
[PTM_FAIL] code=RESIDUE_MISMATCH parent_id=Q6ZTN6 id=Q6ZTN6-2 original_index=552 mapped_index=202 original_aa=S isoform_aa=G shift=-350 vsp_count=1
[PTM_FAIL] code=RESIDUE_MISMATCH parent_id=Q6ZTN6 id=Q6ZTN6-2 original_index=556 mapped_index=206 original_aa=T isoform_aa=Q shift=-350 vsp_count=1
[WARN] code=ISOFORM_SEQ_MISSING parent_id=A6QL64 id=A6QL64 isoform_id=Q6UX02-1
[WARN] code=ISOFORM_SEQ_MISSING parent_id=A6QL64 id=A6QL64 isoform_id=Q6UX02-2
[PTM_FAIL] code=VSP_DELETION_EVENT parent_id=Q92688 id=Q92688-2 original_index=244 mapped_index=?
[PTM_FAIL] code=VSP_DELETION_EVENT parent_id=Q5JPF3 id=Q5JPF3-2 original_index=829 mapped_index=?
[PTM_FAIL] code=VSP_DELETION_EVENT parent_id=Q5JPF3 id=Q5JPF3-2 original_index=897 mapped_index=?
[PTM_FAIL] code=VSP_UNRESOLVABLE parent_id=Q9P2R3 id=Q9P2R3-4 original_index=2 mapped_index=?
[PTM_FAIL] code=RESIDUE_MISMATCH parent_id=Q9P2R3 id=Q9P2R3-4 original_index=270 mapped_index=312 original_aa=S isoform_aa=G shift=42 vsp_count=1
[PTM_FAIL] code=RESIDUE_MISMATCH parent_id=Q9UJX6 id=Q9UJX6-2 original_index=470 mapped_index=467 original_aa=S isoform_aa=G shift=-3 vsp_count=1
[PTM_FAIL] code=RESIDUE_MISMATCH parent_id=Q9UJX6 id=Q9UJX6-2 original_index=534 mapped_index=531 original_aa=S isoform_aa=F shift=-3 vsp_count=1
[PTM_FAIL] code=RESIDUE_MISMATCH parent_id=Q9UJX6 id=Q9UJX6-2 original_index=697 mapped_index=694 original_aa=S isoform_aa=R shift=-3 vsp_count=1
[PTM_FAIL] code=RESIDUE_MISMATCH parent_id=Q9UJX6 id=Q9UJX6-2 original_index=810 mapped_index=807 original_aa=Y isoform_aa=Q shift=-3 vsp_count=1
[PTM_FAIL] code=RESIDUE_MISMATCH parent_id=Q96K21 id=Q96K21-2 original_index=144 mapped_index=134 original_aa=S isoform_aa=R shift=-10 vsp_count=1
[PTM_FAIL] code=RESIDUE_MISMATCH parent_id=Q96K21 id=Q96K21-2 original_index=243 mapped_index=233 original_aa=T isoform_aa=P shift=-10 vsp_count=1
[PTM_FAIL] code=RESIDUE_MISMATCH parent_id=Q96K21 id=Q96K21-2 original_index=293 mapped_index=283 original_aa=S isoform_aa=L shift=-10 vsp_count=1
[PTM_FAIL] code=RESIDUE_MISMATCH parent_id=Q96K21 id=Q96K21-2 original_index=354 mapped_index=344 original_aa=S isoform_aa=V shift=-10 vsp_count=1
[PTM_FAIL] code=RESIDUE_MISMATCH parent_id=Q96K21 id=Q96K21-2 original_index=463 mapped_index=453 original_aa=S isoform_aa=E shift=-10 vsp_count=1
[PTM_FAIL] code=RESIDUE_MISMATCH parent_id=Q96K21 id=Q96K21-2 original_index=207 mapped_index=197 original_aa=K isoform_aa=A shift=-10 vsp_count=1
[PTM_FAIL] code=RESIDUE_MISMATCH parent_id=Q96K21 id=Q96K21-2 original_index=286 mapped_index=276 original_aa=G isoform_aa=A shift=-10 vsp_count=1
[PTM_FAIL] code=VSP_DELETION_EVENT parent_id=Q96K21 id=Q96K21-3 original_index=293 mapped_index=?
[PTM_FAIL] code=RESIDUE_MISMATCH parent_id=Q96K21 id=Q96K21-3 original_index=354 mapped_index=286 original_aa=S isoform_aa=G shift=-68 vsp_count=1
[PTM_FAIL] code=RESIDUE_MISMATCH parent_id=Q96K21 id=Q96K21-3 original_index=463 mapped_index=395 original_aa=S isoform_aa=T shift=-68 vsp_count=1
[PTM_FAIL] code=VSP_DELETION_EVENT parent_id=Q96K21 id=Q96K21-3 original_index=286 mapped_index=?
[PTM_FAIL] code=VSP_DELETION_EVENT parent_id=Q96K21 id=Q96K21-4 original_index=144 mapped_index=?
[PTM_FAIL] code=RESIDUE_MISMATCH parent_id=Q96K21 id=Q96K21-4 original_index=243 mapped_index=68 original_aa=T isoform_aa=D shift=-175 vsp_count=1
[PTM_FAIL] code=RESIDUE_MISMATCH parent_id=Q96K21 id=Q96K21-4 original_index=293 mapped_index=118 original_aa=S isoform_aa=G shift=-175 vsp_count=1
[PTM_FAIL] code=RESIDUE_MISMATCH parent_id=Q96K21 id=Q96K21-4 original_index=354 mapped_index=179 original_aa=S isoform_aa=E shift=-175 vsp_count=1
[PTM_FAIL] code=RESIDUE_MISMATCH parent_id=Q96K21 id=Q96K21-4 original_index=463 mapped_index=288 original_aa=S isoform_aa=P shift=-175 vsp_count=1
[PTM_FAIL] code=RESIDUE_MISMATCH parent_id=Q96K21 id=Q96K21-4 original_index=207 mapped_index=32 original_aa=K isoform_aa=T shift=-175 vsp_count=1
[PTM_FAIL] code=RESIDUE_MISMATCH parent_id=Q96K21 id=Q96K21-4 original_index=286 mapped_index=111 original_aa=G isoform_aa=S shift=-175 vsp_count=1
[PTM_FAIL] code=VSP_DELETION_EVENT parent_id=Q9BTT0 id=Q9BTT0-3 original_index=1 mapped_index=?
[PTM_FAIL] code=RESIDUE_MISMATCH parent_id=Q9BTT0 id=Q9BTT0-3 original_index=68 mapped_index=20 original_aa=K isoform_aa=T shift=-48 vsp_count=1
[PTM_FAIL] code=VSP_DELETION_EVENT parent_id=P16157 id=P16157-4 original_index=1523 mapped_index=?
[PTM_FAIL] code=VSP_DELETION_EVENT parent_id=P16157 id=P16157-4 original_index=1533 mapped_index=?
[PTM_FAIL] code=VSP_DELETION_EVENT parent_id=P16157 id=P16157-4 original_index=1617 mapped_index=?
[PTM_FAIL] code=VSP_DELETION_EVENT parent_id=P16157 id=P16157-4 original_index=1666 mapped_index=?
[PTM_FAIL] code=VSP_DELETION_EVENT parent_id=P16157 id=P16157-4 original_index=1671 mapped_index=?
[PTM_FAIL] code=RESIDUE_MISMATCH parent_id=P16157 id=P16157-4 original_index=1686 mapped_index=1524 original_aa=S isoform_aa=P shift=-162 vsp_count=1
[PTM_FAIL] code=RESIDUE_MISMATCH parent_id=P16157 id=P16157-4 original_index=1690 mapped_index=1528 original_aa=S isoform_aa=G shift=-162 vsp_count=1
[PTM_FAIL] code=RESIDUE_MISMATCH parent_id=P16157 id=P16157-4 original_index=1696 mapped_index=1534 original_aa=S isoform_aa=P shift=-162 vsp_count=1
[PTM_FAIL] code=VSP_DELETION_EVENT parent_id=O15123 id=O15123-2 original_index=119 mapped_index=?
[PTM_FAIL] code=VSP_DELETION_EVENT parent_id=O15123 id=O15123-2 original_index=133 mapped_index=?
[PTM_FAIL] code=RESIDUE_MISMATCH parent_id=O15123 id=O15123-2 original_index=304 mapped_index=252 original_aa=N isoform_aa=M shift=-52 vsp_count=1
[PTM_FAIL] code=RESIDUE_MISMATCH parent_id=O15123 id=O15123-3 original_index=304 mapped_index=303 original_aa=N isoform_aa=P shift=-1 vsp_count=1
[PTM_FAIL] code=RESIDUE_MISMATCH parent_id=Q9BY76 id=Q9BY76-3 original_index=177 mapped_index=10 original_aa=N isoform_aa=A shift=-167 vsp_count=1
[PTM_FAIL] code=VSP_DELETION_EVENT parent_id=Q86XL3 id=Q86XL3-3 original_index=259 mapped_index=?
[PTM_FAIL] code=VSP_DELETION_EVENT parent_id=Q86XL3 id=Q86XL3-3 original_index=268 mapped_index=?
[PTM_FAIL] code=VSP_DELETION_EVENT parent_id=Q86XL3 id=Q86XL3-3 original_index=488 mapped_index=?
[PTM_FAIL] code=VSP_DELETION_EVENT parent_id=Q86XL3 id=Q86XL3-3 original_index=496 mapped_index=?
[PTM_FAIL] code=VSP_DELETION_EVENT parent_id=Q86XL3 id=Q86XL3-3 original_index=512 mapped_index=?
[PTM_FAIL] code=VSP_DELETION_EVENT parent_id=Q86XL3 id=Q86XL3-3 original_index=528 mapped_index=?
[PTM_FAIL] code=RESIDUE_MISMATCH parent_id=Q86XL3 id=Q86XL3-3 original_index=662 mapped_index=17 original_aa=S isoform_aa=E shift=-645 vsp_count=1
[PTM_FAIL] code=RESIDUE_MISMATCH parent_id=Q86XL3 id=Q86XL3-3 original_index=804 mapped_index=159 original_aa=S isoform_aa=Y shift=-645 vsp_count=1
[PTM_FAIL] code=RESIDUE_MISMATCH parent_id=Q86XL3 id=Q86XL3-3 original_index=896 mapped_index=251 original_aa=S isoform_aa=R shift=-645 vsp_count=1
[PTM_FAIL] code=RESIDUE_MISMATCH parent_id=Q86XL3 id=Q86XL3-3 original_index=914 mapped_index=269 original_aa=S isoform_aa=P shift=-645 vsp_count=1
[PTM_FAIL] code=VSP_UNRESOLVABLE parent_id=Q9Y264 id=Q9Y264-2 original_index=427 mapped_index=?
[PTM_FAIL] code=VSP_DELETION_EVENT parent_id=Q01484 id=Q01484-2 original_index=1500 mapped_index=?
[PTM_FAIL] code=VSP_DELETION_EVENT parent_id=Q01484 id=Q01484-2 original_index=1596 mapped_index=?
[PTM_FAIL] code=VSP_DELETION_EVENT parent_id=Q01484 id=Q01484-2 original_index=1732 mapped_index=?
[PTM_FAIL] code=VSP_DELETION_EVENT parent_id=Q01484 id=Q01484-2 original_index=1733 mapped_index=?
[PTM_FAIL] code=VSP_DELETION_EVENT parent_id=Q01484 id=Q01484-2 original_index=1736 mapped_index=?
[PTM_FAIL] code=VSP_DELETION_EVENT parent_id=Q01484 id=Q01484-2 original_index=1855 mapped_index=?
[PTM_FAIL] code=VSP_DELETION_EVENT parent_id=Q01484 id=Q01484-2 original_index=1858 mapped_index=?
[PTM_FAIL] code=VSP_DELETION_EVENT parent_id=Q01484 id=Q01484-2 original_index=1929 mapped_index=?
[PTM_FAIL] code=VSP_DELETION_EVENT parent_id=Q01484 id=Q01484-2 original_index=2127 mapped_index=?
[PTM_FAIL] code=VSP_DELETION_EVENT parent_id=Q01484 id=Q01484-2 original_index=2239 mapped_index=?
[PTM_FAIL] code=VSP_DELETION_EVENT parent_id=Q01484 id=Q01484-2 original_index=2243 mapped_index=?
[PTM_FAIL] code=VSP_DELETION_EVENT parent_id=Q01484 id=Q01484-2 original_index=2269 mapped_index=?
[PTM_FAIL] code=VSP_DELETION_EVENT parent_id=Q01484 id=Q01484-2 original_index=2275 mapped_index=?
[PTM_FAIL] code=VSP_DELETION_EVENT parent_id=Q01484 id=Q01484-2 original_index=2405 mapped_index=?
[PTM_FAIL] code=VSP_DELETION_EVENT parent_id=Q01484 id=Q01484-2 original_index=2440 mapped_index=?
[PTM_FAIL] code=VSP_DELETION_EVENT parent_id=Q01484 id=Q01484-2 original_index=2454 mapped_index=?
[PTM_FAIL] code=VSP_DELETION_EVENT parent_id=Q01484 id=Q01484-2 original_index=2516 mapped_index=?
[PTM_FAIL] code=VSP_DELETION_EVENT parent_id=Q01484 id=Q01484-2 original_index=2521 mapped_index=?
[PTM_FAIL] code=VSP_DELETION_EVENT parent_id=Q01484 id=Q01484-2 original_index=2583 mapped_index=?
[PTM_FAIL] code=VSP_DELETION_EVENT parent_id=Q01484 id=Q01484-2 original_index=2679 mapped_index=?
[PTM_FAIL] code=VSP_DELETION_EVENT parent_id=Q01484 id=Q01484-2 original_index=2701 mapped_index=?
[PTM_FAIL] code=VSP_DELETION_EVENT parent_id=Q01484 id=Q01484-2 original_index=2781 mapped_index=?
[PTM_FAIL] code=VSP_DELETION_EVENT parent_id=Q01484 id=Q01484-2 original_index=2795 mapped_index=?
[PTM_FAIL] code=VSP_DELETION_EVENT parent_id=Q01484 id=Q01484-2 original_index=2956 mapped_index=?
[PTM_FAIL] code=VSP_DELETION_EVENT parent_id=Q01484 id=Q01484-2 original_index=3075 mapped_index=?
[PTM_FAIL] code=VSP_DELETION_EVENT parent_id=Q01484 id=Q01484-2 original_index=3078 mapped_index=?
[PTM_FAIL] code=VSP_DELETION_EVENT parent_id=Q01484 id=Q01484-2 original_index=3273 mapped_index=?
[PTM_FAIL] code=VSP_DELETION_EVENT parent_id=Q01484 id=Q01484-2 original_index=3276 mapped_index=?
[PTM_FAIL] code=VSP_DELETION_EVENT parent_id=Q01484 id=Q01484-2 original_index=3277 mapped_index=?
[PTM_FAIL] code=VSP_DELETION_EVENT parent_id=Q01484 id=Q01484-2 original_index=3390 mapped_index=?
[PTM_FAIL] code=VSP_DELETION_EVENT parent_id=Q01484 id=Q01484-2 original_index=3409 mapped_index=?
[PTM_FAIL] code=VSP_DELETION_EVENT parent_id=Q01484 id=Q01484-2 original_index=3474 mapped_index=?
[PTM_FAIL] code=RESIDUE_MISMATCH parent_id=Q01484 id=Q01484-2 original_index=3735 mapped_index=1650 original_aa=S isoform_aa=L shift=-2085 vsp_count=1
[PTM_FAIL] code=RESIDUE_MISMATCH parent_id=Q01484 id=Q01484-2 original_index=3776 mapped_index=1691 original_aa=T isoform_aa=Q shift=-2085 vsp_count=1
[PTM_FAIL] code=RESIDUE_MISMATCH parent_id=Q01484 id=Q01484-2 original_index=3797 mapped_index=1712 original_aa=T isoform_aa=Q shift=-2085 vsp_count=1
[PTM_FAIL] code=RESIDUE_MISMATCH parent_id=Q01484 id=Q01484-2 original_index=3803 mapped_index=1718 original_aa=T isoform_aa=G shift=-2085 vsp_count=1
[PTM_FAIL] code=RESIDUE_MISMATCH parent_id=Q01484 id=Q01484-2 original_index=3814 mapped_index=1729 original_aa=T isoform_aa=K shift=-2085 vsp_count=1
[PTM_FAIL] code=RESIDUE_MISMATCH parent_id=Q01484 id=Q01484-2 original_index=3823 mapped_index=1738 original_aa=S isoform_aa=G shift=-2085 vsp_count=1
[PTM_FAIL] code=VSP_DELETION_EVENT parent_id=Q9UKU9 id=Q9UKU9-2 original_index=164 mapped_index=?
[PTM_FAIL] code=VSP_DELETION_EVENT parent_id=Q9UKU9 id=Q9UKU9-2 original_index=192 mapped_index=?
[PTM_FAIL] code=RESIDUE_MISMATCH parent_id=Q99873 id=Q99873-2 original_index=134 mapped_index=110 original_aa=K isoform_aa=G shift=-24 vsp_count=1
[PTM_FAIL] code=RESIDUE_MISMATCH parent_id=Q99873 id=Q99873-2 original_index=228 mapped_index=204 original_aa=K isoform_aa=E shift=-24 vsp_count=1
[PTM_FAIL] code=RESIDUE_MISMATCH parent_id=Q99873 id=Q99873-2 original_index=304 mapped_index=280 original_aa=S isoform_aa=Y shift=-24 vsp_count=1
[PTM_FAIL] code=RESIDUE_MISMATCH parent_id=Q99873 id=Q99873-2 original_index=307 mapped_index=283 original_aa=S isoform_aa=A shift=-24 vsp_count=1
[PTM_FAIL] code=RESIDUE_MISMATCH parent_id=Q99873 id=Q99873-2 original_index=145 mapped_index=121 original_aa=K isoform_aa=S shift=-24 vsp_count=1
[PTM_FAIL] code=RESIDUE_MISMATCH parent_id=Q99873 id=Q99873-3 original_index=134 mapped_index=116 original_aa=K isoform_aa=G shift=-18 vsp_count=1
[PTM_FAIL] code=RESIDUE_MISMATCH parent_id=Q99873 id=Q99873-3 original_index=228 mapped_index=210 original_aa=K isoform_aa=D shift=-18 vsp_count=1
[PTM_FAIL] code=RESIDUE_MISMATCH parent_id=Q99873 id=Q99873-3 original_index=233 mapped_index=215 original_aa=K isoform_aa=W shift=-18 vsp_count=1
[PTM_FAIL] code=RESIDUE_MISMATCH parent_id=Q99873 id=Q99873-3 original_index=304 mapped_index=286 original_aa=S isoform_aa=A shift=-18 vsp_count=1
[PTM_FAIL] code=RESIDUE_MISMATCH parent_id=Q99873 id=Q99873-3 original_index=307 mapped_index=289 original_aa=S isoform_aa=N shift=-18 vsp_count=1
[PTM_FAIL] code=RESIDUE_MISMATCH parent_id=Q99873 id=Q99873-3 original_index=145 mapped_index=127 original_aa=K isoform_aa=V shift=-18 vsp_count=1
[PTM_FAIL] code=VSP_UNRESOLVABLE parent_id=Q96LA8 id=Q96LA8-2 original_index=29 mapped_index=?
[PTM_FAIL] code=VSP_UNRESOLVABLE parent_id=Q96LA8 id=Q96LA8-2 original_index=35 mapped_index=?
[PTM_FAIL] code=VSP_UNRESOLVABLE parent_id=Q96LA8 id=Q96LA8-2 original_index=37 mapped_index=?
[PTM_FAIL] code=VSP_DELETION_EVENT parent_id=Q6ZW76 id=Q6ZW76-2 original_index=2 mapped_index=?
[PTM_FAIL] code=VSP_DELETION_EVENT parent_id=Q6ZW76 id=Q6ZW76-2 original_index=5 mapped_index=?
[PTM_FAIL] code=RESIDUE_MISMATCH parent_id=Q6ZW76 id=Q6ZW76-2 original_index=96 mapped_index=23 original_aa=N isoform_aa=G shift=-73 vsp_count=1
[PTM_FAIL] code=RESIDUE_MISMATCH parent_id=Q6ZW76 id=Q6ZW76-2 original_index=201 mapped_index=128 original_aa=S isoform_aa=L shift=-73 vsp_count=1
[PTM_FAIL] code=RESIDUE_MISMATCH parent_id=Q6ZW76 id=Q6ZW76-2 original_index=225 mapped_index=152 original_aa=S isoform_aa=R shift=-73 vsp_count=1
[PTM_FAIL] code=RESIDUE_MISMATCH parent_id=Q6ZW76 id=Q6ZW76-2 original_index=243 mapped_index=170 original_aa=S isoform_aa=F shift=-73 vsp_count=1
[PTM_FAIL] code=RESIDUE_MISMATCH parent_id=Q6ZW76 id=Q6ZW76-2 original_index=244 mapped_index=171 original_aa=S isoform_aa=T shift=-73 vsp_count=1
[PTM_FAIL] code=RESIDUE_MISMATCH parent_id=Q6ZW76 id=Q6ZW76-2 original_index=245 mapped_index=172 original_aa=S isoform_aa=P shift=-73 vsp_count=1
[PTM_FAIL] code=RESIDUE_MISMATCH parent_id=Q6ZW76 id=Q6ZW76-2 original_index=319 mapped_index=246 original_aa=T isoform_aa=D shift=-73 vsp_count=1
[PTM_FAIL] code=RESIDUE_MISMATCH parent_id=Q6ZW76 id=Q6ZW76-2 original_index=320 mapped_index=247 original_aa=S isoform_aa=E shift=-73 vsp_count=1
[PTM_FAIL] code=RESIDUE_MISMATCH parent_id=Q6ZW76 id=Q6ZW76-2 original_index=368 mapped_index=295 original_aa=S isoform_aa=R shift=-73 vsp_count=1
[PTM_FAIL] code=RESIDUE_MISMATCH parent_id=Q6ZW76 id=Q6ZW76-2 original_index=371 mapped_index=298 original_aa=S isoform_aa=V shift=-73 vsp_count=1
[PTM_FAIL] code=RESIDUE_MISMATCH parent_id=Q6ZW76 id=Q6ZW76-2 original_index=541 mapped_index=468 original_aa=S isoform_aa=G shift=-73 vsp_count=1
[PTM_FAIL] code=VSP_DELETION_EVENT parent_id=Q9NQW6 id=Q9NQW6-2 original_index=518 mapped_index=?
[PTM_FAIL] code=RESIDUE_MISMATCH parent_id=Q9NQW6 id=Q9NQW6-2 original_index=553 mapped_index=516 original_aa=S isoform_aa=K shift=-37 vsp_count=1
[PTM_FAIL] code=RESIDUE_MISMATCH parent_id=Q9NQW6 id=Q9NQW6-2 original_index=561 mapped_index=524 original_aa=S isoform_aa=L shift=-37 vsp_count=1
[PTM_FAIL] code=RESIDUE_MISMATCH parent_id=Q9NQW6 id=Q9NQW6-2 original_index=637 mapped_index=600 original_aa=S isoform_aa=D shift=-37 vsp_count=1
[PTM_FAIL] code=RESIDUE_MISMATCH parent_id=Q9NQW6 id=Q9NQW6-2 original_index=671 mapped_index=634 original_aa=Y isoform_aa=K shift=-37 vsp_count=1
[PTM_FAIL] code=RESIDUE_MISMATCH parent_id=Q9NQW6 id=Q9NQW6-2 original_index=678 mapped_index=641 original_aa=S isoform_aa=E shift=-37 vsp_count=1
[PTM_FAIL] code=RESIDUE_MISMATCH parent_id=Q9NQW6 id=Q9NQW6-2 original_index=688 mapped_index=651 original_aa=S isoform_aa=T shift=-37 vsp_count=1
[PTM_FAIL] code=RESIDUE_MISMATCH parent_id=Q9NQW6 id=Q9NQW6-2 original_index=792 mapped_index=755 original_aa=S isoform_aa=E shift=-37 vsp_count=1
[PTM_FAIL] code=RESIDUE_MISMATCH parent_id=Q9NQW6 id=Q9NQW6-2 original_index=927 mapped_index=890 original_aa=S isoform_aa=P shift=-37 vsp_count=1
[PTM_FAIL] code=VSP_UNRESOLVABLE parent_id=O14744 id=O14744-2 original_index=2 mapped_index=?
[PTM_FAIL] code=RESIDUE_MISMATCH parent_id=Q68DC2 id=Q68DC2-4 original_index=734 mapped_index=735 original_aa=S isoform_aa=P shift=1 vsp_count=1
[PTM_FAIL] code=RESIDUE_MISMATCH parent_id=Q68DC2 id=Q68DC2-4 original_index=742 mapped_index=743 original_aa=S isoform_aa=P shift=1 vsp_count=1
[PTM_FAIL] code=RESIDUE_MISMATCH parent_id=Q9NR22 id=Q9NR22-2 original_index=58 mapped_index=49 original_aa=R isoform_aa=V shift=-9 vsp_count=1
[PTM_FAIL] code=RESIDUE_MISMATCH parent_id=Q9NR22 id=Q9NR22-2 original_index=73 mapped_index=64 original_aa=R isoform_aa=L shift=-9 vsp_count=1
[PTM_FAIL] code=VSP_UNRESOLVABLE parent_id=O60678 id=O60678-2 original_index=25 mapped_index=?
[PTM_FAIL] code=VSP_UNRESOLVABLE parent_id=O60678 id=O60678-2 original_index=27 mapped_index=?
[PTM_FAIL] code=RESIDUE_MISMATCH parent_id=O60678 id=O60678-2 original_index=171 mapped_index=109 original_aa=S isoform_aa=I shift=-62 vsp_count=1
[PTM_FAIL] code=RESIDUE_MISMATCH parent_id=Q15389 id=Q15389-2 original_index=295 mapped_index=294 original_aa=N isoform_aa=F shift=-1 vsp_count=1
[PTM_FAIL] code=RESIDUE_MISMATCH parent_id=Q4KMQ2 id=Q4KMQ2-2 original_index=329 mapped_index=350 original_aa=N isoform_aa=Q shift=21 vsp_count=1
[PTM_FAIL] code=RESIDUE_MISMATCH parent_id=Q4KMQ2 id=Q4KMQ2-2 original_index=361 mapped_index=382 original_aa=N isoform_aa=A shift=21 vsp_count=1
[PTM_FAIL] code=RESIDUE_MISMATCH parent_id=Q4KMQ2 id=Q4KMQ2-2 original_index=493 mapped_index=514 original_aa=N isoform_aa=I shift=21 vsp_count=1
[PTM_FAIL] code=RESIDUE_MISMATCH parent_id=Q4KMQ2 id=Q4KMQ2-2 original_index=777 mapped_index=798 original_aa=N isoform_aa=S shift=21 vsp_count=1
[PTM_FAIL] code=RESIDUE_MISMATCH parent_id=Q4KMQ2 id=Q4KMQ2-2 original_index=790 mapped_index=811 original_aa=N isoform_aa=F shift=21 vsp_count=1
[PTM_FAIL] code=RESIDUE_MISMATCH parent_id=Q4KMQ2 id=Q4KMQ2-2 original_index=802 mapped_index=823 original_aa=N isoform_aa=H shift=21 vsp_count=1
[PTM_FAIL] code=RESIDUE_MISMATCH parent_id=Q4KMQ2 id=Q4KMQ2-3 original_index=329 mapped_index=311 original_aa=N isoform_aa=L shift=-18 vsp_count=1
[PTM_FAIL] code=RESIDUE_MISMATCH parent_id=Q4KMQ2 id=Q4KMQ2-3 original_index=361 mapped_index=343 original_aa=N isoform_aa=G shift=-18 vsp_count=1
[PTM_FAIL] code=RESIDUE_MISMATCH parent_id=Q4KMQ2 id=Q4KMQ2-3 original_index=493 mapped_index=475 original_aa=N isoform_aa=V shift=-18 vsp_count=1
[PTM_FAIL] code=RESIDUE_MISMATCH parent_id=Q4KMQ2 id=Q4KMQ2-3 original_index=777 mapped_index=759 original_aa=N isoform_aa=F shift=-18 vsp_count=1
[PTM_FAIL] code=RESIDUE_MISMATCH parent_id=Q4KMQ2 id=Q4KMQ2-3 original_index=790 mapped_index=772 original_aa=N isoform_aa=M shift=-18 vsp_count=1
[PTM_FAIL] code=RESIDUE_MISMATCH parent_id=Q4KMQ2 id=Q4KMQ2-3 original_index=802 mapped_index=784 original_aa=N isoform_aa=K shift=-18 vsp_count=1
[PTM_FAIL] code=RESIDUE_MISMATCH parent_id=Q6UB98 id=Q6UB98-2 original_index=149 mapped_index=126 original_aa=S isoform_aa=L shift=-23 vsp_count=1
[PTM_FAIL] code=RESIDUE_MISMATCH parent_id=Q6UB98 id=Q6UB98-2 original_index=543 mapped_index=520 original_aa=S isoform_aa=N shift=-23 vsp_count=1
[PTM_FAIL] code=RESIDUE_MISMATCH parent_id=Q6UB98 id=Q6UB98-2 original_index=630 mapped_index=607 original_aa=S isoform_aa=K shift=-23 vsp_count=1
[PTM_FAIL] code=RESIDUE_MISMATCH parent_id=Q6UB98 id=Q6UB98-2 original_index=861 mapped_index=838 original_aa=S isoform_aa=R shift=-23 vsp_count=1
[PTM_FAIL] code=RESIDUE_MISMATCH parent_id=Q6UB98 id=Q6UB98-2 original_index=1401 mapped_index=1378 original_aa=S isoform_aa=N shift=-23 vsp_count=1
[PTM_FAIL] code=RESIDUE_MISMATCH parent_id=Q9ULJ7 id=Q9ULJ7-2 original_index=1167 mapped_index=988 original_aa=S isoform_aa=W shift=-179 vsp_count=1
[PTM_FAIL] code=RESIDUE_MISMATCH parent_id=Q9ULJ7 id=Q9ULJ7-2 original_index=1222 mapped_index=1043 original_aa=S isoform_aa=N shift=-179 vsp_count=1
[PTM_FAIL] code=RESIDUE_MISMATCH parent_id=Q9ULJ7 id=Q9ULJ7-2 original_index=1400 mapped_index=1221 original_aa=S isoform_aa=H shift=-179 vsp_count=1
[PTM_FAIL] code=RESIDUE_MISMATCH parent_id=Q9BYT9 id=Q9BYT9-2 original_index=425 mapped_index=279 original_aa=N isoform_aa=Y shift=-146 vsp_count=1
[PTM_FAIL] code=RESIDUE_MISMATCH parent_id=Q9BYT9 id=Q9BYT9-2 original_index=455 mapped_index=309 original_aa=N isoform_aa=V shift=-146 vsp_count=1
[PTM_FAIL] code=RESIDUE_MISMATCH parent_id=Q9BYT9 id=Q9BYT9-2 original_index=866 mapped_index=720 original_aa=N isoform_aa=W shift=-146 vsp_count=1
[PTM_FAIL] code=VSP_DELETION_EVENT parent_id=Q7Z6G8 id=Q7Z6G8-9 original_index=309 mapped_index=?
[PTM_FAIL] code=VSP_DELETION_EVENT parent_id=Q7Z6G8 id=Q7Z6G8-9 original_index=310 mapped_index=?
[PTM_FAIL] code=VSP_DELETION_EVENT parent_id=Q7Z6G8 id=Q7Z6G8-9 original_index=314 mapped_index=?
[PTM_FAIL] code=VSP_DELETION_EVENT parent_id=Q7Z6G8 id=Q7Z6G8-9 original_index=353 mapped_index=?
[PTM_FAIL] code=VSP_DELETION_EVENT parent_id=Q7Z6G8 id=Q7Z6G8-9 original_index=364 mapped_index=?
[PTM_FAIL] code=VSP_DELETION_EVENT parent_id=Q7Z6G8 id=Q7Z6G8-9 original_index=503 mapped_index=?
[PTM_FAIL] code=VSP_DELETION_EVENT parent_id=Q7Z6G8 id=Q7Z6G8-9 original_index=507 mapped_index=?
[PTM_FAIL] code=VSP_DELETION_EVENT parent_id=Q7Z6G8 id=Q7Z6G8-9 original_index=510 mapped_index=?
[PTM_FAIL] code=VSP_DELETION_EVENT parent_id=Q7Z6G8 id=Q7Z6G8-9 original_index=738 mapped_index=?
[PTM_FAIL] code=VSP_DELETION_EVENT parent_id=Q7Z6G8 id=Q7Z6G8-9 original_index=773 mapped_index=?
[PTM_FAIL] code=VSP_DELETION_EVENT parent_id=Q7Z6G8 id=Q7Z6G8-9 original_index=775 mapped_index=?
[PTM_FAIL] code=VSP_DELETION_EVENT parent_id=Q7Z6G8 id=Q7Z6G8-9 original_index=901 mapped_index=?
[PTM_FAIL] code=VSP_DELETION_EVENT parent_id=Q7Z6G8 id=Q7Z6G8-9 original_index=974 mapped_index=?
[PTM_FAIL] code=RESIDUE_MISMATCH parent_id=Q7Z6G8 id=Q7Z6G8-9 original_index=1007 mapped_index=13 original_aa=Y isoform_aa=T shift=-994 vsp_count=1
[PTM_FAIL] code=RESIDUE_MISMATCH parent_id=Q32M45 id=Q32M45-2 original_index=83 mapped_index=48 original_aa=N isoform_aa=L shift=-35 vsp_count=1
[PTM_FAIL] code=RESIDUE_MISMATCH parent_id=Q32M45 id=Q32M45-2 original_index=105 mapped_index=70 original_aa=N isoform_aa=S shift=-35 vsp_count=1
[PTM_FAIL] code=RESIDUE_MISMATCH parent_id=Q32M45 id=Q32M45-2 original_index=257 mapped_index=222 original_aa=N isoform_aa=K shift=-35 vsp_count=1
[PTM_FAIL] code=RESIDUE_MISMATCH parent_id=Q32M45 id=Q32M45-2 original_index=288 mapped_index=253 original_aa=N isoform_aa=T shift=-35 vsp_count=1
[PTM_FAIL] code=RESIDUE_MISMATCH parent_id=O75179 id=O75179-2 original_index=1457 mapped_index=1456 original_aa=S isoform_aa=A shift=-1 vsp_count=1
[PTM_FAIL] code=RESIDUE_MISMATCH parent_id=O75179 id=O75179-2 original_index=1635 mapped_index=1634 original_aa=S isoform_aa=K shift=-1 vsp_count=1
[PTM_FAIL] code=RESIDUE_MISMATCH parent_id=O75179 id=O75179-2 original_index=1639 mapped_index=1638 original_aa=S isoform_aa=H shift=-1 vsp_count=1
[PTM_FAIL] code=RESIDUE_MISMATCH parent_id=O75179 id=O75179-2 original_index=1696 mapped_index=1695 original_aa=S isoform_aa=P shift=-1 vsp_count=1
[PTM_FAIL] code=RESIDUE_MISMATCH parent_id=O75179 id=O75179-2 original_index=1709 mapped_index=1708 original_aa=S isoform_aa=A shift=-1 vsp_count=1
[PTM_FAIL] code=RESIDUE_MISMATCH parent_id=O75179 id=O75179-2 original_index=1874 mapped_index=1873 original_aa=R isoform_aa=V shift=-1 vsp_count=1
[PTM_FAIL] code=RESIDUE_MISMATCH parent_id=O75179 id=O75179-2 original_index=2044 mapped_index=2043 original_aa=S isoform_aa=P shift=-1 vsp_count=1
[PTM_FAIL] code=RESIDUE_MISMATCH parent_id=O75179 id=O75179-2 original_index=2047 mapped_index=2046 original_aa=S isoform_aa=P shift=-1 vsp_count=1
[PTM_FAIL] code=RESIDUE_MISMATCH parent_id=O75179 id=O75179-2 original_index=2059 mapped_index=2058 original_aa=S isoform_aa=N shift=-1 vsp_count=1
[PTM_FAIL] code=RESIDUE_MISMATCH parent_id=O75179 id=O75179-2 original_index=2067 mapped_index=2066 original_aa=S isoform_aa=A shift=-1 vsp_count=1
[PTM_FAIL] code=RESIDUE_MISMATCH parent_id=O75179 id=O75179-2 original_index=2373 mapped_index=2372 original_aa=S isoform_aa=F shift=-1 vsp_count=1
[PTM_FAIL] code=RESIDUE_MISMATCH parent_id=O75179 id=O75179-2 original_index=2401 mapped_index=2400 original_aa=S isoform_aa=P shift=-1 vsp_count=1
[PTM_FAIL] code=VSP_DELETION_EVENT parent_id=O75179 id=O75179-6 original_index=803 mapped_index=?
[PTM_FAIL] code=RESIDUE_MISMATCH parent_id=O75179 id=O75179-6 original_index=1457 mapped_index=1206 original_aa=S isoform_aa=G shift=-251 vsp_count=1
[PTM_FAIL] code=RESIDUE_MISMATCH parent_id=O75179 id=O75179-6 original_index=1635 mapped_index=1384 original_aa=S isoform_aa=N shift=-251 vsp_count=1
[PTM_FAIL] code=RESIDUE_MISMATCH parent_id=O75179 id=O75179-6 original_index=1639 mapped_index=1388 original_aa=S isoform_aa=T shift=-251 vsp_count=1
[PTM_FAIL] code=RESIDUE_MISMATCH parent_id=O75179 id=O75179-6 original_index=1696 mapped_index=1445 original_aa=S isoform_aa=K shift=-251 vsp_count=1
[PTM_FAIL] code=RESIDUE_MISMATCH parent_id=O75179 id=O75179-6 original_index=1700 mapped_index=1449 original_aa=S isoform_aa=A shift=-251 vsp_count=1
[PTM_FAIL] code=RESIDUE_MISMATCH parent_id=O75179 id=O75179-6 original_index=1709 mapped_index=1458 original_aa=S isoform_aa=I shift=-251 vsp_count=1
[PTM_FAIL] code=RESIDUE_MISMATCH parent_id=O75179 id=O75179-6 original_index=1874 mapped_index=1623 original_aa=R isoform_aa=S shift=-251 vsp_count=1
[PTM_FAIL] code=RESIDUE_MISMATCH parent_id=O75179 id=O75179-6 original_index=2042 mapped_index=1791 original_aa=S isoform_aa=A shift=-251 vsp_count=1
[PTM_FAIL] code=RESIDUE_MISMATCH parent_id=O75179 id=O75179-6 original_index=2044 mapped_index=1793 original_aa=S isoform_aa=I shift=-251 vsp_count=1
[PTM_FAIL] code=RESIDUE_MISMATCH parent_id=O75179 id=O75179-6 original_index=2045 mapped_index=1794 original_aa=S isoform_aa=K shift=-251 vsp_count=1
[PTM_FAIL] code=RESIDUE_MISMATCH parent_id=O75179 id=O75179-6 original_index=2047 mapped_index=1796 original_aa=S isoform_aa=P shift=-251 vsp_count=1
[PTM_FAIL] code=RESIDUE_MISMATCH parent_id=O75179 id=O75179-6 original_index=2059 mapped_index=1808 original_aa=S isoform_aa=R shift=-251 vsp_count=1
[PTM_FAIL] code=RESIDUE_MISMATCH parent_id=O75179 id=O75179-6 original_index=2373 mapped_index=2122 original_aa=S isoform_aa=P shift=-251 vsp_count=1
[PTM_FAIL] code=RESIDUE_MISMATCH parent_id=O75179 id=O75179-6 original_index=2401 mapped_index=2150 original_aa=S isoform_aa=P shift=-251 vsp_count=1
[PTM_FAIL] code=VSP_UNRESOLVABLE parent_id=O75179 id=O75179-7 original_index=19 mapped_index=?
[PTM_FAIL] code=VSP_UNRESOLVABLE parent_id=O75179 id=O75179-7 original_index=50 mapped_index=?
[PTM_FAIL] code=RESIDUE_MISMATCH parent_id=O75179 id=O75179-7 original_index=803 mapped_index=690 original_aa=S isoform_aa=P shift=-113 vsp_count=1
[PTM_FAIL] code=RESIDUE_MISMATCH parent_id=O75179 id=O75179-7 original_index=1457 mapped_index=1344 original_aa=S isoform_aa=A shift=-113 vsp_count=1
[PTM_FAIL] code=RESIDUE_MISMATCH parent_id=O75179 id=O75179-7 original_index=1635 mapped_index=1522 original_aa=S isoform_aa=K shift=-113 vsp_count=1
[PTM_FAIL] code=RESIDUE_MISMATCH parent_id=O75179 id=O75179-7 original_index=1639 mapped_index=1526 original_aa=S isoform_aa=E shift=-113 vsp_count=1
[PTM_FAIL] code=RESIDUE_MISMATCH parent_id=O75179 id=O75179-7 original_index=1696 mapped_index=1583 original_aa=S isoform_aa=I shift=-113 vsp_count=1
[PTM_FAIL] code=RESIDUE_MISMATCH parent_id=O75179 id=O75179-7 original_index=1700 mapped_index=1587 original_aa=S isoform_aa=D shift=-113 vsp_count=1
[PTM_FAIL] code=RESIDUE_MISMATCH parent_id=O75179 id=O75179-7 original_index=1709 mapped_index=1596 original_aa=S isoform_aa=P shift=-113 vsp_count=1
[PTM_FAIL] code=RESIDUE_MISMATCH parent_id=O75179 id=O75179-7 original_index=1874 mapped_index=1761 original_aa=R isoform_aa=I shift=-113 vsp_count=1
[PTM_FAIL] code=RESIDUE_MISMATCH parent_id=O75179 id=O75179-7 original_index=2042 mapped_index=1929 original_aa=S isoform_aa=V shift=-113 vsp_count=1
[PTM_FAIL] code=RESIDUE_MISMATCH parent_id=O75179 id=O75179-7 original_index=2044 mapped_index=1931 original_aa=S isoform_aa=P shift=-113 vsp_count=1
[PTM_FAIL] code=RESIDUE_MISMATCH parent_id=O75179 id=O75179-7 original_index=2045 mapped_index=1932 original_aa=S isoform_aa=L shift=-113 vsp_count=1
[PTM_FAIL] code=RESIDUE_MISMATCH parent_id=O75179 id=O75179-7 original_index=2047 mapped_index=1934 original_aa=S isoform_aa=P shift=-113 vsp_count=1
[PTM_FAIL] code=RESIDUE_MISMATCH parent_id=O75179 id=O75179-7 original_index=2059 mapped_index=1946 original_aa=S isoform_aa=V shift=-113 vsp_count=1
[PTM_FAIL] code=RESIDUE_MISMATCH parent_id=O75179 id=O75179-7 original_index=2373 mapped_index=2260 original_aa=S isoform_aa=N shift=-113 vsp_count=1
[PTM_FAIL] code=RESIDUE_MISMATCH parent_id=O75179 id=O75179-7 original_index=318 mapped_index=205 original_aa=K isoform_aa=T shift=-113 vsp_count=1
[PTM_FAIL] code=RESIDUE_MISMATCH parent_id=O15084 id=O15084-2 original_index=1007 mapped_index=853 original_aa=S isoform_aa=D shift=-154 vsp_count=1
[PTM_FAIL] code=RESIDUE_MISMATCH parent_id=O15084 id=O15084-2 original_index=1011 mapped_index=857 original_aa=S isoform_aa=K shift=-154 vsp_count=1
[PTM_FAIL] code=RESIDUE_MISMATCH parent_id=O15084 id=O15084-1 original_index=1007 mapped_index=1040 original_aa=S isoform_aa=T shift=33 vsp_count=1
[PTM_FAIL] code=RESIDUE_MISMATCH parent_id=O15084 id=O15084-1 original_index=1011 mapped_index=1044 original_aa=S isoform_aa=E shift=33 vsp_count=1
[PTM_FAIL] code=RESIDUE_MISMATCH parent_id=O15084 id=O15084-4 original_index=1007 mapped_index=1037 original_aa=S isoform_aa=Y shift=30 vsp_count=1
[PTM_FAIL] code=RESIDUE_MISMATCH parent_id=O15084 id=O15084-4 original_index=1011 mapped_index=1041 original_aa=S isoform_aa=D shift=30 vsp_count=1
[PTM_FAIL] code=RESIDUE_MISMATCH parent_id=P50995 id=P50995-2 original_index=248 mapped_index=215 original_aa=K isoform_aa=G shift=-33 vsp_count=1
[PTM_FAIL] code=RESIDUE_MISMATCH parent_id=P50995 id=P50995-2 original_index=255 mapped_index=222 original_aa=K isoform_aa=A shift=-33 vsp_count=1
[PTM_FAIL] code=RESIDUE_MISMATCH parent_id=P50995 id=P50995-2 original_index=479 mapped_index=446 original_aa=K isoform_aa=G shift=-33 vsp_count=1
[PTM_FAIL] code=RESIDUE_MISMATCH parent_id=Q3KP44 id=Q3KP44-2 original_index=475 mapped_index=187 original_aa=S isoform_aa=D shift=-288 vsp_count=1
[PTM_FAIL] code=VSP_DELETION_EVENT parent_id=P58335 id=P58335-2 original_index=250 mapped_index=?
[PTM_FAIL] code=VSP_DELETION_EVENT parent_id=P58335 id=P58335-2 original_index=260 mapped_index=?
[PTM_FAIL] code=VSP_DELETION_EVENT parent_id=P08133 id=P08133-2 original_index=2 mapped_index=?
[PTM_FAIL] code=VSP_DELETION_EVENT parent_id=P08133 id=P08133-2 original_index=13 mapped_index=?
[PTM_FAIL] code=VSP_DELETION_EVENT parent_id=P08133 id=P08133-2 original_index=30 mapped_index=?
[PTM_FAIL] code=RESIDUE_MISMATCH parent_id=P08133 id=P08133-2 original_index=63 mapped_index=31 original_aa=K isoform_aa=T shift=-32 vsp_count=1
[PTM_FAIL] code=RESIDUE_MISMATCH parent_id=P08133 id=P08133-2 original_index=68 mapped_index=36 original_aa=K isoform_aa=F shift=-32 vsp_count=1
[PTM_FAIL] code=RESIDUE_MISMATCH parent_id=P08133 id=P08133-2 original_index=75 mapped_index=43 original_aa=K isoform_aa=I shift=-32 vsp_count=1
[PTM_FAIL] code=RESIDUE_MISMATCH parent_id=P08133 id=P08133-2 original_index=81 mapped_index=49 original_aa=K isoform_aa=S shift=-32 vsp_count=1
[PTM_FAIL] code=RESIDUE_MISMATCH parent_id=P08133 id=P08133-2 original_index=201 mapped_index=169 original_aa=Y isoform_aa=D shift=-32 vsp_count=1
[PTM_FAIL] code=RESIDUE_MISMATCH parent_id=P08133 id=P08133-2 original_index=306 mapped_index=274 original_aa=K isoform_aa=L shift=-32 vsp_count=1
[PTM_FAIL] code=RESIDUE_MISMATCH parent_id=P08133 id=P08133-2 original_index=370 mapped_index=338 original_aa=K isoform_aa=V shift=-32 vsp_count=1
[PTM_FAIL] code=RESIDUE_MISMATCH parent_id=P08133 id=P08133-2 original_index=418 mapped_index=386 original_aa=K isoform_aa=I shift=-32 vsp_count=1
[PTM_FAIL] code=RESIDUE_MISMATCH parent_id=P08133 id=P08133-2 original_index=422 mapped_index=390 original_aa=S isoform_aa=I shift=-32 vsp_count=1
[PTM_FAIL] code=RESIDUE_MISMATCH parent_id=P08133 id=P08133-2 original_index=483 mapped_index=451 original_aa=K isoform_aa=A shift=-32 vsp_count=1
[PTM_FAIL] code=RESIDUE_MISMATCH parent_id=P08133 id=P08133-2 original_index=537 mapped_index=505 original_aa=S isoform_aa=A shift=-32 vsp_count=1
[PTM_FAIL] code=RESIDUE_MISMATCH parent_id=P08133 id=P08133-2 original_index=620 mapped_index=588 original_aa=K isoform_aa=D shift=-32 vsp_count=1
[PTM_FAIL] code=VSP_DELETION_EVENT parent_id=P28039 id=P28039-2 original_index=59 mapped_index=?
[PTM_FAIL] code=RESIDUE_MISMATCH parent_id=P28039 id=P28039-2 original_index=207 mapped_index=175 original_aa=N isoform_aa=A shift=-32 vsp_count=1
[PTM_FAIL] code=RESIDUE_MISMATCH parent_id=P28039 id=P28039-2 original_index=409 mapped_index=377 original_aa=N isoform_aa=S shift=-32 vsp_count=1
[PTM_FAIL] code=RESIDUE_MISMATCH parent_id=P28039 id=P28039-2 original_index=466 mapped_index=434 original_aa=N isoform_aa=P shift=-32 vsp_count=1
[PTM_FAIL] code=VSP_DELETION_EVENT parent_id=P09525 id=P09525-2 original_index=2 mapped_index=?
[PTM_FAIL] code=VSP_DELETION_EVENT parent_id=P09525 id=P09525-2 original_index=7 mapped_index=?
[PTM_FAIL] code=VSP_DELETION_EVENT parent_id=P09525 id=P09525-2 original_index=12 mapped_index=?
[PTM_FAIL] code=RESIDUE_MISMATCH parent_id=P09525 id=P09525-2 original_index=213 mapped_index=131 original_aa=K isoform_aa=Q shift=-82 vsp_count=1
[PTM_FAIL] code=RESIDUE_MISMATCH parent_id=P09525 id=P09525-2 original_index=293 mapped_index=211 original_aa=K isoform_aa=E shift=-82 vsp_count=1
[PTM_FAIL] code=RESIDUE_MISMATCH parent_id=P09525 id=P09525-3 original_index=2 mapped_index=4 original_aa=A isoform_aa=K shift=2 vsp_count=1
[PTM_FAIL] code=RESIDUE_MISMATCH parent_id=P09525 id=P09525-3 original_index=7 mapped_index=9 original_aa=T isoform_aa=K shift=2 vsp_count=1
[PTM_FAIL] code=RESIDUE_MISMATCH parent_id=P09525 id=P09525-3 original_index=12 mapped_index=14 original_aa=S isoform_aa=F shift=2 vsp_count=1
[PTM_FAIL] code=RESIDUE_MISMATCH parent_id=P09525 id=P09525-3 original_index=213 mapped_index=215 original_aa=K isoform_aa=I shift=2 vsp_count=1
[PTM_FAIL] code=RESIDUE_MISMATCH parent_id=P09525 id=P09525-3 original_index=293 mapped_index=295 original_aa=K isoform_aa=L shift=2 vsp_count=1
[PTM_FAIL] code=RESIDUE_MISMATCH parent_id=P09525 id=P09525-3 original_index=300 mapped_index=302 original_aa=K isoform_aa=D shift=2 vsp_count=1
[PTM_FAIL] code=RESIDUE_MISMATCH parent_id=P20073 id=P20073-2 original_index=233 mapped_index=211 original_aa=K isoform_aa=V shift=-22 vsp_count=1
[PTM_FAIL] code=ISOFORM_OOB parent_id=P19801 id=P19801-2 original_index=745 mapped_index=764 isoform_len=751 shift=19 vsp_count=1 expected_len=770
[PTM_FAIL] code=VSP_DELETION_EVENT parent_id=P21397 id=P21397-2 original_index=1 mapped_index=?
[PTM_FAIL] code=RESIDUE_MISMATCH parent_id=P21397 id=P21397-2 original_index=406 mapped_index=273 original_aa=C isoform_aa=I shift=-133 vsp_count=1
[PTM_FAIL] code=RESIDUE_MISMATCH parent_id=O75106 id=O75106-2 original_index=662 mapped_index=635 original_aa=N isoform_aa=E shift=-27 vsp_count=1
[PTM_FAIL] code=RESIDUE_MISMATCH parent_id=P07355 id=P07355-2 original_index=2 mapped_index=20 original_aa=S isoform_aa=P shift=18 vsp_count=1
[PTM_FAIL] code=RESIDUE_MISMATCH parent_id=P07355 id=P07355-2 original_index=24 mapped_index=42 original_aa=Y isoform_aa=I shift=18 vsp_count=1
[PTM_FAIL] code=RESIDUE_MISMATCH parent_id=P07355 id=P07355-2 original_index=26 mapped_index=44 original_aa=S isoform_aa=T shift=18 vsp_count=1
[PTM_FAIL] code=RESIDUE_MISMATCH parent_id=P07355 id=P07355-2 original_index=49 mapped_index=67 original_aa=K isoform_aa=Q shift=18 vsp_count=1
[PTM_FAIL] code=RESIDUE_MISMATCH parent_id=P07355 id=P07355-2 original_index=152 mapped_index=170 original_aa=K isoform_aa=L shift=18 vsp_count=1
[PTM_FAIL] code=RESIDUE_MISMATCH parent_id=P07355 id=P07355-2 original_index=184 mapped_index=202 original_aa=S isoform_aa=G shift=18 vsp_count=1
[PTM_FAIL] code=RESIDUE_MISMATCH parent_id=P07355 id=P07355-2 original_index=199 mapped_index=217 original_aa=Y isoform_aa=M shift=18 vsp_count=1
[PTM_FAIL] code=RESIDUE_MISMATCH parent_id=P07355 id=P07355-2 original_index=227 mapped_index=245 original_aa=K isoform_aa=R shift=18 vsp_count=1
[PTM_FAIL] code=RESIDUE_MISMATCH parent_id=P07355 id=P07355-2 original_index=49 mapped_index=67 original_aa=K isoform_aa=Q shift=18 vsp_count=1
[PTM_FAIL] code=RESIDUE_MISMATCH parent_id=P07355 id=P07355-2 original_index=49 mapped_index=67 original_aa=K isoform_aa=Q shift=18 vsp_count=1
[PTM_FAIL] code=VSP_DELETION_EVENT parent_id=Q16853 id=Q16853-3 original_index=471 mapped_index=?
[PTM_FAIL] code=VSP_DELETION_EVENT parent_id=Q16853 id=Q16853-3 original_index=43 mapped_index=?
[PTM_FAIL] code=VSP_DELETION_EVENT parent_id=Q16853 id=Q16853-3 original_index=137 mapped_index=?
[PTM_FAIL] code=VSP_DELETION_EVENT parent_id=Q16853 id=Q16853-3 original_index=212 mapped_index=?
[PTM_FAIL] code=VSP_DELETION_EVENT parent_id=Q16853 id=Q16853-3 original_index=232 mapped_index=?
[PTM_FAIL] code=VSP_DELETION_EVENT parent_id=Q16853 id=Q16853-3 original_index=294 mapped_index=?
[PTM_FAIL] code=RESIDUE_MISMATCH parent_id=Q16853 id=Q16853-3 original_index=592 mapped_index=49 original_aa=N isoform_aa=Q shift=-543 vsp_count=1
[PTM_FAIL] code=RESIDUE_MISMATCH parent_id=Q16853 id=Q16853-3 original_index=618 mapped_index=75 original_aa=N isoform_aa=L shift=-543 vsp_count=1
[PTM_FAIL] code=RESIDUE_MISMATCH parent_id=Q16853 id=Q16853-3 original_index=666 mapped_index=123 original_aa=N isoform_aa=E shift=-543 vsp_count=1
[PTM_FAIL] code=RESIDUE_MISMATCH parent_id=Q16853 id=Q16853-3 original_index=679 mapped_index=136 original_aa=T isoform_aa=P shift=-543 vsp_count=1
[PTM_FAIL] code=VSP_DELETION_EVENT parent_id=O60641 id=O60641-2 original_index=296 mapped_index=?
[PTM_FAIL] code=VSP_DELETION_EVENT parent_id=O60641 id=O60641-2 original_index=300 mapped_index=?
[PTM_FAIL] code=VSP_DELETION_EVENT parent_id=O60641 id=O60641-2 original_index=306 mapped_index=?
[PTM_FAIL] code=VSP_DELETION_EVENT parent_id=O60641 id=O60641-2 original_index=313 mapped_index=?
[PTM_FAIL] code=VSP_DELETION_EVENT parent_id=O60641 id=O60641-2 original_index=317 mapped_index=?
[PTM_FAIL] code=VSP_DELETION_EVENT parent_id=O60641 id=O60641-2 original_index=596 mapped_index=?
[PTM_FAIL] code=VSP_DELETION_EVENT parent_id=O60641 id=O60641-2 original_index=602 mapped_index=?
[PTM_FAIL] code=VSP_DELETION_EVENT parent_id=O60641 id=O60641-2 original_index=623 mapped_index=?
[PTM_FAIL] code=VSP_DELETION_EVENT parent_id=O60641 id=O60641-2 original_index=629 mapped_index=?
[PTM_FAIL] code=VSP_DELETION_EVENT parent_id=O60641 id=O60641-2 original_index=763 mapped_index=?
[PTM_FAIL] code=VSP_DELETION_EVENT parent_id=O60641 id=O60641-2 original_index=865 mapped_index=?
[PTM_FAIL] code=VSP_DELETION_EVENT parent_id=O60641 id=O60641-2 original_index=865 mapped_index=?
[PTM_FAIL] code=VSP_DELETION_EVENT parent_id=O60641 id=O60641-2 original_index=310 mapped_index=?
[PTM_FAIL] code=RESIDUE_MISMATCH parent_id=Q63HQ0 id=Q63HQ0-2 original_index=226 mapped_index=193 original_aa=S isoform_aa=K shift=-33 vsp_count=1
[PTM_FAIL] code=RESIDUE_MISMATCH parent_id=Q63HQ0 id=Q63HQ0-2 original_index=228 mapped_index=195 original_aa=T isoform_aa=K shift=-33 vsp_count=1
[PTM_FAIL] code=RESIDUE_MISMATCH parent_id=P05549 id=P05549-5 original_index=239 mapped_index=233 original_aa=S isoform_aa=E shift=-6 vsp_count=1
[PTM_FAIL] code=VSP_UNRESOLVABLE parent_id=P05549 id=P05549-5 original_index=10 mapped_index=?
[PTM_FAIL] code=VSP_UNRESOLVABLE parent_id=P05549 id=P05549-5 original_index=10 mapped_index=?
[PTM_FAIL] code=RESIDUE_MISMATCH parent_id=P05549 id=P05549-5 original_index=177 mapped_index=171 original_aa=K isoform_aa=D shift=-6 vsp_count=1
[PTM_FAIL] code=RESIDUE_MISMATCH parent_id=P05549 id=P05549-5 original_index=184 mapped_index=178 original_aa=K isoform_aa=G shift=-6 vsp_count=1
[PTM_FAIL] code=RESIDUE_MISMATCH parent_id=P05549 id=P05549-6 original_index=239 mapped_index=235 original_aa=S isoform_aa=Q shift=-4 vsp_count=1
[PTM_FAIL] code=VSP_UNRESOLVABLE parent_id=P05549 id=P05549-6 original_index=10 mapped_index=?
[PTM_FAIL] code=VSP_UNRESOLVABLE parent_id=P05549 id=P05549-6 original_index=10 mapped_index=?
[PTM_FAIL] code=RESIDUE_MISMATCH parent_id=P05549 id=P05549-6 original_index=177 mapped_index=173 original_aa=K isoform_aa=T shift=-4 vsp_count=1
[PTM_FAIL] code=RESIDUE_MISMATCH parent_id=P05549 id=P05549-6 original_index=184 mapped_index=180 original_aa=K isoform_aa=V shift=-4 vsp_count=1
[WARN] code=ISOFORM_SEQ_MISSING parent_id=P61966 id=P61966 isoform_id=Q00382-1
[WARN] code=ISOFORM_SEQ_MISSING parent_id=P61966 id=P61966 isoform_id=Q00382-2
[PTM_FAIL] code=RESIDUE_MISMATCH parent_id=P53680 id=P53680-2 original_index=140 mapped_index=102 original_aa=S isoform_aa=D shift=-38 vsp_count=1
[PTM_FAIL] code=RESIDUE_MISMATCH parent_id=Q9BXS5 id=Q9BXS5-2 original_index=223 mapped_index=235 original_aa=T isoform_aa=D shift=12 vsp_count=1
[PTM_FAIL] code=RESIDUE_MISMATCH parent_id=P63010 id=P63010-2 original_index=737 mapped_index=751 original_aa=Y isoform_aa=T shift=14 vsp_count=1
[PTM_FAIL] code=ISOFORM_OOB parent_id=P63010 id=P63010-2 original_index=928 mapped_index=942 isoform_len=937 shift=14 vsp_count=1 expected_len=951
[PTM_FAIL] code=VSP_DELETION_EVENT parent_id=P63010 id=P63010-3 original_index=2 mapped_index=?
[PTM_FAIL] code=VSP_DELETION_EVENT parent_id=P63010 id=P63010-3 original_index=4 mapped_index=?
[PTM_FAIL] code=RESIDUE_MISMATCH parent_id=P63010 id=P63010-3 original_index=265 mapped_index=208 original_aa=K isoform_aa=L shift=-57 vsp_count=1
[PTM_FAIL] code=RESIDUE_MISMATCH parent_id=P63010 id=P63010-3 original_index=737 mapped_index=680 original_aa=Y isoform_aa=S shift=-57 vsp_count=1
[PTM_FAIL] code=RESIDUE_MISMATCH parent_id=P63010 id=P63010-3 original_index=928 mapped_index=871 original_aa=Y isoform_aa=N shift=-57 vsp_count=1
[PTM_FAIL] code=RESIDUE_MISMATCH parent_id=Q96CW1 id=Q96CW1-2 original_index=156 mapped_index=154 original_aa=T isoform_aa=Q shift=-2 vsp_count=1
[PTM_FAIL] code=RESIDUE_MISMATCH parent_id=O14617 id=O14617-3 original_index=632 mapped_index=463 original_aa=S isoform_aa=L shift=-169 vsp_count=1
[PTM_FAIL] code=RESIDUE_MISMATCH parent_id=O14617 id=O14617-3 original_index=636 mapped_index=467 original_aa=S isoform_aa=H shift=-169 vsp_count=1
[PTM_FAIL] code=RESIDUE_MISMATCH parent_id=O14617 id=O14617-3 original_index=658 mapped_index=489 original_aa=S isoform_aa=C shift=-169 vsp_count=1
[PTM_FAIL] code=RESIDUE_MISMATCH parent_id=O14617 id=O14617-3 original_index=688 mapped_index=519 original_aa=S isoform_aa=Q shift=-169 vsp_count=1
[PTM_FAIL] code=RESIDUE_MISMATCH parent_id=O14617 id=O14617-3 original_index=758 mapped_index=589 original_aa=S isoform_aa=D shift=-169 vsp_count=1
[PTM_FAIL] code=RESIDUE_MISMATCH parent_id=O14617 id=O14617-3 original_index=759 mapped_index=590 original_aa=S isoform_aa=V shift=-169 vsp_count=1
[PTM_FAIL] code=RESIDUE_MISMATCH parent_id=O14617 id=O14617-3 original_index=762 mapped_index=593 original_aa=T isoform_aa=A shift=-169 vsp_count=1
[PTM_FAIL] code=RESIDUE_MISMATCH parent_id=O14617 id=O14617-3 original_index=764 mapped_index=595 original_aa=S isoform_aa=E shift=-169 vsp_count=1
[PTM_FAIL] code=RESIDUE_MISMATCH parent_id=O14617 id=O14617-3 original_index=788 mapped_index=619 original_aa=S isoform_aa=E shift=-169 vsp_count=1
[PTM_FAIL] code=RESIDUE_MISMATCH parent_id=O14617 id=O14617-3 original_index=829 mapped_index=660 original_aa=S isoform_aa=A shift=-169 vsp_count=1
[PTM_FAIL] code=RESIDUE_MISMATCH parent_id=O14617 id=O14617-3 original_index=785 mapped_index=616 original_aa=A isoform_aa=P shift=-169 vsp_count=1
[PTM_FAIL] code=RESIDUE_MISMATCH parent_id=O14617 id=O14617-3 original_index=828 mapped_index=659 original_aa=K isoform_aa=E shift=-169 vsp_count=1
[PTM_FAIL] code=RESIDUE_MISMATCH parent_id=O14617 id=O14617-3 original_index=931 mapped_index=762 original_aa=V isoform_aa=T shift=-169 vsp_count=1
[PTM_FAIL] code=VSP_DELETION_EVENT parent_id=O14617 id=O14617-4 original_index=758 mapped_index=?
[PTM_FAIL] code=VSP_DELETION_EVENT parent_id=O14617 id=O14617-4 original_index=759 mapped_index=?
[PTM_FAIL] code=VSP_DELETION_EVENT parent_id=O14617 id=O14617-4 original_index=762 mapped_index=?
[PTM_FAIL] code=VSP_DELETION_EVENT parent_id=O14617 id=O14617-4 original_index=764 mapped_index=?
[PTM_FAIL] code=VSP_DELETION_EVENT parent_id=O14617 id=O14617-4 original_index=788 mapped_index=?
[PTM_FAIL] code=VSP_DELETION_EVENT parent_id=O14617 id=O14617-4 original_index=829 mapped_index=?
[PTM_FAIL] code=VSP_DELETION_EVENT parent_id=O14617 id=O14617-4 original_index=785 mapped_index=?
[PTM_FAIL] code=VSP_DELETION_EVENT parent_id=O14617 id=O14617-4 original_index=828 mapped_index=?
[PTM_FAIL] code=RESIDUE_MISMATCH parent_id=O14617 id=O14617-4 original_index=931 mapped_index=799 original_aa=V isoform_aa=Y shift=-132 vsp_count=1
[PTM_FAIL] code=RESIDUE_MISMATCH parent_id=O14617 id=O14617-5 original_index=931 mapped_index=993 original_aa=V isoform_aa=Q shift=62 vsp_count=1
[PTM_FAIL] code=RESIDUE_MISMATCH parent_id=O00203 id=O00203-3 original_index=276 mapped_index=227 original_aa=S isoform_aa=R shift=-49 vsp_count=1
[PTM_FAIL] code=RESIDUE_MISMATCH parent_id=O00203 id=O00203-3 original_index=609 mapped_index=560 original_aa=S isoform_aa=N shift=-49 vsp_count=1
[PTM_FAIL] code=RESIDUE_MISMATCH parent_id=O00203 id=O00203-3 original_index=750 mapped_index=701 original_aa=S isoform_aa=G shift=-49 vsp_count=1
[PTM_FAIL] code=RESIDUE_MISMATCH parent_id=O00203 id=O00203-3 original_index=752 mapped_index=703 original_aa=S isoform_aa=Q shift=-49 vsp_count=1
[PTM_FAIL] code=RESIDUE_MISMATCH parent_id=Q92481 id=Q92481-2 original_index=258 mapped_index=267 original_aa=S isoform_aa=L shift=9 vsp_count=1
[PTM_FAIL] code=VSP_DELETION_EVENT parent_id=Q13367 id=Q13367-2 original_index=272 mapped_index=?
[PTM_FAIL] code=VSP_DELETION_EVENT parent_id=Q13367 id=Q13367-2 original_index=282 mapped_index=?
[PTM_FAIL] code=RESIDUE_MISMATCH parent_id=Q13367 id=Q13367-3 original_index=272 mapped_index=240 original_aa=S isoform_aa=I shift=-32 vsp_count=1
[PTM_FAIL] code=RESIDUE_MISMATCH parent_id=Q13367 id=Q13367-3 original_index=282 mapped_index=250 original_aa=S isoform_aa=Q shift=-32 vsp_count=1
[PTM_FAIL] code=RESIDUE_MISMATCH parent_id=Q92754 id=Q92754-2 original_index=252 mapped_index=83 original_aa=S isoform_aa=Y shift=-169 vsp_count=1
[PTM_FAIL] code=RESIDUE_MISMATCH parent_id=Q92754 id=Q92754-2 original_index=434 mapped_index=265 original_aa=S isoform_aa=V shift=-169 vsp_count=1
[PTM_FAIL] code=VSP_DELETION_EVENT parent_id=Q92754 id=Q92754-2 original_index=10 mapped_index=?
[PTM_FAIL] code=RESIDUE_MISMATCH parent_id=Q9UPM8 id=Q9UPM8-2 original_index=700 mapped_index=625 original_aa=S isoform_aa=L shift=-75 vsp_count=1
[PTM_FAIL] code=RESIDUE_MISMATCH parent_id=Q9UPM8 id=Q9UPM8-2 original_index=857 mapped_index=782 original_aa=S isoform_aa=L shift=-75 vsp_count=1
[PTM_FAIL] code=RESIDUE_MISMATCH parent_id=Q02410 id=Q02410-2 original_index=568 mapped_index=557 original_aa=S isoform_aa=L shift=-11 vsp_count=1
[PTM_FAIL] code=RESIDUE_MISMATCH parent_id=O00213 id=O00213-2 original_index=517 mapped_index=515 original_aa=S isoform_aa=G shift=-2 vsp_count=1
[PTM_FAIL] code=RESIDUE_MISMATCH parent_id=O00213 id=O00213-2 original_index=547 mapped_index=545 original_aa=Y isoform_aa=V shift=-2 vsp_count=1
[PTM_FAIL] code=RESIDUE_MISMATCH parent_id=O00213 id=O00213-2 original_index=610 mapped_index=608 original_aa=S isoform_aa=F shift=-2 vsp_count=1
[PTM_FAIL] code=RESIDUE_MISMATCH parent_id=O00213 id=O00213-2 original_index=701 mapped_index=699 original_aa=K isoform_aa=S shift=-2 vsp_count=1
[PTM_FAIL] code=VSP_DELETION_EVENT parent_id=O00213 id=O00213-4 original_index=204 mapped_index=?
[PTM_FAIL] code=RESIDUE_MISMATCH parent_id=O00213 id=O00213-4 original_index=459 mapped_index=200 original_aa=S isoform_aa=R shift=-259 vsp_count=1
[PTM_FAIL] code=RESIDUE_MISMATCH parent_id=O00213 id=O00213-4 original_index=517 mapped_index=258 original_aa=S isoform_aa=G shift=-259 vsp_count=1
[PTM_FAIL] code=RESIDUE_MISMATCH parent_id=O00213 id=O00213-4 original_index=547 mapped_index=288 original_aa=Y isoform_aa=P shift=-259 vsp_count=1
[PTM_FAIL] code=RESIDUE_MISMATCH parent_id=O00213 id=O00213-4 original_index=610 mapped_index=351 original_aa=S isoform_aa=L shift=-259 vsp_count=1
[PTM_FAIL] code=RESIDUE_MISMATCH parent_id=O00213 id=O00213-4 original_index=701 mapped_index=442 original_aa=K isoform_aa=L shift=-259 vsp_count=1
[PTM_FAIL] code=VSP_UNRESOLVABLE parent_id=O00213 id=O00213-6 original_index=204 mapped_index=?
[PTM_FAIL] code=RESIDUE_MISMATCH parent_id=O00213 id=O00213-6 original_index=459 mapped_index=224 original_aa=S isoform_aa=W shift=-235 vsp_count=1
[PTM_FAIL] code=RESIDUE_MISMATCH parent_id=O00213 id=O00213-6 original_index=517 mapped_index=282 original_aa=S isoform_aa=P shift=-235 vsp_count=1
[PTM_FAIL] code=RESIDUE_MISMATCH parent_id=O00213 id=O00213-6 original_index=547 mapped_index=312 original_aa=Y isoform_aa=E shift=-235 vsp_count=1
[PTM_FAIL] code=RESIDUE_MISMATCH parent_id=O00213 id=O00213-6 original_index=610 mapped_index=375 original_aa=S isoform_aa=L shift=-235 vsp_count=1
[PTM_FAIL] code=RESIDUE_MISMATCH parent_id=O00213 id=O00213-6 original_index=701 mapped_index=466 original_aa=K isoform_aa=A shift=-235 vsp_count=1
[PTM_FAIL] code=RESIDUE_MISMATCH parent_id=O95996 id=O95996-2 original_index=1585 mapped_index=1311 original_aa=S isoform_aa=A shift=-274 vsp_count=1
[PTM_FAIL] code=RESIDUE_MISMATCH parent_id=O95996 id=O95996-2 original_index=1587 mapped_index=1313 original_aa=S isoform_aa=L shift=-274 vsp_count=1
[PTM_FAIL] code=RESIDUE_MISMATCH parent_id=O95996 id=O95996-3 original_index=1587 mapped_index=1586 original_aa=S isoform_aa=L shift=-1 vsp_count=1
[PTM_FAIL] code=VSP_DELETION_EVENT parent_id=Q92870 id=Q92870-3 original_index=123 mapped_index=?
[PTM_FAIL] code=VSP_DELETION_EVENT parent_id=Q92870 id=Q92870-3 original_index=160 mapped_index=?
[PTM_FAIL] code=VSP_DELETION_EVENT parent_id=Q92870 id=Q92870-3 original_index=334 mapped_index=?
[PTM_FAIL] code=VSP_DELETION_EVENT parent_id=Q92870 id=Q92870-3 original_index=409 mapped_index=?
[PTM_FAIL] code=VSP_DELETION_EVENT parent_id=Q92870 id=Q92870-3 original_index=412 mapped_index=?
[PTM_FAIL] code=RESIDUE_MISMATCH parent_id=Q92870 id=Q92870-4 original_index=334 mapped_index=335 original_aa=S isoform_aa=L shift=1 vsp_count=1
[PTM_FAIL] code=RESIDUE_MISMATCH parent_id=Q92870 id=Q92870-4 original_index=409 mapped_index=410 original_aa=S isoform_aa=I shift=1 vsp_count=1
[PTM_FAIL] code=RESIDUE_MISMATCH parent_id=Q92870 id=Q92870-4 original_index=412 mapped_index=413 original_aa=S isoform_aa=D shift=1 vsp_count=1
[PTM_FAIL] code=RESIDUE_MISMATCH parent_id=Q9UJX5 id=Q9UJX5-3 original_index=469 mapped_index=470 original_aa=Y isoform_aa=F shift=1 vsp_count=1
[PTM_FAIL] code=RESIDUE_MISMATCH parent_id=Q9UJX5 id=Q9UJX5-3 original_index=758 mapped_index=759 original_aa=S isoform_aa=D shift=1 vsp_count=1
[PTM_FAIL] code=RESIDUE_MISMATCH parent_id=Q9UJX5 id=Q9UJX5-3 original_index=777 mapped_index=778 original_aa=S isoform_aa=E shift=1 vsp_count=1
[PTM_FAIL] code=RESIDUE_MISMATCH parent_id=Q9UJX5 id=Q9UJX5-3 original_index=779 mapped_index=780 original_aa=S isoform_aa=E shift=1 vsp_count=1
[PTM_FAIL] code=RESIDUE_MISMATCH parent_id=Q9UJX5 id=Q9UJX5-3 original_index=772 mapped_index=773 original_aa=K isoform_aa=E shift=1 vsp_count=1
[PTM_FAIL] code=RESIDUE_MISMATCH parent_id=Q9UJX5 id=Q9UJX5-3 original_index=798 mapped_index=799 original_aa=K isoform_aa=V shift=1 vsp_count=1
[PTM_FAIL] code=RESIDUE_MISMATCH parent_id=P25054 id=P25054-2 original_index=748 mapped_index=647 original_aa=S isoform_aa=A shift=-101 vsp_count=1
[PTM_FAIL] code=RESIDUE_MISMATCH parent_id=P25054 id=P25054-2 original_index=780 mapped_index=679 original_aa=S isoform_aa=N shift=-101 vsp_count=1
[PTM_FAIL] code=RESIDUE_MISMATCH parent_id=P25054 id=P25054-2 original_index=908 mapped_index=807 original_aa=S isoform_aa=D shift=-101 vsp_count=1
[PTM_FAIL] code=RESIDUE_MISMATCH parent_id=P25054 id=P25054-2 original_index=987 mapped_index=886 original_aa=S isoform_aa=Q shift=-101 vsp_count=1
[PTM_FAIL] code=RESIDUE_MISMATCH parent_id=P25054 id=P25054-2 original_index=1038 mapped_index=937 original_aa=S isoform_aa=F shift=-101 vsp_count=1
[PTM_FAIL] code=RESIDUE_MISMATCH parent_id=P25054 id=P25054-2 original_index=1042 mapped_index=941 original_aa=S isoform_aa=E shift=-101 vsp_count=1
[PTM_FAIL] code=RESIDUE_MISMATCH parent_id=P25054 id=P25054-2 original_index=1360 mapped_index=1259 original_aa=S isoform_aa=I shift=-101 vsp_count=1
[PTM_FAIL] code=RESIDUE_MISMATCH parent_id=P25054 id=P25054-2 original_index=1371 mapped_index=1270 original_aa=S isoform_aa=C shift=-101 vsp_count=1
[PTM_FAIL] code=RESIDUE_MISMATCH parent_id=P25054 id=P25054-2 original_index=1385 mapped_index=1284 original_aa=S isoform_aa=E shift=-101 vsp_count=1
[PTM_FAIL] code=RESIDUE_MISMATCH parent_id=P25054 id=P25054-2 original_index=1392 mapped_index=1291 original_aa=S isoform_aa=Q shift=-101 vsp_count=1
[PTM_FAIL] code=RESIDUE_MISMATCH parent_id=P25054 id=P25054-2 original_index=1395 mapped_index=1294 original_aa=S isoform_aa=Q shift=-101 vsp_count=1
[PTM_FAIL] code=RESIDUE_MISMATCH parent_id=P25054 id=P25054-2 original_index=1438 mapped_index=1337 original_aa=T isoform_aa=L shift=-101 vsp_count=1
[PTM_FAIL] code=RESIDUE_MISMATCH parent_id=P25054 id=P25054-2 original_index=1567 mapped_index=1466 original_aa=S isoform_aa=G shift=-101 vsp_count=1
[PTM_FAIL] code=RESIDUE_MISMATCH parent_id=P25054 id=P25054-2 original_index=1774 mapped_index=1673 original_aa=S isoform_aa=E shift=-101 vsp_count=1
[PTM_FAIL] code=RESIDUE_MISMATCH parent_id=P25054 id=P25054-2 original_index=1861 mapped_index=1760 original_aa=S isoform_aa=P shift=-101 vsp_count=1
[PTM_FAIL] code=RESIDUE_MISMATCH parent_id=P25054 id=P25054-2 original_index=1863 mapped_index=1762 original_aa=S isoform_aa=K shift=-101 vsp_count=1
[PTM_FAIL] code=RESIDUE_MISMATCH parent_id=P25054 id=P25054-2 original_index=1864 mapped_index=1763 original_aa=S isoform_aa=N shift=-101 vsp_count=1
[PTM_FAIL] code=RESIDUE_MISMATCH parent_id=P25054 id=P25054-2 original_index=1971 mapped_index=1870 original_aa=S isoform_aa=D shift=-101 vsp_count=1
[PTM_FAIL] code=RESIDUE_MISMATCH parent_id=P25054 id=P25054-2 original_index=1973 mapped_index=1872 original_aa=S isoform_aa=V shift=-101 vsp_count=1
[PTM_FAIL] code=RESIDUE_MISMATCH parent_id=P25054 id=P25054-2 original_index=2088 mapped_index=1987 original_aa=S isoform_aa=I shift=-101 vsp_count=1
[PTM_FAIL] code=RESIDUE_MISMATCH parent_id=P25054 id=P25054-2 original_index=2093 mapped_index=1992 original_aa=S isoform_aa=P shift=-101 vsp_count=1
[PTM_FAIL] code=RESIDUE_MISMATCH parent_id=P25054 id=P25054-2 original_index=2125 mapped_index=2024 original_aa=S isoform_aa=N shift=-101 vsp_count=1
[PTM_FAIL] code=RESIDUE_MISMATCH parent_id=P25054 id=P25054-2 original_index=2151 mapped_index=2050 original_aa=T isoform_aa=K shift=-101 vsp_count=1
[PTM_FAIL] code=RESIDUE_MISMATCH parent_id=P25054 id=P25054-2 original_index=2260 mapped_index=2159 original_aa=S isoform_aa=F shift=-101 vsp_count=1
[PTM_FAIL] code=RESIDUE_MISMATCH parent_id=P25054 id=P25054-2 original_index=2270 mapped_index=2169 original_aa=S isoform_aa=K shift=-101 vsp_count=1
[PTM_FAIL] code=RESIDUE_MISMATCH parent_id=P25054 id=P25054-2 original_index=2283 mapped_index=2182 original_aa=S isoform_aa=E shift=-101 vsp_count=1
[PTM_FAIL] code=RESIDUE_MISMATCH parent_id=P25054 id=P25054-2 original_index=2473 mapped_index=2372 original_aa=S isoform_aa=Q shift=-101 vsp_count=1
[PTM_FAIL] code=RESIDUE_MISMATCH parent_id=P25054 id=P25054-2 original_index=2535 mapped_index=2434 original_aa=S isoform_aa=R shift=-101 vsp_count=1
[PTM_FAIL] code=RESIDUE_MISMATCH parent_id=P25054 id=P25054-2 original_index=2674 mapped_index=2573 original_aa=S isoform_aa=I shift=-101 vsp_count=1
[PTM_FAIL] code=RESIDUE_MISMATCH parent_id=P25054 id=P25054-2 original_index=2679 mapped_index=2578 original_aa=T isoform_aa=S shift=-101 vsp_count=1
[PTM_FAIL] code=RESIDUE_MISMATCH parent_id=P25054 id=P25054-2 original_index=2710 mapped_index=2609 original_aa=S isoform_aa=K shift=-101 vsp_count=1
[PTM_FAIL] code=RESIDUE_MISMATCH parent_id=P25054 id=P25054-2 original_index=2724 mapped_index=2623 original_aa=S isoform_aa=T shift=-101 vsp_count=1
[PTM_FAIL] code=RESIDUE_MISMATCH parent_id=P25054 id=P25054-2 original_index=2789 mapped_index=2688 original_aa=S isoform_aa=E shift=-101 vsp_count=1
[PTM_FAIL] code=RESIDUE_MISMATCH parent_id=Q9BZZ5 id=Q9BZZ5-6 original_index=251 mapped_index=240 original_aa=K isoform_aa=Q shift=-11 vsp_count=1
[PTM_FAIL] code=RESIDUE_MISMATCH parent_id=Q9BZZ5 id=Q9BZZ5-6 original_index=399 mapped_index=388 original_aa=T isoform_aa=I shift=-11 vsp_count=1
[PTM_FAIL] code=RESIDUE_MISMATCH parent_id=Q9BZZ5 id=Q9BZZ5-6 original_index=462 mapped_index=451 original_aa=S isoform_aa=I shift=-11 vsp_count=1
[PTM_FAIL] code=RESIDUE_MISMATCH parent_id=Q9BZZ5 id=Q9BZZ5-6 original_index=464 mapped_index=453 original_aa=S isoform_aa=Q shift=-11 vsp_count=1
[PTM_FAIL] code=RESIDUE_MISMATCH parent_id=Q9BZZ5 id=Q9BZZ5-6 original_index=469 mapped_index=458 original_aa=S isoform_aa=E shift=-11 vsp_count=1
[PTM_FAIL] code=RESIDUE_MISMATCH parent_id=Q9BZZ5 id=Q9BZZ5-6 original_index=500 mapped_index=489 original_aa=R isoform_aa=S shift=-11 vsp_count=1
[PTM_FAIL] code=RESIDUE_MISMATCH parent_id=P51693 id=P51693-2 original_index=551 mapped_index=552 original_aa=N isoform_aa=A shift=1 vsp_count=1
[PTM_FAIL] code=RESIDUE_MISMATCH parent_id=Q06481 id=Q06481-2 original_index=590 mapped_index=534 original_aa=S isoform_aa=H shift=-56 vsp_count=1
[PTM_FAIL] code=RESIDUE_MISMATCH parent_id=Q06481 id=Q06481-2 original_index=626 mapped_index=570 original_aa=S isoform_aa=A shift=-56 vsp_count=1
[PTM_FAIL] code=RESIDUE_MISMATCH parent_id=Q06481 id=Q06481-3 original_index=626 mapped_index=614 original_aa=S isoform_aa=T shift=-12 vsp_count=1
[PTM_FAIL] code=VSP_DELETION_EVENT parent_id=Q0VD83 id=Q0VD83-2 original_index=458 mapped_index=?
[PTM_FAIL] code=RESIDUE_MISMATCH parent_id=Q0VD83 id=Q0VD83-2 original_index=510 mapped_index=39 original_aa=S isoform_aa=R shift=-471 vsp_count=1
[PTM_FAIL] code=RESIDUE_MISMATCH parent_id=Q0VD83 id=Q0VD83-2 original_index=572 mapped_index=101 original_aa=T isoform_aa=W shift=-471 vsp_count=1
[PTM_FAIL] code=RESIDUE_MISMATCH parent_id=Q0VD83 id=Q0VD83-2 original_index=594 mapped_index=123 original_aa=S isoform_aa=T shift=-471 vsp_count=1
[PTM_FAIL] code=RESIDUE_MISMATCH parent_id=O95445 id=O95445-2 original_index=135 mapped_index=63 original_aa=N isoform_aa=F shift=-72 vsp_count=1
[PTM_FAIL] code=RESIDUE_MISMATCH parent_id=O14791 id=O14791-2 original_index=311 mapped_index=327 original_aa=S isoform_aa=L shift=16 vsp_count=1
[PTM_FAIL] code=RESIDUE_MISMATCH parent_id=O14791 id=O14791-2 original_index=261 mapped_index=277 original_aa=N isoform_aa=R shift=16 vsp_count=1
[PTM_FAIL] code=RESIDUE_MISMATCH parent_id=O14791 id=O14791-3 original_index=311 mapped_index=293 original_aa=S isoform_aa=L shift=-18 vsp_count=1
[PTM_FAIL] code=RESIDUE_MISMATCH parent_id=O14791 id=O14791-3 original_index=314 mapped_index=296 original_aa=S isoform_aa=V shift=-18 vsp_count=1
[PTM_FAIL] code=RESIDUE_MISMATCH parent_id=O14791 id=O14791-3 original_index=261 mapped_index=243 original_aa=N isoform_aa=L shift=-18 vsp_count=1
[PTM_FAIL] code=RESIDUE_MISMATCH parent_id=Q53RT3 id=Q53RT3-2 original_index=276 mapped_index=192 original_aa=N isoform_aa=M shift=-84 vsp_count=1
[PTM_FAIL] code=VSP_DELETION_EVENT parent_id=Q7Z2E3 id=Q7Z2E3-2 original_index=132 mapped_index=?
[PTM_FAIL] code=VSP_DELETION_EVENT parent_id=Q7Z2E3 id=Q7Z2E3-2 original_index=137 mapped_index=?
[PTM_FAIL] code=VSP_DELETION_EVENT parent_id=Q7Z2E3 id=Q7Z2E3-3 original_index=132 mapped_index=?
[PTM_FAIL] code=VSP_DELETION_EVENT parent_id=Q7Z2E3 id=Q7Z2E3-3 original_index=137 mapped_index=?
[PTM_FAIL] code=RESIDUE_MISMATCH parent_id=Q7Z2E3 id=Q7Z2E3-4 original_index=132 mapped_index=30 original_aa=S isoform_aa=R shift=-102 vsp_count=1
[PTM_FAIL] code=RESIDUE_MISMATCH parent_id=Q7Z2E3 id=Q7Z2E3-4 original_index=137 mapped_index=35 original_aa=S isoform_aa=H shift=-102 vsp_count=1
[PTM_FAIL] code=RESIDUE_MISMATCH parent_id=Q7Z2E3 id=Q7Z2E3-7 original_index=132 mapped_index=118 original_aa=S isoform_aa=A shift=-14 vsp_count=1
[PTM_FAIL] code=RESIDUE_MISMATCH parent_id=Q7Z2E3 id=Q7Z2E3-7 original_index=137 mapped_index=123 original_aa=S isoform_aa=L shift=-14 vsp_count=1
[PTM_FAIL] code=RESIDUE_MISMATCH parent_id=Q7Z2E3 id=Q7Z2E3-10 original_index=132 mapped_index=78 original_aa=S isoform_aa=N shift=-54 vsp_count=1
[PTM_FAIL] code=RESIDUE_MISMATCH parent_id=Q7Z2E3 id=Q7Z2E3-10 original_index=137 mapped_index=83 original_aa=S isoform_aa=D shift=-54 vsp_count=1
[PTM_FAIL] code=VSP_UNRESOLVABLE parent_id=P07741 id=P07741-2 original_index=135 mapped_index=?
[PTM_FAIL] code=RESIDUE_MISMATCH parent_id=P55087 id=P55087-2 original_index=111 mapped_index=89 original_aa=S isoform_aa=G shift=-22 vsp_count=1
[PTM_FAIL] code=RESIDUE_MISMATCH parent_id=P55087 id=P55087-2 original_index=180 mapped_index=158 original_aa=S isoform_aa=H shift=-22 vsp_count=1
[PTM_FAIL] code=RESIDUE_MISMATCH parent_id=P55087 id=P55087-2 original_index=276 mapped_index=254 original_aa=S isoform_aa=P shift=-22 vsp_count=1
[PTM_FAIL] code=RESIDUE_MISMATCH parent_id=P55087 id=P55087-2 original_index=285 mapped_index=263 original_aa=S isoform_aa=K shift=-22 vsp_count=1
[PTM_FAIL] code=RESIDUE_MISMATCH parent_id=P55087 id=P55087-2 original_index=289 mapped_index=267 original_aa=T isoform_aa=S shift=-22 vsp_count=1
[PTM_FAIL] code=RESIDUE_MISMATCH parent_id=P55087 id=P55087-2 original_index=321 mapped_index=299 original_aa=S isoform_aa=V shift=-22 vsp_count=1
[PTM_FAIL] code=RESIDUE_MISMATCH parent_id=P55087 id=P55087-2 original_index=153 mapped_index=131 original_aa=N isoform_aa=G shift=-22 vsp_count=1
[PTM_FAIL] code=RESIDUE_MISMATCH parent_id=P55087 id=P55087-2 original_index=206 mapped_index=184 original_aa=N isoform_aa=D shift=-22 vsp_count=1
[PTM_FAIL] code=RESIDUE_MISMATCH parent_id=P29972 id=P29972-3 original_index=253 mapped_index=202 original_aa=Y isoform_aa=I shift=-51 vsp_count=1
[PTM_FAIL] code=RESIDUE_MISMATCH parent_id=P29972 id=P29972-3 original_index=262 mapped_index=211 original_aa=S isoform_aa=I shift=-51 vsp_count=1
[PTM_FAIL] code=VSP_UNRESOLVABLE parent_id=P29972 id=P29972-3 original_index=42 mapped_index=?
[PTM_FAIL] code=RESIDUE_MISMATCH parent_id=P29972 id=P29972-3 original_index=205 mapped_index=154 original_aa=N isoform_aa=L shift=-51 vsp_count=1
[PTM_FAIL] code=RESIDUE_MISMATCH parent_id=Q3SXY8 id=Q3SXY8-2 original_index=329 mapped_index=222 original_aa=K isoform_aa=R shift=-107 vsp_count=1
[PTM_FAIL] code=RESIDUE_MISMATCH parent_id=Q3SXY8 id=Q3SXY8-3 original_index=329 mapped_index=226 original_aa=K isoform_aa=L shift=-103 vsp_count=1
[PTM_FAIL] code=ISOFORM_OOB parent_id=Q66PJ3 id=Q66PJ3-1 original_index=55 mapped_index=239 isoform_len=237 shift=184 vsp_count=1 expected_len=421
[PTM_FAIL] code=ISOFORM_OOB parent_id=Q66PJ3 id=Q66PJ3-1 original_index=148 mapped_index=332 isoform_len=237 shift=184 vsp_count=1 expected_len=421
[PTM_FAIL] code=ISOFORM_OOB parent_id=Q66PJ3 id=Q66PJ3-1 original_index=182 mapped_index=366 isoform_len=237 shift=184 vsp_count=1 expected_len=421
[PTM_FAIL] code=ISOFORM_OOB parent_id=Q66PJ3 id=Q66PJ3-1 original_index=199 mapped_index=383 isoform_len=237 shift=184 vsp_count=1 expected_len=421
[PTM_FAIL] code=RESIDUE_MISMATCH parent_id=Q66PJ3 id=Q66PJ3-7 original_index=55 mapped_index=44 original_aa=S isoform_aa=R shift=-11 vsp_count=1
[PTM_FAIL] code=RESIDUE_MISMATCH parent_id=Q66PJ3 id=Q66PJ3-7 original_index=148 mapped_index=137 original_aa=S isoform_aa=L shift=-11 vsp_count=1
[PTM_FAIL] code=RESIDUE_MISMATCH parent_id=Q66PJ3 id=Q66PJ3-7 original_index=182 mapped_index=171 original_aa=S isoform_aa=P shift=-11 vsp_count=1
[PTM_FAIL] code=RESIDUE_MISMATCH parent_id=Q66PJ3 id=Q66PJ3-7 original_index=199 mapped_index=188 original_aa=K isoform_aa=V shift=-11 vsp_count=1
[PTM_FAIL] code=VSP_DELETION_EVENT parent_id=Q66PJ3 id=Q66PJ3-9 original_index=55 mapped_index=?
[PTM_FAIL] code=RESIDUE_MISMATCH parent_id=Q66PJ3 id=Q66PJ3-9 original_index=148 mapped_index=129 original_aa=S isoform_aa=A shift=-19 vsp_count=1
[PTM_FAIL] code=RESIDUE_MISMATCH parent_id=Q66PJ3 id=Q66PJ3-9 original_index=182 mapped_index=163 original_aa=S isoform_aa=K shift=-19 vsp_count=1
[PTM_FAIL] code=RESIDUE_MISMATCH parent_id=Q66PJ3 id=Q66PJ3-9 original_index=199 mapped_index=180 original_aa=K isoform_aa=R shift=-19 vsp_count=1
[PTM_FAIL] code=VSP_DELETION_EVENT parent_id=Q6UW56 id=Q6UW56-2 original_index=44 mapped_index=?
[PTM_FAIL] code=RESIDUE_MISMATCH parent_id=Q6UW56 id=Q6UW56-2 original_index=79 mapped_index=21 original_aa=N isoform_aa=L shift=-58 vsp_count=1
[PTM_FAIL] code=RESIDUE_MISMATCH parent_id=Q6UW56 id=Q6UW56-2 original_index=157 mapped_index=99 original_aa=N isoform_aa=D shift=-58 vsp_count=1
[PTM_FAIL] code=RESIDUE_MISMATCH parent_id=Q6UW56 id=Q6UW56-2 original_index=168 mapped_index=110 original_aa=N isoform_aa=A shift=-58 vsp_count=1
[PTM_FAIL] code=RESIDUE_MISMATCH parent_id=Q6UW56 id=Q6UW56-3 original_index=44 mapped_index=99 original_aa=N isoform_aa=D shift=55 vsp_count=1
[PTM_FAIL] code=RESIDUE_MISMATCH parent_id=Q6UW56 id=Q6UW56-3 original_index=79 mapped_index=134 original_aa=N isoform_aa=I shift=55 vsp_count=1
[PTM_FAIL] code=RESIDUE_MISMATCH parent_id=Q6UW56 id=Q6UW56-3 original_index=157 mapped_index=212 original_aa=N isoform_aa=L shift=55 vsp_count=1
[PTM_FAIL] code=RESIDUE_MISMATCH parent_id=Q6UW56 id=Q6UW56-3 original_index=168 mapped_index=223 original_aa=N isoform_aa=R shift=55 vsp_count=1
[PTM_FAIL] code=RESIDUE_MISMATCH parent_id=Q96P48 id=Q96P48-3 original_index=1428 mapped_index=1417 original_aa=S isoform_aa=L shift=-11 vsp_count=1
[PTM_FAIL] code=RESIDUE_MISMATCH parent_id=Q96P48 id=Q96P48-3 original_index=1435 mapped_index=1424 original_aa=S isoform_aa=P shift=-11 vsp_count=1
[PTM_FAIL] code=VSP_DELETION_EVENT parent_id=Q96P48 id=Q96P48-4 original_index=229 mapped_index=?
[PTM_FAIL] code=VSP_DELETION_EVENT parent_id=Q96P48 id=Q96P48-4 original_index=231 mapped_index=?
[PTM_FAIL] code=RESIDUE_MISMATCH parent_id=Q96P48 id=Q96P48-4 original_index=354 mapped_index=109 original_aa=T isoform_aa=E shift=-245 vsp_count=1
[PTM_FAIL] code=RESIDUE_MISMATCH parent_id=Q96P48 id=Q96P48-4 original_index=428 mapped_index=183 original_aa=S isoform_aa=L shift=-245 vsp_count=1
[PTM_FAIL] code=RESIDUE_MISMATCH parent_id=Q96P48 id=Q96P48-4 original_index=431 mapped_index=186 original_aa=Y isoform_aa=P shift=-245 vsp_count=1
[PTM_FAIL] code=RESIDUE_MISMATCH parent_id=Q96P48 id=Q96P48-4 original_index=504 mapped_index=259 original_aa=Y isoform_aa=R shift=-245 vsp_count=1
[PTM_FAIL] code=RESIDUE_MISMATCH parent_id=Q96P48 id=Q96P48-4 original_index=738 mapped_index=493 original_aa=S isoform_aa=V shift=-245 vsp_count=1
[PTM_FAIL] code=RESIDUE_MISMATCH parent_id=Q96P48 id=Q96P48-4 original_index=1428 mapped_index=1183 original_aa=S isoform_aa=K shift=-245 vsp_count=1
[PTM_FAIL] code=RESIDUE_MISMATCH parent_id=Q96P48 id=Q96P48-4 original_index=1435 mapped_index=1190 original_aa=S isoform_aa=H shift=-245 vsp_count=1
[PTM_FAIL] code=VSP_DELETION_EVENT parent_id=P53367 id=P53367-2 original_index=69 mapped_index=?
[PTM_FAIL] code=VSP_DELETION_EVENT parent_id=P53367 id=P53367-2 original_index=79 mapped_index=?
[PTM_FAIL] code=RESIDUE_MISMATCH parent_id=P53367 id=P53367-2 original_index=132 mapped_index=100 original_aa=S isoform_aa=G shift=-32 vsp_count=1
[PTM_FAIL] code=RESIDUE_MISMATCH parent_id=P53367 id=P53367-2 original_index=361 mapped_index=329 original_aa=T isoform_aa=Q shift=-32 vsp_count=1
[PTM_FAIL] code=VSP_DELETION_EVENT parent_id=P53367 id=P53367-3 original_index=36 mapped_index=?
[PTM_FAIL] code=VSP_DELETION_EVENT parent_id=P53367 id=P53367-3 original_index=39 mapped_index=?
[PTM_FAIL] code=VSP_DELETION_EVENT parent_id=P53367 id=P53367-3 original_index=69 mapped_index=?
[PTM_FAIL] code=VSP_DELETION_EVENT parent_id=P53367 id=P53367-3 original_index=79 mapped_index=?
[PTM_FAIL] code=VSP_DELETION_EVENT parent_id=P53367 id=P53367-3 original_index=132 mapped_index=?
[PTM_FAIL] code=VSP_UNRESOLVABLE parent_id=Q8N6T3 id=Q8N6T3-3 original_index=304 mapped_index=?
[PTM_FAIL] code=VSP_UNRESOLVABLE parent_id=Q8N6T3 id=Q8N6T3-3 original_index=343 mapped_index=?
[PTM_FAIL] code=VSP_UNRESOLVABLE parent_id=Q8N6T3 id=Q8N6T3-3 original_index=346 mapped_index=?
[PTM_FAIL] code=VSP_UNRESOLVABLE parent_id=Q8N6T3 id=Q8N6T3-3 original_index=348 mapped_index=?
[PTM_FAIL] code=VSP_UNRESOLVABLE parent_id=Q8N6T3 id=Q8N6T3-3 original_index=350 mapped_index=?
[PTM_FAIL] code=VSP_UNRESOLVABLE parent_id=Q8N6T3 id=Q8N6T3-3 original_index=361 mapped_index=?
[PTM_FAIL] code=VSP_UNRESOLVABLE parent_id=Q8N6T3 id=Q8N6T3-3 original_index=363 mapped_index=?
[PTM_FAIL] code=VSP_UNRESOLVABLE parent_id=Q8N6T3 id=Q8N6T3-3 original_index=378 mapped_index=?
[PTM_FAIL] code=VSP_UNRESOLVABLE parent_id=P53365 id=P53365-2 original_index=72 mapped_index=?
[PTM_FAIL] code=VSP_UNRESOLVABLE parent_id=P53365 id=P53365-2 original_index=76 mapped_index=?
[PTM_FAIL] code=RESIDUE_MISMATCH parent_id=P53365 id=P53365-3 original_index=72 mapped_index=34 original_aa=S isoform_aa=D shift=-38 vsp_count=1
[PTM_FAIL] code=RESIDUE_MISMATCH parent_id=P53365 id=P53365-3 original_index=76 mapped_index=38 original_aa=T isoform_aa=V shift=-38 vsp_count=1
[PTM_FAIL] code=VSP_DELETION_EVENT parent_id=Q8N6H7 id=Q8N6H7-3 original_index=2 mapped_index=?
[PTM_FAIL] code=VSP_DELETION_EVENT parent_id=Q8N6H7 id=Q8N6H7-3 original_index=140 mapped_index=?
[PTM_FAIL] code=VSP_DELETION_EVENT parent_id=Q8N6H7 id=Q8N6H7-3 original_index=146 mapped_index=?
[PTM_FAIL] code=VSP_DELETION_EVENT parent_id=Q8N6H7 id=Q8N6H7-3 original_index=201 mapped_index=?
[PTM_FAIL] code=VSP_DELETION_EVENT parent_id=Q8N6H7 id=Q8N6H7-3 original_index=237 mapped_index=?
[PTM_FAIL] code=VSP_DELETION_EVENT parent_id=Q8N6H7 id=Q8N6H7-3 original_index=240 mapped_index=?
[PTM_FAIL] code=RESIDUE_MISMATCH parent_id=Q8N6H7 id=Q8N6H7-3 original_index=312 mapped_index=43 original_aa=S isoform_aa=V shift=-269 vsp_count=1
[PTM_FAIL] code=RESIDUE_MISMATCH parent_id=Q8N6H7 id=Q8N6H7-3 original_index=340 mapped_index=71 original_aa=S isoform_aa=N shift=-269 vsp_count=1
[PTM_FAIL] code=RESIDUE_MISMATCH parent_id=Q8N6H7 id=Q8N6H7-3 original_index=364 mapped_index=95 original_aa=S isoform_aa=H shift=-269 vsp_count=1
[PTM_FAIL] code=RESIDUE_MISMATCH parent_id=Q8N6H7 id=Q8N6H7-3 original_index=368 mapped_index=99 original_aa=S isoform_aa=A shift=-269 vsp_count=1
[PTM_FAIL] code=RESIDUE_MISMATCH parent_id=Q8N6H7 id=Q8N6H7-3 original_index=432 mapped_index=163 original_aa=S isoform_aa=A shift=-269 vsp_count=1
[PTM_FAIL] code=RESIDUE_MISMATCH parent_id=Q8N6H7 id=Q8N6H7-3 original_index=433 mapped_index=164 original_aa=S isoform_aa=W shift=-269 vsp_count=1
[PTM_FAIL] code=RESIDUE_MISMATCH parent_id=Q8N6H7 id=Q8N6H7-3 original_index=513 mapped_index=244 original_aa=S isoform_aa=I shift=-269 vsp_count=1
[PTM_FAIL] code=RESIDUE_MISMATCH parent_id=Q9HCE6 id=Q9HCE6-2 original_index=281 mapped_index=242 original_aa=S isoform_aa=K shift=-39 vsp_count=1
[PTM_FAIL] code=VSP_DELETION_EVENT parent_id=Q13795 id=Q13795-3 original_index=1 mapped_index=?
[PTM_FAIL] code=RESIDUE_MISMATCH parent_id=Q9NP61 id=Q9NP61-2 original_index=231 mapped_index=187 original_aa=S isoform_aa=N shift=-44 vsp_count=1
[PTM_FAIL] code=RESIDUE_MISMATCH parent_id=Q9NP61 id=Q9NP61-2 original_index=270 mapped_index=226 original_aa=S isoform_aa=G shift=-44 vsp_count=1
[PTM_FAIL] code=RESIDUE_MISMATCH parent_id=Q9NP61 id=Q9NP61-2 original_index=274 mapped_index=230 original_aa=S isoform_aa=G shift=-44 vsp_count=1
[PTM_FAIL] code=RESIDUE_MISMATCH parent_id=Q9NP61 id=Q9NP61-2 original_index=331 mapped_index=287 original_aa=S isoform_aa=K shift=-44 vsp_count=1
[PTM_FAIL] code=RESIDUE_MISMATCH parent_id=Q9NP61 id=Q9NP61-2 original_index=370 mapped_index=326 original_aa=S isoform_aa=T shift=-44 vsp_count=1
[PTM_FAIL] code=RESIDUE_MISMATCH parent_id=Q9NP61 id=Q9NP61-2 original_index=451 mapped_index=407 original_aa=S isoform_aa=D shift=-44 vsp_count=1
[PTM_FAIL] code=RESIDUE_MISMATCH parent_id=Q9NP61 id=Q9NP61-2 original_index=453 mapped_index=409 original_aa=S isoform_aa=E shift=-44 vsp_count=1
[PTM_FAIL] code=RESIDUE_MISMATCH parent_id=Q9NP61 id=Q9NP61-2 original_index=455 mapped_index=411 original_aa=S isoform_aa=V shift=-44 vsp_count=1
[PTM_FAIL] code=RESIDUE_MISMATCH parent_id=Q9NP61 id=Q9NP61-2 original_index=457 mapped_index=413 original_aa=S isoform_aa=N shift=-44 vsp_count=1
[PTM_FAIL] code=RESIDUE_MISMATCH parent_id=Q9NP61 id=Q9NP61-2 original_index=458 mapped_index=414 original_aa=S isoform_aa=T shift=-44 vsp_count=1
[PTM_FAIL] code=RESIDUE_MISMATCH parent_id=P05089 id=P05089-2 original_index=62 mapped_index=70 original_aa=S isoform_aa=P shift=8 vsp_count=1
[PTM_FAIL] code=RESIDUE_MISMATCH parent_id=P05089 id=P05089-2 original_index=72 mapped_index=80 original_aa=S isoform_aa=L shift=8 vsp_count=1
[PTM_FAIL] code=RESIDUE_MISMATCH parent_id=P05089 id=P05089-2 original_index=163 mapped_index=171 original_aa=S isoform_aa=A shift=8 vsp_count=1
[PTM_FAIL] code=RESIDUE_MISMATCH parent_id=P05089 id=P05089-2 original_index=217 mapped_index=225 original_aa=S isoform_aa=R shift=8 vsp_count=1
[PTM_FAIL] code=VSP_DELETION_EVENT parent_id=P05089 id=P05089-3 original_index=217 mapped_index=?
[PTM_FAIL] code=RESIDUE_MISMATCH parent_id=Q14155 id=Q14155-2 original_index=176 mapped_index=126 original_aa=S isoform_aa=V shift=-50 vsp_count=1
[PTM_FAIL] code=RESIDUE_MISMATCH parent_id=Q14155 id=Q14155-2 original_index=249 mapped_index=199 original_aa=S isoform_aa=N shift=-50 vsp_count=1
[PTM_FAIL] code=RESIDUE_MISMATCH parent_id=Q14155 id=Q14155-2 original_index=257 mapped_index=207 original_aa=S isoform_aa=K shift=-50 vsp_count=1
[PTM_FAIL] code=RESIDUE_MISMATCH parent_id=Q14155 id=Q14155-2 original_index=518 mapped_index=468 original_aa=S isoform_aa=N shift=-50 vsp_count=1
[PTM_FAIL] code=RESIDUE_MISMATCH parent_id=Q14155 id=Q14155-2 original_index=694 mapped_index=644 original_aa=S isoform_aa=P shift=-50 vsp_count=1
[PTM_FAIL] code=RESIDUE_MISMATCH parent_id=Q14155 id=Q14155-2 original_index=560 mapped_index=510 original_aa=C isoform_aa=M shift=-50 vsp_count=1
[PTM_FAIL] code=RESIDUE_MISMATCH parent_id=Q14155 id=Q14155-2 original_index=579 mapped_index=529 original_aa=V isoform_aa=T shift=-50 vsp_count=1
[PTM_FAIL] code=RESIDUE_MISMATCH parent_id=Q14155 id=Q14155-2 original_index=645 mapped_index=595 original_aa=K isoform_aa=H shift=-50 vsp_count=1
[PTM_FAIL] code=RESIDUE_MISMATCH parent_id=Q14155 id=Q14155-2 original_index=664 mapped_index=614 original_aa=S isoform_aa=A shift=-50 vsp_count=1
[PTM_FAIL] code=RESIDUE_MISMATCH parent_id=Q14155 id=Q14155-3 original_index=153 mapped_index=132 original_aa=S isoform_aa=T shift=-21 vsp_count=1
[PTM_FAIL] code=RESIDUE_MISMATCH parent_id=Q14155 id=Q14155-3 original_index=176 mapped_index=155 original_aa=S isoform_aa=D shift=-21 vsp_count=1
[PTM_FAIL] code=RESIDUE_MISMATCH parent_id=Q14155 id=Q14155-3 original_index=249 mapped_index=228 original_aa=S isoform_aa=G shift=-21 vsp_count=1
[PTM_FAIL] code=RESIDUE_MISMATCH parent_id=Q14155 id=Q14155-3 original_index=257 mapped_index=236 original_aa=S isoform_aa=N shift=-21 vsp_count=1
[PTM_FAIL] code=RESIDUE_MISMATCH parent_id=Q14155 id=Q14155-3 original_index=518 mapped_index=497 original_aa=S isoform_aa=N shift=-21 vsp_count=1
[PTM_FAIL] code=RESIDUE_MISMATCH parent_id=Q14155 id=Q14155-3 original_index=694 mapped_index=673 original_aa=S isoform_aa=L shift=-21 vsp_count=1
[PTM_FAIL] code=RESIDUE_MISMATCH parent_id=Q14155 id=Q14155-3 original_index=560 mapped_index=539 original_aa=C isoform_aa=S shift=-21 vsp_count=1
[PTM_FAIL] code=RESIDUE_MISMATCH parent_id=Q14155 id=Q14155-3 original_index=645 mapped_index=624 original_aa=K isoform_aa=P shift=-21 vsp_count=1
[PTM_FAIL] code=RESIDUE_MISMATCH parent_id=Q14155 id=Q14155-3 original_index=664 mapped_index=643 original_aa=S isoform_aa=P shift=-21 vsp_count=1
[PTM_FAIL] code=VSP_DELETION_EVENT parent_id=Q14155 id=Q14155-6 original_index=153 mapped_index=?
[PTM_FAIL] code=VSP_DELETION_EVENT parent_id=Q14155 id=Q14155-6 original_index=176 mapped_index=?
[PTM_FAIL] code=RESIDUE_MISMATCH parent_id=Q14155 id=Q14155-6 original_index=249 mapped_index=71 original_aa=S isoform_aa=R shift=-178 vsp_count=1
[PTM_FAIL] code=RESIDUE_MISMATCH parent_id=Q14155 id=Q14155-6 original_index=257 mapped_index=79 original_aa=S isoform_aa=A shift=-178 vsp_count=1
[PTM_FAIL] code=RESIDUE_MISMATCH parent_id=Q14155 id=Q14155-6 original_index=518 mapped_index=340 original_aa=S isoform_aa=P shift=-178 vsp_count=1
[PTM_FAIL] code=RESIDUE_MISMATCH parent_id=Q14155 id=Q14155-6 original_index=694 mapped_index=516 original_aa=S isoform_aa=R shift=-178 vsp_count=1
[PTM_FAIL] code=VSP_DELETION_EVENT parent_id=Q14155 id=Q14155-6 original_index=1 mapped_index=?
[PTM_FAIL] code=VSP_DELETION_EVENT parent_id=Q14155 id=Q14155-6 original_index=2 mapped_index=?
[PTM_FAIL] code=RESIDUE_MISMATCH parent_id=Q14155 id=Q14155-6 original_index=560 mapped_index=382 original_aa=C isoform_aa=L shift=-178 vsp_count=1
[PTM_FAIL] code=RESIDUE_MISMATCH parent_id=Q14155 id=Q14155-6 original_index=579 mapped_index=401 original_aa=V isoform_aa=T shift=-178 vsp_count=1
[PTM_FAIL] code=RESIDUE_MISMATCH parent_id=Q14155 id=Q14155-6 original_index=645 mapped_index=467 original_aa=K isoform_aa=R shift=-178 vsp_count=1
[PTM_FAIL] code=RESIDUE_MISMATCH parent_id=Q14155 id=Q14155-6 original_index=664 mapped_index=486 original_aa=S isoform_aa=V shift=-178 vsp_count=1
[PTM_FAIL] code=VSP_DELETION_EVENT parent_id=Q14155 id=Q14155-6 original_index=1 mapped_index=?
[PTM_FAIL] code=VSP_DELETION_EVENT parent_id=Q14155 id=Q14155-6 original_index=2 mapped_index=?
[PTM_FAIL] code=RESIDUE_MISMATCH parent_id=Q92974 id=Q92974-2 original_index=353 mapped_index=352 original_aa=K isoform_aa=Y shift=-1 vsp_count=1
[PTM_FAIL] code=RESIDUE_MISMATCH parent_id=Q92974 id=Q92974-2 original_index=645 mapped_index=644 original_aa=S isoform_aa=E shift=-1 vsp_count=1
[PTM_FAIL] code=RESIDUE_MISMATCH parent_id=Q92974 id=Q92974-2 original_index=648 mapped_index=647 original_aa=S isoform_aa=E shift=-1 vsp_count=1
[PTM_FAIL] code=RESIDUE_MISMATCH parent_id=Q92974 id=Q92974-2 original_index=679 mapped_index=678 original_aa=T isoform_aa=L shift=-1 vsp_count=1
[PTM_FAIL] code=RESIDUE_MISMATCH parent_id=Q92974 id=Q92974-2 original_index=691 mapped_index=690 original_aa=S isoform_aa=D shift=-1 vsp_count=1
[PTM_FAIL] code=RESIDUE_MISMATCH parent_id=Q92974 id=Q92974-2 original_index=696 mapped_index=695 original_aa=S isoform_aa=T shift=-1 vsp_count=1
[PTM_FAIL] code=RESIDUE_MISMATCH parent_id=Q92974 id=Q92974-2 original_index=711 mapped_index=710 original_aa=S isoform_aa=G shift=-1 vsp_count=1
[PTM_FAIL] code=RESIDUE_MISMATCH parent_id=Q92974 id=Q92974-2 original_index=782 mapped_index=781 original_aa=S isoform_aa=N shift=-1 vsp_count=1
[PTM_FAIL] code=RESIDUE_MISMATCH parent_id=Q92974 id=Q92974-2 original_index=886 mapped_index=885 original_aa=S isoform_aa=R shift=-1 vsp_count=1
[PTM_FAIL] code=RESIDUE_MISMATCH parent_id=Q92974 id=Q92974-2 original_index=894 mapped_index=893 original_aa=Y isoform_aa=L shift=-1 vsp_count=1
[PTM_FAIL] code=RESIDUE_MISMATCH parent_id=Q92974 id=Q92974-2 original_index=896 mapped_index=895 original_aa=S isoform_aa=L shift=-1 vsp_count=1
[PTM_FAIL] code=RESIDUE_MISMATCH parent_id=Q92974 id=Q92974-2 original_index=932 mapped_index=931 original_aa=S isoform_aa=G shift=-1 vsp_count=1
[PTM_FAIL] code=RESIDUE_MISMATCH parent_id=Q92974 id=Q92974-2 original_index=940 mapped_index=939 original_aa=S isoform_aa=D shift=-1 vsp_count=1
[PTM_FAIL] code=RESIDUE_MISMATCH parent_id=Q92974 id=Q92974-2 original_index=945 mapped_index=944 original_aa=T isoform_aa=D shift=-1 vsp_count=1
[PTM_FAIL] code=RESIDUE_MISMATCH parent_id=Q92974 id=Q92974-2 original_index=947 mapped_index=946 original_aa=S isoform_aa=G shift=-1 vsp_count=1
[PTM_FAIL] code=RESIDUE_MISMATCH parent_id=Q92974 id=Q92974-2 original_index=952 mapped_index=951 original_aa=S isoform_aa=G shift=-1 vsp_count=1
[PTM_FAIL] code=RESIDUE_MISMATCH parent_id=Q92974 id=Q92974-2 original_index=956 mapped_index=955 original_aa=S isoform_aa=L shift=-1 vsp_count=1
[PTM_FAIL] code=RESIDUE_MISMATCH parent_id=Q92974 id=Q92974-2 original_index=960 mapped_index=959 original_aa=S isoform_aa=H shift=-1 vsp_count=1
Wrote Parquet: /Users/filiprumenovski/Code/UniProt_ETL/data/parquet/bench_small.parquet (compressed size: 1.31 MB)
[INFO] Metrics server stopped
[INFO] Report saved to /Users/filiprumenovski/Code/UniProt_ETL/runs/run_20260131_000234/report.yaml

=== ETL Summary ===
Entries parsed:  2277
Batches written: 1
PTMs attempted:  13683
PTMs mapped:     11023
PTMs failed:     2660
Features:        44899
Isoforms:        1879
Time elapsed:    1.02s
Throughput:      2223 entries/sec
Bytes read:      59.67 MB
Bytes written:   1.31 MB
        1.23 real         0.29 user         0.14 sys
            64438272  maximum resident set size
                   0  average shared memory size
                   0  average unshared data size
                   0  average unshared stack size
                4533  page reclaims
                   0  page faults
                   0  swaps
                   0  block input operations
                   0  block output operations
                   0  messages sent
                   0  messages received
                   0  signals received
                 463  voluntary context switches
                6420  involuntary context switches
          3926875178  instructions retired
          1469956197  cycles elapsed
            57524728  peak memory footprint
